brand,official_name,kcal,servings,first_seen,last_seen
7-11,(熱壓土司)八棟花生麻糬,305,,2026-09-26,2026-09-26
7-11,(熱壓土司)厚起司蛋,333,,2026-09-26,2026-09-26
7-11,(熱壓土司)紐奧良風味烤雞,293,,2026-09-26,2026-09-26
7-11,(熱壓土司)里肌肉蛋,287,,2026-09-26,2026-09-26
7-11,(盒)玉米起司蛋餅,288,,2026-09-26,2026-09-26
7-11,(蔬)酸辣湯,78,,2026-09-26,2026-09-26
7-11,21 Plus義式烤雞堅果沙拉,180,,2026-09-26,2026-09-26
7-11,21Plus主廚烤雞時蔬餐,432,,2026-09-26,2026-09-26
7-11,21Plus主廚烤雞沙拉,94,,2026-09-26,2026-09-26
7-11,21Plus剝皮辣椒雞胸肉,163,,2026-09-26,2026-09-26
7-11,21Plus嘉義風味雞肉飯,639,,2026-09-26,2026-09-26
7-11,21Plus地中海風味雞肉麵沙拉,394,,2026-09-26,2026-09-26
7-11,21Plus泰式蒟蒻麵沙拉,57,,2026-09-26,2026-09-26
7-11,21Plus甘梅薯條,209,,2026-09-26,2026-09-26
7-11,21Plus莎莎醬繽紛雞肉冷義麵,346,,2026-09-26,2026-09-26
7-11,21Plus蒜香鹽酥雞,281,,2026-09-26,2026-09-26
7-11,21Plus藜麥毛豆嫩雞丁,161,,2026-09-26,2026-09-26
7-11,21Plus雙色地瓜,208,,2026-09-26,2026-09-26
7-11,21xBEING Fit桃木燻雞胸,120,,2026-09-26,2026-09-26
7-11,21風味館烤雞蔬食盒餐,266,,2026-09-26,2026-09-26
7-11,AB+益菌優格135g,136,,2026-09-26,2026-09-26
7-11,Binggrae香蕉牛奶霜淇淋,151,,2026-09-26,2026-09-26
7-11,Homeal x 壹番屋 奶油咖哩雞肉飯,592,,2026-09-26,2026-09-26
7-11,Homeal x 日式牛丼,497,,2026-09-26,2026-09-26
7-11,Homeal x貳樓烤雞佐青醬義大利麵,529,,2026-09-26,2026-09-26
7-11,Homeal x貳樓雙起司肉醬義大利麵,492,,2026-09-26,2026-09-26
7-11,Homeal x鄧師傅-塔香風味炒花蛤,296,,2026-09-26,2026-09-26
7-11,Homeal x鄧師傅-客家小炒,310,,2026-09-26,2026-09-26
7-11,Homeal x鄧師傅-鳳梨糖醋肉,408,,2026-09-26,2026-09-26
7-11,Homeal 奶香起司烤雞筆管麵,569,,2026-09-26,2026-09-26
7-11,LADEARS北海道生乳捲,198,,2026-09-26,2026-09-26
7-11,LADEARS經典檸檬塔,256,,2026-09-26,2026-09-26
7-11,LaDears提拉米蘇蛋糕杯,197,,2026-09-26,2026-09-26
7-11,LaDears榛果脆脆可麗捲,287,,2026-09-26,2026-09-26
7-11,LaDears法式乳酪塔,202,,2026-09-26,2026-09-26
7-11,LaDears焦糖布蕾馬卡龍,136,,2026-09-26,2026-09-26
7-11,LaDears焦糖海鹽達克瓦茲,117,,2026-09-26,2026-09-26
7-11,LaDears芋泥波士頓派,177,,2026-09-26,2026-09-26
7-11,LaDears芋泥生乳捲,188,,2026-09-26,2026-09-26
7-11,LaDears草莓黑森林蛋糕,294,,2026-09-26,2026-09-26
7-11,Marinfood煙燻乾酪,170,,2026-09-26,2026-09-26
7-11,OPEN!蘋果吸凍飲PP220,165,,2026-09-26,2026-09-26
7-11,OPEN!雙葡萄吸凍飲PP220,148,,2026-09-26,2026-09-26
7-11,SAY CHEESE培根筆管麵,733,,2026-09-26,2026-09-26
7-11,Semeur冠軍蛋黃酥,286,,2026-09-26,2026-09-26
7-11,Simple Fit黃金玉米棒,167,,2026-09-26,2026-09-26
7-11,TOMMI櫻花蝦油飯堡,304,,2026-09-26,2026-09-26
7-11,The Smurfs 藍莓戚風夾心蛋糕,91,,2026-09-26,2026-09-26
7-11,一日野菜-八種蔬菜溫沙拉,101,,2026-09-26,2026-09-26
7-11,一日野菜-和風海藻,32,,2026-09-26,2026-09-26
7-11,一日野菜-活力彩蔬,96,,2026-09-26,2026-09-26
7-11,一日野菜-海藻沙拉,36,,2026-09-26,2026-09-26
7-11,一日野菜-農夫十蔬,89,,2026-09-26,2026-09-26
7-11,一甲子餐飲經典台式碗粿,239,,2026-09-26,2026-09-26
7-11,一鍋燒-滑蛋嫩雞親子丼,613,,2026-09-26,2026-09-26
7-11,三起司熱狗,212,,2026-09-26,2026-09-26
7-11,上口美食清蒸筍香肉圓,331,,2026-09-26,2026-09-26
7-11,不知火橘霜淇淋,165,,2026-09-26,2026-09-26
7-11,中華油豆腐,60,,2026-09-26,2026-09-26
7-11,中華豆花(水果風味),90,,2026-09-26,2026-09-26
7-11,丸龜照燒雞炊飯,465,,2026-09-26,2026-09-26
7-11,丹麥紅豆土司,354,,2026-09-26,2026-09-26
7-11,丹麥紅豆麻糬,319,,2026-09-26,2026-09-26
7-11,丹麥起司火腿,396,,2026-09-26,2026-09-26
7-11,丹麥鮪魚起司,357,,2026-09-26,2026-09-26
7-11,乖乖-奶油椰子堡,382,,2026-09-26,2026-09-26
7-11,乖乖-香濃巧克力雷仔捲,283,,2026-09-26,2026-09-26
7-11,乖乖奶油椰子霜淇淋,156,,2026-09-26,2026-09-26
7-11,乾杯炭火燒肉包,263,,2026-09-26,2026-09-26
7-11,亨氏番茄醬爆汁熱狗,190,,2026-09-26,2026-09-26
7-11,什蔬滷味,291,,2026-09-26,2026-09-26
7-11,傳說-巨大巧克力雙餡蛋糕捲,222,,2026-09-26,2026-09-26
7-11,優菓甜坊仙草凍,138,,2026-09-26,2026-09-26
7-11,優菓甜坊可可玉米片鮮奶酪,161,,2026-09-26,2026-09-26
7-11,優菓甜坊摩摩喳喳甜湯,250,,2026-09-26,2026-09-26
7-11,優菓甜坊椰香紫芋露,235,,2026-09-26,2026-09-26
7-11,優菓甜坊紅豆紫米湯,263,,2026-09-26,2026-09-26
7-11,優菓甜坊蒟蒻薏仁綠豆湯,208,,2026-09-26,2026-09-26
7-11,優菓甜坊醇厚熟布丁,208,,2026-09-26,2026-09-26
7-11,優菓甜坊銀耳蓮子湯,142,,2026-09-26,2026-09-26
7-11,優菓甜坊黑糖豆花,165,,2026-09-26,2026-09-26
7-11,光泉森林莓果雙格優酪,135,,2026-09-26,2026-09-26
7-11,光泉正庄杏仁豆腐,83,,2026-09-26,2026-09-26
7-11,光泉百香蜜桃雙格優酪,145,,2026-09-26,2026-09-26
7-11,光泉純乳優酪,84,,2026-09-26,2026-09-26
7-11,八棟圓仔湯 花生薏仁湯,273,,2026-09-26,2026-09-26
7-11,凱薩風味嫩雞鮮蔬捲餅,171,,2026-09-26,2026-09-26
7-11,加點蜜桃風味霜淇淋,246,,2026-09-26,2026-09-26
7-11,北海道秋鮭鮪魚雙手卷,364,,2026-09-26,2026-09-26
7-11,北海道蕎麥風味沾麵,336,,2026-09-26,2026-09-26
7-11,十三香烤雞翅,232,,2026-09-26,2026-09-26
7-11,千島醬,122,,2026-09-26,2026-09-26
7-11,半熟玉子辣擔擔義大利麵,573,,2026-09-26,2026-09-26
7-11,博多明太子冷烏龍麵,375,,2026-09-26,2026-09-26
7-11,博客海鹽嫩雞胸,99,,2026-09-26,2026-09-26
7-11,厚燒玉子,164,,2026-09-26,2026-09-26
7-11,厚起司蛋,333,,2026-09-26,2026-09-26
7-11,原之果實小蜜柑鮮果凍,204,,2026-09-26,2026-09-26
7-11,原味豬肉貢丸,85,,2026-09-26,2026-09-26
7-11,原味香腸,265,,2026-09-26,2026-09-26
7-11,及第豬肉熟水餃,430,,2026-09-26,2026-09-26
7-11,可口紅燒牛肉麵,610,,2026-09-26,2026-09-26
7-11,可爾必思水蜜桃霜淇淋,172,,2026-09-26,2026-09-26
7-11,可爾必思牛奶霜淇淋,160,,2026-09-26,2026-09-26
7-11,台式馬卡龍,170,,2026-09-26,2026-09-26
7-11,台灣黑輪,103,,2026-09-26,2026-09-26
7-11,台畜煙燻豬肝100g,146,,2026-09-26,2026-09-26
7-11,台鐵梅干扣肉握便當,416,,2026-09-26,2026-09-26
7-11,吉伊卡哇草莓卡士達麻糬泡芙,106,,2026-09-26,2026-09-26
7-11,吉士豬肉堡加蛋,261,,2026-09-26,2026-09-26
7-11,吳寶春-抹茶紅豆麻糬麵包,389,,2026-09-26,2026-09-26
7-11,吳寶春芒果奶酪,188,,2026-09-26,2026-09-26
7-11,吳寶春雞蛋布丁,174,,2026-09-26,2026-09-26
7-11,味鼎爆漿起司大飯糰,809,,2026-09-26,2026-09-26
7-11,和風胡麻醬,171,,2026-09-26,2026-09-26
7-11,哇沙米秋鮭飯糰,198,,2026-09-26,2026-09-26
7-11,圓山-寶山黑糖手撕包,264,,2026-09-26,2026-09-26
7-11,地瓜燒,104,,2026-09-26,2026-09-26
7-11,塔香杏鮑菇飯糰,215,,2026-09-26,2026-09-26
7-11,增雞蛋白餐,595,,2026-09-26,2026-09-26
7-11,壹番屋-炸雞起司咖哩飯糰,266,,2026-09-26,2026-09-26
7-11,壹番屋-豬排咖哩蛋包飯,770,,2026-09-26,2026-09-26
7-11,夏日芒芒芒果風味霜淇淋,199,,2026-09-26,2026-09-26
7-11,夢甜屋北海道霜淇淋風味Q皮鬆餅,165,,2026-09-26,2026-09-26
7-11,夢甜屋紅豆鮮奶油雙餡銅鑼燒,207,,2026-09-26,2026-09-26
7-11,大亨堡麵包,177,,2026-09-26,2026-09-26
7-11,大腸肉羹麵線,209,,2026-09-26,2026-09-26
7-11,太和殿-藤椒風味烤雞拌麵(辣),483,,2026-09-26,2026-09-26
7-11,奮起湖秘製雙拼握便當,419,,2026-09-26,2026-09-26
7-11,奶油蛋黃醬培根義大利麵,579,,2026-09-26,2026-09-26
7-11,好時-巧克力麻糬軟餅乾,294,,2026-09-26,2026-09-26
7-11,好時-巧克力麻糬麵包,543,,2026-09-26,2026-09-26
7-11,如記真空綠竹筍,28,,2026-09-26,2026-09-26
7-11,嫩雞毛豆炊飯飯糰(圓),187,,2026-09-26,2026-09-26
7-11,完熟番茄蔬菜湯,166,,2026-09-26,2026-09-26
7-11,宗家府泡菜80g,100,,2026-09-26,2026-09-26
7-11,富錦樹-剝皮辣椒雞燴飯,605,,2026-09-26,2026-09-26
7-11,小小樹食松露蕈菇燉飯,598,,2026-09-26,2026-09-26
7-11,左營劉家酸菜白肉冬粉,163,,2026-09-26,2026-09-26
7-11,巧克力霜淇淋,185,,2026-09-26,2026-09-26
7-11,布丁霜淇淋,172,,2026-09-26,2026-09-26
7-11,帕泰家-泰式綠咖哩嫩雞飯(辣),668,,2026-09-26,2026-09-26
7-11,弘揚植物肉青花椒熟水餃,206,,2026-09-26,2026-09-26
7-11,弘陽-植物肉玉米熟水餃,210,,2026-09-26,2026-09-26
7-11,御料小館 x SN-炸裂椒麻腿,390,,2026-09-26,2026-09-26
7-11,御料小館 x SN-美式BBQ烤雞翅,272,,2026-09-26,2026-09-26
7-11,御料小館X世界的山將夢幻雞翅,181,,2026-09-26,2026-09-26
7-11,御料小館X艋舺雞排-爆汁嫩雞,242,,2026-09-26,2026-09-26
7-11,御料小館x世界的山將夢幻唐揚雞,332,,2026-09-26,2026-09-26
7-11,御料小館x膳馨 無骨秘製排骨酥,242,,2026-09-26,2026-09-26
7-11,御料小館x膳馨 蜜汁醬燒雞排,347,,2026-09-26,2026-09-26
7-11,御料小館原味嫩雞塊,243,,2026-09-26,2026-09-26
7-11,御料小館奶油培根義大利麵,350,,2026-09-26,2026-09-26
7-11,御料小館招牌水煎包,457,,2026-09-26,2026-09-26
7-11,御料小館招牌水餃,376,,2026-09-26,2026-09-26
7-11,御料小館日式照燒雞肉丸,276,,2026-09-26,2026-09-26
7-11,御料小館椒鹽鹽酥雞,281,,2026-09-26,2026-09-26
7-11,御料小館沙茶豬肉蛋炒飯,413,,2026-09-26,2026-09-26
7-11,御料小館泰式打拋豬炒飯,349,,2026-09-26,2026-09-26
7-11,御料小館火腿肉絲黃金蛋炒飯,479,,2026-09-26,2026-09-26
7-11,御料小館玉米豬肉水餃,294,,2026-09-26,2026-09-26
7-11,御料小館秘製滷雞翅,213,,2026-09-26,2026-09-26
7-11,御料小館美式經典紐奧良烤雞翅,292,,2026-09-26,2026-09-26
7-11,御料小館豆乳雞,248,,2026-09-26,2026-09-26
7-11,御料小館辣味雞柳條,188,,2026-09-26,2026-09-26
7-11,御料小館青醬蛤蜊義大利麵,327,,2026-09-26,2026-09-26
7-11,御料小館韓式泡菜鍋貼,402,,2026-09-26,2026-09-26
7-11,御料小館韓風洋釀炸雞,201,,2026-09-26,2026-09-26
7-11,御料小館韓風甜辣醬炸雞,284,,2026-09-26,2026-09-26
7-11,御料小館香辣炸雞球,245,,2026-09-26,2026-09-26
7-11,御料小館鮮肉鍋貼,412,,2026-09-26,2026-09-26
7-11,御選肉鬆飯糰,248,,2026-09-26,2026-09-26
7-11,恩美萊手撕起司棒,85,,2026-09-26,2026-09-26
7-11,恩美萊紅切達起司棒,113,,2026-09-26,2026-09-26
7-11,愛樂薇水果優格-草莓,113,,2026-09-26,2026-09-26
7-11,愛樂薇水果優格-藍莓,119,,2026-09-26,2026-09-26
7-11,愛餡大亨-煉乳牛奶,293,,2026-09-26,2026-09-26
7-11,愛餡大亨-爆漿卡士達脆糖菠蘿,345,,2026-09-26,2026-09-26
7-11,手工高麗菜捲,40,,2026-09-26,2026-09-26
7-11,手撕嫩雞青醬麵沙拉,170,,2026-09-26,2026-09-26
7-11,抹茶紅豆土司,210,,2026-09-26,2026-09-26
7-11,提拉米蘇 QQ 蛋糕捲,233,,2026-09-26,2026-09-26
7-11,握便當-乾杯炭火燒肉,525,,2026-09-26,2026-09-26
7-11,握便當-黑胡椒烤雞,334,,2026-09-26,2026-09-26
7-11,擔擔胡麻冷麵,500,,2026-09-26,2026-09-26
7-11,新感覺花生夾心,297,,2026-09-26,2026-09-26
7-11,新感覺雙重巧克力夾心,263,,2026-09-26,2026-09-26
7-11,新感覺鮪魚沙拉,211,,2026-09-26,2026-09-26
7-11,新手工高麗菜捲,40,,2026-09-26,2026-09-26
7-11,新極上飯糰-明太子鮭魚,228,,2026-09-26,2026-09-26
7-11,新極上飯糰-炙烤鮭魚腹,184,,2026-09-26,2026-09-26
7-11,新極上飯糰-炙燒明太子鮭魚,195,,2026-09-26,2026-09-26
7-11,新極上飯糰-炭烤銀鮭,190,,2026-09-26,2026-09-26
7-11,新極上飯糰-煙燻銀鮭,221,,2026-09-26,2026-09-26
7-11,新極上飯糰-蔥鹽生鮭,196,,2026-09-26,2026-09-26
7-11,新極上飯糰-鮭魚鮭魚卵,220,,2026-09-26,2026-09-26
7-11,新極大飯糰-炙燒蔥鹽牛肉,256,,2026-09-26,2026-09-26
7-11,旗魚黑輪,63,,2026-09-26,2026-09-26
7-11,日式佛蒙特咖哩雞肉飯,795,,2026-09-26,2026-09-26
7-11,日式半熟蛋,63,,2026-09-26,2026-09-26
7-11,日式碳烤風味熱狗,203,,2026-09-26,2026-09-26
7-11,日式豆皮蕎麥風味冷麵,387,,2026-09-26,2026-09-26
7-11,日式雞肉丸,83,,2026-09-26,2026-09-26
7-11,日式雪花牛丼,669,,2026-09-26,2026-09-26
7-11,日式飛龍頭(魚板),48,,2026-09-26,2026-09-26
7-11,日式鹽醬豆腐,129,,2026-09-26,2026-09-26
7-11,日式麻糬泡芙,140,,2026-09-26,2026-09-26
7-11,日本一正炸魚餅,42,,2026-09-26,2026-09-26
7-11,日本一正野燒竹輪,51,,2026-09-26,2026-09-26
7-11,日東紅茶焙茶歐蕾霜淇淋,221,,2026-09-26,2026-09-26
7-11,日東紅茶皇家奶茶霜淇淋,176,,2026-09-26,2026-09-26
7-11,昂舒巴黎卡士達奶霜生甜甜圈,343,,2026-09-26,2026-09-26
7-11,昂舒巴黎卡士達雙餡泡芙,156,,2026-09-26,2026-09-26
7-11,昂舒巴黎提拉米蘇,198,,2026-09-26,2026-09-26
7-11,昂舒巴黎提拉米蘇覆盆莓口味,181,,2026-09-26,2026-09-26
7-11,昂舒巴黎焦糖生甜甜圈,288,,2026-09-26,2026-09-26
7-11,星宇握便當-明太子火腿厚蛋,379,,2026-09-26,2026-09-26
7-11,星宇航空-雙醬雞排咖哩飯,764,,2026-09-26,2026-09-26
7-11,星級饗宴-麻油雞飯糰,354,,2026-09-26,2026-09-26
7-11,星級饗宴X晶華-碧玉鮮蝦餃,224,,2026-09-26,2026-09-26
7-11,星級饗宴x晶華法式牛肉丸焗烤飯,379,,2026-09-26,2026-09-26
7-11,春上方塊戚風杯(北海道奶霜),296,,2026-09-26,2026-09-26
7-11,晨光GOLD巧克力生土司,255,,2026-09-26,2026-09-26
7-11,晨光厚奶酥土司,722,,2026-09-26,2026-09-26
7-11,晶典小品-咖啡凍,92,,2026-09-26,2026-09-26
7-11,晶典小品-茉莉茶凍,86,,2026-09-26,2026-09-26
7-11,晶英-港式醬燜牛肉燴飯,488,,2026-09-26,2026-09-26
7-11,晶英-起司火腿雙餡土司,335,,2026-09-26,2026-09-26
7-11,晶英酒店奶凍蜜瓜包,258,,2026-09-26,2026-09-26
7-11,晶英酒店糖霜檸檬蛋糕棒,112,,2026-09-26,2026-09-26
7-11,晶華-四起司香草烤雞握便當,414,,2026-09-26,2026-09-26
7-11,晶華-府城肉燥厚切排骨飯,696,,2026-09-26,2026-09-26
7-11,晶華-港式油雞臘味飯,541,,2026-09-26,2026-09-26
7-11,晶華-金黃魚子燒賣,271,,2026-09-26,2026-09-26
7-11,晶華壽喜燒牛肉新極大飯糰,289,,2026-09-26,2026-09-26
7-11,晶華法式千層派,412,,2026-09-26,2026-09-26
7-11,晶華紐奧良風味烤雞堡,332,,2026-09-26,2026-09-26
7-11,杏鮑菇,14,,2026-09-26,2026-09-26
7-11,杜拜巧克力千層蛋糕,243,,2026-09-26,2026-09-26
7-11,杜拜巧克力大福,172,,2026-09-26,2026-09-26
7-11,松珍素花枝丸,133,,2026-09-26,2026-09-26
7-11,松珍素鮮嫩炸雞塊,200,,2026-09-26,2026-09-26
7-11,松稜糖燻雞翅,238,,2026-09-26,2026-09-26
7-11,林聰明-雞肉飯飯糰,226,,2026-09-26,2026-09-26
7-11,桂冠素三杯炒飯,620,,2026-09-26,2026-09-26
7-11,桂冠黃金魚蛋,32,,2026-09-26,2026-09-26
7-11,植物的優芒果蜜桃優格,202,,2026-09-26,2026-09-26
7-11,椒鹽無骨排骨酥,354,,2026-09-26,2026-09-26
7-11,椒鹽蔬食香雞排,436,,2026-09-26,2026-09-26
7-11,椒麻辣味熱狗,217,,2026-09-26,2026-09-26
7-11,極濃生乳布丁,153,,2026-09-26,2026-09-26
7-11,極饗-台灣鯛西魯肉燴飯,603,,2026-09-26,2026-09-26
7-11,極饗-四川風味麻辣豆腐飯,655,,2026-09-26,2026-09-26
7-11,極饗-府城鹽水風味意麵,586,,2026-09-26,2026-09-26
7-11,極饗-沙茶豬肉燴飯,684,,2026-09-26,2026-09-26
7-11,極饗-滑蛋牛肉燴飯,580,,2026-09-26,2026-09-26
7-11,極饗-炸豬排炒飯,807,,2026-09-26,2026-09-26
7-11,極饗-紅燒牛雙寶燴飯,574,,2026-09-26,2026-09-26
7-11,極饗-維力炸醬巧克力拌麵,660,,2026-09-26,2026-09-26
7-11,極饗-蒜蓉蝦拌麵,453,,2026-09-26,2026-09-26
7-11,極饗-蔥爆沙茶牛肉炒麵,571,,2026-09-26,2026-09-26
7-11,極饗-蕃茄蛋湯麵,463,,2026-09-26,2026-09-26
7-11,極饗-豪華秘製雙拼餐盒,715,,2026-09-26,2026-09-26
7-11,極饗-香腸雙拼便當,701,,2026-09-26,2026-09-26
7-11,極饗-馬上大吉(雞) 腿便當,701,,2026-09-26,2026-09-26
7-11,橙香雪貝霜淇淋,165,,2026-09-26,2026-09-26
7-11,檸檬鮪魚冷義大利麵,494,,2026-09-26,2026-09-26
7-11,櫸木燻雞飯糰,215,,2026-09-26,2026-09-26
7-11,歐姆蛋包飯,498,,2026-09-26,2026-09-26
7-11,歐姆蛋牛肉咖哩飯,666,,2026-09-26,2026-09-26
7-11,水牛城風味香辣雞翅,209,,2026-09-26,2026-09-26
7-11,水蜜桃牛奶霜淇淋,179,,2026-09-26,2026-09-26
7-11,永心鳳茶剝皮辣椒燉雞盅,130,,2026-09-26,2026-09-26
7-11,油香椒麻蒟蒻(全素),170,,2026-09-26,2026-09-26
7-11,法式香頌,326,,2026-09-26,2026-09-26
7-11,法蘭希迷你布里乾酪,67,,2026-09-26,2026-09-26
7-11,波隆那風植物肉醬義大利麵,481,,2026-09-26,2026-09-26
7-11,泰濃郁！奶茶風味霜淇淋,172,,2026-09-26,2026-09-26
7-11,海鮮蛋白棒,84,,2026-09-26,2026-09-26
7-11,海鮮青醬焗飯,490,,2026-09-26,2026-09-26
7-11,海鹽蜂蜜牛奶霜淇淋,191,,2026-09-26,2026-09-26
7-11,涓豆腐泡菜冬粉,155,,2026-09-26,2026-09-26
7-11,溏心蛋紐奧良風味烤雞三明治,235,,2026-09-26,2026-09-26
7-11,滷味香蔥肉丸,84,,2026-09-26,2026-09-26
7-11,滷豬血,14,,2026-09-26,2026-09-26
7-11,滷鼎記香滷鵪鶉蛋,176,,2026-09-26,2026-09-26
7-11,滿漢大餐酸菜牛肉拌麵,546,,2026-09-26,2026-09-26
7-11,滿漢小香腸_青花椒,221,,2026-09-26,2026-09-26
7-11,潮粵坊 楊枝甘露,166,,2026-09-26,2026-09-26
7-11,潮粵坊-爆炒豚肉,579,,2026-09-26,2026-09-26
7-11,火腿醬香炒飯,645,,2026-09-26,2026-09-26
7-11,炊肉圓,221,,2026-09-26,2026-09-26
7-11,炙烤鹽蔥燒肉飯糰,191,,2026-09-26,2026-09-26
7-11,炙燒明太子鮭魚飯糰,185,,2026-09-26,2026-09-26
7-11,炙燒雞胸肉,48,,2026-09-26,2026-09-26
7-11,炭火燒肉飯糰,179,,2026-09-26,2026-09-26
7-11,炸彈菠蘿葡萄奶酥,466,,2026-09-26,2026-09-26
7-11,烘蛋植肉堡,426,,2026-09-26,2026-09-26
7-11,烤雞奶香焗飯,642,,2026-09-26,2026-09-26
7-11,焗烤奶油蝦仁通心粉,532,,2026-09-26,2026-09-26
7-11,無框架甜點-金沙雪椪,212,,2026-09-26,2026-09-26
7-11,焦糖海鹽小可頌,241,,2026-09-26,2026-09-26
7-11,煙燻鮭魚、帆立貝沙拉,89,,2026-09-26,2026-09-26
7-11,煙燻鮭魚冷麵,514,,2026-09-26,2026-09-26
7-11,燻腸紅醬義大利麵,684,,2026-09-26,2026-09-26
7-11,爆汁新星腸,97,,2026-09-26,2026-09-26
7-11,爆汁起司熱狗,200,,2026-09-26,2026-09-26
7-11,爆漿起司,313,,2026-09-26,2026-09-26
7-11,爆漿起司燻腸飯卷,488,,2026-09-26,2026-09-26
7-11,爆炒滷雞胗,173,,2026-09-26,2026-09-26
7-11,爆蛋流心豬肉堡,461,,2026-09-26,2026-09-26
7-11,爪哇咖哩豬肉飯,553,,2026-09-26,2026-09-26
7-11,牛角-炙燒雙拼便當,614,,2026-09-26,2026-09-26
7-11,獨饗三起司蔥抓餅,494,,2026-09-26,2026-09-26
7-11,獨饗薄皮黃金煎餃,276,,2026-09-26,2026-09-26
7-11,玫瑰鹽濃焦糖霜淇淋,186,,2026-09-26,2026-09-26
7-11,瑞穗鮮乳土司PREMIUM,286,,2026-09-26,2026-09-26
7-11,瑪格麗特筆管麵,632,,2026-09-26,2026-09-26
7-11,甘王草莓卡士達霜淇淋,174,,2026-09-26,2026-09-26
7-11,甘納豆芋泥平燒,286,,2026-09-26,2026-09-26
7-11,甜玉米,76,,2026-09-26,2026-09-26
7-11,甜鹽蜜語牛奶霜淇淋,191,,2026-09-26,2026-09-26
7-11,生乳烤布丁,191,,2026-09-26,2026-09-26
7-11,白蘿蔔,8,,2026-09-26,2026-09-26
7-11,盛香珍完熟芒果鮮果凍,183,,2026-09-26,2026-09-26
7-11,真飽雙醬義大利麵,767,,2026-09-26,2026-09-26
7-11,石安牧場剝皮辣椒茶碗蒸,94,,2026-09-26,2026-09-26
7-11,石安牧場椒麻溫泉蛋,106,,2026-09-26,2026-09-26
7-11,石安牧場溏心蛋飯糰,168,,2026-09-26,2026-09-26
7-11,石安牧場溫泉蛋(2入),106,,2026-09-26,2026-09-26
7-11,石安牧場蔬食茶碗蒸,98,,2026-09-26,2026-09-26
7-11,石安牧場香滷蛋白丁,33,,2026-09-26,2026-09-26
7-11,祥和塔香香鬆飯糰,230,,2026-09-26,2026-09-26
7-11,福樂Q果草莓覆盆莓優酪,111,,2026-09-26,2026-09-26
7-11,福樂Q果蘋果蔓越莓優酪135g,108,,2026-09-26,2026-09-26
7-11,福樂燕麥草莓優酪150g,133,,2026-09-26,2026-09-26
7-11,福樂超能蛋白無加糖優酪,113,,2026-09-26,2026-09-26
7-11,福樂超能蛋白百香果優酪,113,,2026-09-26,2026-09-26
7-11,章魚燒串,49,,2026-09-26,2026-09-26
7-11,竹葉堂黑糖蕨餅,275,,2026-09-26,2026-09-26
7-11,筊白筍,6,,2026-09-26,2026-09-26
7-11,筒仔米糕,207,,2026-09-26,2026-09-26
7-11,米血糕,129,,2026-09-26,2026-09-26
7-11,米香-三杯雞燴飯,700,,2026-09-26,2026-09-26
7-11,米香-催淚蛋親子丼飯,636,,2026-09-26,2026-09-26
7-11,米香-蟹黃蝦仁豆腐煲燴飯,627,,2026-09-26,2026-09-26
7-11,米香-蟹黃豆腐煲燴飯,627,,2026-09-26,2026-09-26
7-11,粥天子-廣式皮蛋瘦肉煲粥,301,,2026-09-26,2026-09-26
7-11,粥天子-田園雞蓉玉米粥,261,,2026-09-26,2026-09-26
7-11,粥天子-白粥,152,,2026-09-26,2026-09-26
7-11,粥天子-阿發師香菇雞肉粥,234,,2026-09-26,2026-09-26
7-11,糯米腸,249,,2026-09-26,2026-09-26
7-11,紅燒牛雙寶燴飯,574,,2026-09-26,2026-09-26
7-11,紐奧良風味烤雞,323,,2026-09-26,2026-09-26
7-11,紐奧良風味烤雞蔬菜捲,280,,2026-09-26,2026-09-26
7-11,紐約客辣味熱狗,403,,2026-09-26,2026-09-26
7-11,統一布丁(焦糖出走咘布),111,,2026-09-26,2026-09-26
7-11,統一木瓜牛乳霜淇淋,166,,2026-09-26,2026-09-26
7-11,統一麵包椰香葡萄,356,,2026-09-26,2026-09-26
7-11,統一麵包濃醇巧克力派司,396,,2026-09-26,2026-09-26
7-11,統一麵包糖蜜香紅豆麵包,303,,2026-09-26,2026-09-26
7-11,統一麵包菱格香菠蘿,413,,2026-09-26,2026-09-26
7-11,統一麵包鹽奶油厚菠蘿,477,,2026-09-26,2026-09-26
7-11,統一麵包鹽奶油捲,277,,2026-09-26,2026-09-26
7-11,綠竹筍,8,,2026-09-26,2026-09-26
7-11,線條小狗布丁大福,108,,2026-09-26,2026-09-26
7-11,線條小狗草莓優格愛心馬卡龍,129,,2026-09-26,2026-09-26
7-11,繽紛鮮蔬烤雞便當,353,,2026-09-26,2026-09-26
7-11,美式原味熱狗,204,,2026-09-26,2026-09-26
7-11,義式蕃茄肉醬義大利麵,609,,2026-09-26,2026-09-26
7-11,義美牛奶霜淇淋,248,,2026-09-26,2026-09-26
7-11,翠玉娃娃菜,6,,2026-09-26,2026-09-26
7-11,肉絲黃金蛋炒飯,616,,2026-09-26,2026-09-26
7-11,肉鬆海苔新極大壽司,440,,2026-09-26,2026-09-26
7-11,肉鬆火腿蛋三明治,269,,2026-09-26,2026-09-26
7-11,肉鬆玉子新極大飯糰,311,,2026-09-26,2026-09-26
7-11,胡椒餅風味,230,,2026-09-26,2026-09-26
7-11,膳馨原盅厚菇燉雞湯,138,,2026-09-26,2026-09-26
7-11,膳馨綠竹筍排骨湯,103,,2026-09-26,2026-09-26
7-11,芋粿巧,189,,2026-09-26,2026-09-26
7-11,芋頭排骨酥湯,207,,2026-09-26,2026-09-26
7-11,芋頭牛奶霜淇淋,155,,2026-09-26,2026-09-26
7-11,芋香牛奶霜淇淋,155,,2026-09-26,2026-09-26
7-11,芙菲小圓餅-經典原味,340,,2026-09-26,2026-09-26
7-11,芝麻千層酥,258,,2026-09-26,2026-09-26
7-11,芝麻葉海鮮佐義式油醋沙拉,139,,2026-09-26,2026-09-26
7-11,花枝丸,61,,2026-09-26,2026-09-26
7-11,花生粉米血糕,206,,2026-09-26,2026-09-26
7-11,草莓果泥麵包,247,,2026-09-26,2026-09-26
7-11,草莓開運霜饗霜淇淋,290,,2026-09-26,2026-09-26
7-11,華昇飛魚卵海鮮卷,46,,2026-09-26,2026-09-26
7-11,蒜香油封蝦義大利麵,482,,2026-09-26,2026-09-26
7-11,蒸手工高麗菜捲,57,,2026-09-26,2026-09-26
7-11,蔥鹽增雞蛋白麵,463,,2026-09-26,2026-09-26
7-11,蔥鹽烤雞蔬食便當,373,,2026-09-26,2026-09-26
7-11,蔬果和風醬,28,,2026-09-26,2026-09-26
7-11,藍莓丹麥,361,,2026-09-26,2026-09-26
7-11,藍莓乳酪三明治,175,,2026-09-26,2026-09-26
7-11,藍莓起司霜淇淋,192,,2026-09-26,2026-09-26
7-11,藍鑽蝦舒肥嫩雞沙拉,128,,2026-09-26,2026-09-26
7-11,蘿蔔糕,152,,2026-09-26,2026-09-26
7-11,虱目魚丸,82,,2026-09-26,2026-09-26
7-11,蛋白力量-濃醇可可,390,,2026-09-26,2026-09-26
7-11,蛋黃奶香麵包,310,,2026-09-26,2026-09-26
7-11,蜂蜜奶霜Q鬆餅,285,,2026-09-26,2026-09-26
7-11,蜂蜜柚子霜淇淋,190,,2026-09-26,2026-09-26
7-11,蜜桃風味霜淇淋,200,,2026-09-26,2026-09-26
7-11,蝦仁白醬焗烤飯,567,,2026-09-26,2026-09-26
7-11,豆酥烤魚鮮蔬餐盒,418,,2026-09-26,2026-09-26
7-11,貓福珊迪草莓派,167,,2026-09-26,2026-09-26
7-11,貝洛邦核桃多穀物,461,,2026-09-26,2026-09-26
7-11,貝洛邦法式經典可頌,271,,2026-09-26,2026-09-26
7-11,起司四重奏熱狗堡,453,,2026-09-26,2026-09-26
7-11,輕滷時蔬,43,,2026-09-26,2026-09-26
7-11,這不是滷肉飯,406,,2026-09-26,2026-09-26
7-11,酷黑岩鹽牛奶糖風味霜淇淋,202,,2026-09-26,2026-09-26
7-11,酷黑岩鹽牛奶糖風味霜淇淋(脆餅),223,,2026-09-26,2026-09-26
7-11,醬燒炙烤牛,235,,2026-09-26,2026-09-26
7-11,里肌肉蛋,287,,2026-09-26,2026-09-26
7-11,重量級-奶油手撕餐包,397,,2026-09-26,2026-09-26
7-11,重量級-雞蛋牛奶棒,446,,2026-09-26,2026-09-26
7-11,野生藍莓貝果,290,,2026-09-26,2026-09-26
7-11,野菜豆腐棒,72,,2026-09-26,2026-09-26
7-11,金桃家月見芋泥金沙大福,149,,2026-09-26,2026-09-26
7-11,金沙海鮮丸,56,,2026-09-26,2026-09-26
7-11,金沙烤豆腐義大利麵,600,,2026-09-26,2026-09-26
7-11,金黃蝦仁餅,70,,2026-09-26,2026-09-26
7-11,開心果千層塔,194,,2026-09-26,2026-09-26
7-11,開心果奶霜脆糖菠蘿,326,,2026-09-26,2026-09-26
7-11,開心果霜淇淋,191,,2026-09-26,2026-09-26
7-11,關東煮春雨,108,,2026-09-26,2026-09-26
7-11,關東煮科學麵,188,,2026-09-26,2026-09-26
7-11,阜杭豆漿-經典飯糰,469,,2026-09-26,2026-09-26
7-11,阜杭豆漿-蔥蛋厚燒餅,406,,2026-09-26,2026-09-26
7-11,阜杭豆漿-里肌肉蛋紫米飯糰,422,,2026-09-26,2026-09-26
7-11,阿桐阿寶四神湯,114,,2026-09-26,2026-09-26
7-11,陽明春天南洋咖哩燴飯,653,,2026-09-26,2026-09-26
7-11,陽明春天古早味香菇竹筍粥,189,,2026-09-26,2026-09-26
7-11,陽明春天菇菇毛豆飯糰,202,,2026-09-26,2026-09-26
7-11,陽明春天野菇炊飯飯糰,213,,2026-09-26,2026-09-26
7-11,陽明春天香辣豆腐拌麵,470,,2026-09-26,2026-09-26
7-11,雙拼起司紅醬焗飯,684,,2026-09-26,2026-09-26
7-11,雙蔬鮪魚飯糰,221,,2026-09-26,2026-09-26
7-11,雞肉蛋白棒-黑胡椒風味,163,,2026-09-26,2026-09-26
7-11,青醬蛤蠣義大利麵,666,,2026-09-26,2026-09-26
7-11,韓國KIM新鮮藍莓蒟蒻吸凍飲,6,,2026-09-26,2026-09-26
7-11,韓國延世大學原味生乳包105g,337,,2026-09-26,2026-09-26
7-11,韓國延世大學提拉米蘇風味生乳包,474,,2026-09-26,2026-09-26
7-11,韓國魚板串,88,,2026-09-26,2026-09-26
7-11,韓式泡菜冷烏龍麵,360,,2026-09-26,2026-09-26
7-11,韓式炸雞起司丼,700,,2026-09-26,2026-09-26
7-11,韓式雜菜冬粉,198,,2026-09-26,2026-09-26
7-11,順天本草輕點龜苓膏-蜂蜜,64,,2026-09-26,2026-09-26
7-11,頌丹樂-泰式打拋豬肉飯,575,,2026-09-26,2026-09-26
7-11,頌丹樂-泰式酸辣雞腿冷麵,369,,2026-09-26,2026-09-26
7-11,頌丹樂-遇見泰式打拋雞拌麵,568,,2026-09-26,2026-09-26
7-11,頌丹樂泰奶提拉米蘇,185,,2026-09-26,2026-09-26
7-11,香檳葡萄霜淇淋,173,,2026-09-26,2026-09-26
7-11,香滷翅小腿,71,,2026-09-26,2026-09-26
7-11,香炸豬排歐姆蛋咖哩飯,727,,2026-09-26,2026-09-26
7-11,香甜玉米,76,,2026-09-26,2026-09-26
7-11,香蒜奶油雙拼義大利麵,646,,2026-09-26,2026-09-26
7-11,香蒜烤雞鮮蔬餐盒,374,,2026-09-26,2026-09-26
7-11,香蒜白酒蛤蠣義大利麵,438,,2026-09-26,2026-09-26
7-11,香辣堅果蛋炒飯,585,,2026-09-26,2026-09-26
7-11,香鬆紫米風味飯糰,396,,2026-09-26,2026-09-26
7-11,馨苑干貝海鮮煲粥,175,,2026-09-26,2026-09-26
7-11,馨苑薑絲鱸魚湯,84,,2026-09-26,2026-09-26
7-11,高纖地瓜雜糧麵包,380,,2026-09-26,2026-09-26
7-11,高鐵-莓果比利時鬆餅,182,,2026-09-26,2026-09-26
7-11,魚卵福袋,51,,2026-09-26,2026-09-26
7-11,鮪魚洋芋溏心蛋三明治,281,,2026-09-26,2026-09-26
7-11,鮪魚肉鬆雙手卷,404,,2026-09-26,2026-09-26
7-11,鮮香菇,11,,2026-09-26,2026-09-26
7-11,鹽烤蒜味雞肉丸,197,,2026-09-26,2026-09-26
7-11,鹽烤麻辣雞心,132,,2026-09-26,2026-09-26
7-11,鹽麴雞腿溫沙拉,187,,2026-09-26,2026-09-26
7-11,麻油米血,145,,2026-09-26,2026-09-26
7-11,麻油菇菇拌飯,369,,2026-09-26,2026-09-26
7-11,麻油菇菇油飯,469,,2026-09-26,2026-09-26
7-11,黃金炸豬排玉子丼,629,,2026-09-26,2026-09-26
7-11,黃金玉子揚,107,,2026-09-26,2026-09-26
7-11,黃金玉米棒,264,,2026-09-26,2026-09-26
7-11,黃金魚板,78,,2026-09-26,2026-09-26
7-11,黃金魚豆腐,91,,2026-09-26,2026-09-26
7-11,黑丸-蠟筆小新仙草奶凍,69,,2026-09-26,2026-09-26
7-11,黑丸-蠟筆小新愛玉寒天,86,,2026-09-26,2026-09-26
7-11,黑丸招牌仙草吸凍飲,91,,2026-09-26,2026-09-26
7-11,黑芝麻牛奶霜淇淋,186,,2026-09-26,2026-09-26
7-11,黑金松露嫩雞胸,146,,2026-09-26,2026-09-26
7-11,鼎富發豬油拌飯,372,,2026-09-26,2026-09-26
全家,1970老爸炸雞,178,1,2026-09-26,2026-09-26
全家,31BR白桃鮮奶酪口味冰淇淋,154,1,2026-09-26,2026-09-26
全家,31BR薄荷巧克力口味冰淇淋,192,1,2026-09-26,2026-09-26
全家,31BR跳跳糖口味冰淇淋,198,1,2026-09-26,2026-09-26
全家,54%黑巧克力夏威夷果仁脆粒,264,1,2026-09-26,2026-09-26
全家,70%極濃黑巧乳加,137,1,2026-09-26,2026-09-26
全家,70%黑巧熟可可杏仁脆粒雪糕,252,1,2026-09-26,2026-09-26
全家,77乳加星球巧克力-榛果牛奶,211,1,2026-09-26,2026-09-26
全家,77乳加星球巧克力-花生可可,209,1,2026-09-26,2026-09-26
全家,77乳加濃巧酥,124,1,2026-09-26,2026-09-26
全家,77新貴派花生,801,9,2026-09-26,2026-09-26
全家,80％醇黑巧克力,687,15,2026-09-26,2026-09-26
全家,95℃北海道風味薯條原味40G,228,2,2026-09-26,2026-09-26
全家,95℃北海道風味薯條海苔口味,228,2,2026-09-26,2026-09-26
全家,A2β酪蛋白鮮乳200ml,136,1,2026-09-26,2026-09-26
全家,AB優酪乳原味,123,1,2026-09-26,2026-09-26
全家,AB優酪乳原味517ml,310,2,2026-09-26,2026-09-26
全家,AB優酪乳原味902ml,540,3,2026-09-26,2026-09-26
全家,AB優酪乳無加糖,119,1,2026-09-26,2026-09-26
全家,AB優酪乳無加糖517ml,298,2,2026-09-26,2026-09-26
全家,AB優酪乳無加糖902ml,519,3,2026-09-26,2026-09-26
全家,AB草莓優酪乳,143,1,2026-09-26,2026-09-26
全家,ALE阿咧運動補給飲料,142,2,2026-09-26,2026-09-26
全家,AW極酷嗆涼紫冰野莓口香糖,43,10,2026-09-26,2026-09-26
全家,AW極酷嗆辣口香糖,43,10,2026-09-26,2026-09-26
全家,AW無糖微冰藍莓口香糖28g,49,10,2026-09-26,2026-09-26
全家,AW超值包微冰藍莓無糖口香糖,108,22,2026-09-26,2026-09-26
全家,AW超值包極酷嗆涼紫冰野莓,95,22,2026-09-26,2026-09-26
全家,BINCH巧克力餅乾,531,3,2026-09-26,2026-09-26
全家,C&C檸檬風味氣泡飲,200,2,2026-09-26,2026-09-26
全家,C&C葡萄風味氣泡飲,200,2,2026-09-26,2026-09-26
全家,CONFEX蛋糕-原味,310,1,2026-09-26,2026-09-26
全家,CONFEX蛋糕-牛奶味,307,1,2026-09-26,2026-09-26
全家,CONFEX蛋糕-黑糖味,265,1,2026-09-26,2026-09-26
全家,DyDo日式黑咖啡,13,1,2026-09-26,2026-09-26
全家,EXTRA無糖口香糖-香甜葡萄,50,10,2026-09-26,2026-09-26
全家,EXTRA香甜葡萄超值包口香糖,114,22,2026-09-26,2026-09-26
全家,Extra清甜蜜桃超值包口香糖,110,22,2026-09-26,2026-09-26
全家,Extra香濃密瓜超值包口香糖,110,22,2026-09-26,2026-09-26
全家,FIN好菌補給飲,100,2,2026-09-26,2026-09-26
全家,FIN深海補給飲料,100,2,2026-09-26,2026-09-26
全家,FIN補給飲料975ml,168,3,2026-09-26,2026-09-26
全家,FMC100％葡萄汁,152,1,2026-09-26,2026-09-26
全家,FMC仙草飲,75,2,2026-09-26,2026-09-26
全家,FMC冷壓椰子水,77,1,2026-09-26,2026-09-26
全家,FMC冷壓椰子水870ml,209,1,2026-09-26,2026-09-26
全家,FMC凍頂烏龍茶(有糖),78,2,2026-09-26,2026-09-26
全家,FMC南非國寶茶,17,2,2026-09-26,2026-09-26
全家,FMC夏威夷果,195,1,2026-09-26,2026-09-26
全家,FMC大顆蜂蜜腰果,175,1,2026-09-26,2026-09-26
全家,FMC家常寬麵,714,2,2026-09-26,2026-09-26
全家,FMC日式咖哩牛肉,186,1,2026-09-26,2026-09-26
全家,FMC桂花蜂蜜水,82,1,2026-09-26,2026-09-26
全家,FMC桂花蜜桃果茶,159,1,2026-09-26,2026-09-26
全家,FMC楊枝甘露,157,1,2026-09-26,2026-09-26
全家,FMC樂多綠茶,332,1,2026-09-26,2026-09-26
全家,FMC橙柚百香綠茶,155,1,2026-09-26,2026-09-26
全家,FMC檸檬芭樂雪酪冰棒,111,1,2026-09-26,2026-09-26
全家,FMC檸檬蜂蜜水870ml,348,1,2026-09-26,2026-09-26
全家,FMC每日6纖果,261,1,2026-09-26,2026-09-26
全家,FMC海鹽荔枝飲,147,1,2026-09-26,2026-09-26
全家,FMC甘蔗檸檬,196,1,2026-09-26,2026-09-26
全家,FMC百香果蜂蜜水,132,1,2026-09-26,2026-09-26
全家,FMC紅柚翡翠茶,232,2,2026-09-26,2026-09-26
全家,FMC紅燒牛腩,119,1,2026-09-26,2026-09-26
全家,FMC綠豆薏仁漿,69,1,2026-09-26,2026-09-26
全家,FMC芒果百香雪酪冰棒,117,1,2026-09-26,2026-09-26
全家,FMC芒果綜合冰茶,281,1,2026-09-26,2026-09-26
全家,FMC芭樂檸檬青茶,200,1,2026-09-26,2026-09-26
全家,FMC草莓銀耳露,92,1,2026-09-26,2026-09-26
全家,FMC薏仁漿,72,1,2026-09-26,2026-09-26
全家,FMC西瓜烏龍茶,125,1,2026-09-26,2026-09-26
全家,FMC鮮榨西瓜汁,101,1,2026-09-26,2026-09-26
全家,FMC黃金奇異果銀耳露,101,1,2026-09-26,2026-09-26
全家,FMC黃金蕎麥茶,26,2,2026-09-26,2026-09-26
全家,GA黃金甲太空能量膠,125,1,2026-09-26,2026-09-26
全家,HL韓國紅石榴汁,40,1,2026-09-26,2026-09-26
全家,HL韓國藍莓汁,30,1,2026-09-26,2026-09-26
全家,ICC香蘭風味脆餅冰淇淋,207,1,2026-09-26,2026-09-26
全家,ICC黑芝麻風味脆餅冰淇淋,207,1,2026-09-26,2026-09-26
全家,KC陽光黃玉米(即食),126,1,2026-09-26,2026-09-26
全家,Kai玫瑰莓果康普氣泡茶,92,1,2026-09-26,2026-09-26
全家,Kisses水滴巧酥可可巧克力,214,1,2026-09-26,2026-09-26
全家,Kkotka印章貼紙糖果組,31,1,2026-09-26,2026-09-26
全家,LATIB橄欖檸檬飲,168,14,2026-09-26,2026-09-26
全家,LCA活菌原味發酵乳,215,1,2026-09-26,2026-09-26
全家,LP33機能優酪乳,107,1,2026-09-26,2026-09-26
全家,LP33無加糖機能優酪乳,101,1,2026-09-26,2026-09-26
全家,LP33益敏優多,116,1,2026-09-26,2026-09-26
全家,M&M'S迷你巧克力,148,1,2026-09-26,2026-09-26
全家,M&M's脆心牛奶巧克力,141,1,2026-09-26,2026-09-26
全家,MM巧克力咖啡酷繽沙,342,1,2026-09-26,2026-09-26
全家,MM巧克力牛奶酷繽沙,399,1,2026-09-26,2026-09-26
全家,MM牛奶巧克力,177,1,2026-09-26,2026-09-26
全家,MM花生巧克力,253,1,2026-09-26,2026-09-26
全家,MaxQ乳酸菌軟糖(草莓口味),91,1,2026-09-26,2026-09-26
全家,MiNi燒番麥,105,1,2026-09-26,2026-09-26
全家,Mini可樂果原味,264,2,2026-09-26,2026-09-26
全家,Niseko抹茶紅豆白玉雪糕,169,1,2026-09-26,2026-09-26
全家,Niseko海鹽焦糖雪糕,106,1,2026-09-26,2026-09-26
全家,Niseko牛奶巧酥冰幸福杯,328,8,2026-09-26,2026-09-26
全家,Niseko牛奶巧酥雪糕,201,1,2026-09-26,2026-09-26
全家,OG美味星棒棒糖-可樂,119,1,2026-09-26,2026-09-26
全家,OG美味星棒棒糖-棉花糖,120,1,2026-09-26,2026-09-26
全家,OG美味星棒棒糖-泡泡糖,120,1,2026-09-26,2026-09-26
全家,OG美味星棒棒糖-草莓,119,1,2026-09-26,2026-09-26
全家,OG美味星棒棒糖-葡萄,120,1,2026-09-26,2026-09-26
全家,OG美味星棒棒糖-蘋果糖,119,1,2026-09-26,2026-09-26
全家,PABLO茉窨青檸綠茶,144,1,2026-09-26,2026-09-26
全家,PABLO蜜香柚子金萱,149,1,2026-09-26,2026-09-26
全家,PEPERO杏仁巧克力棒,159,1,2026-09-26,2026-09-26
全家,PEPERO白巧克力棒,163,1,2026-09-26,2026-09-26
全家,PEPERO草莓脆粒餅乾棒,162,1,2026-09-26,2026-09-26
全家,PINKY葡萄薄荷糖,28,1,2026-09-26,2026-09-26
全家,POP造型QQ糖,177,4,2026-09-26,2026-09-26
全家,PREM極奢紅蘊琥珀奶茶,195,2,2026-09-26,2026-09-26
全家,PREM極奢黑曜咖啡拿鐵,168,2,2026-09-26,2026-09-26
全家,Pinky水蜜桃薄荷糖,53,1,2026-09-26,2026-09-26
全家,Poifull綜合水果軟糖,189,1,2026-09-26,2026-09-26
全家,PowerBOMS能量飲料,122,1,2026-09-26,2026-09-26
全家,RAW原味洋芋捲,224,2,2026-09-26,2026-09-26
全家,SOMA茶歐蕾沖泡包,466,4,2026-09-26,2026-09-26
全家,UCC艾洛瑪紅茶咖啡,10,2,2026-09-26,2026-09-26
全家,WONDA金的微糖咖啡,35,1,2026-09-26,2026-09-26
全家,bbq柚子多多雪酪,91,1,2026-09-26,2026-09-26
全家,cota檸檬片雪酪,206,1,2026-09-26,2026-09-26
全家,cota萊姆片雪酪,197,1,2026-09-26,2026-09-26
全家,iMUSE乳酸菌檸檬水,90,1,2026-09-26,2026-09-26
全家,一口歌舞伎揚米果,440,1,2026-09-26,2026-09-26
全家,一口鮮肉餡餅,377,1,2026-09-26,2026-09-26
全家,一度贊爌肉麵,671,1,2026-09-26,2026-09-26
全家,一度贊紅燒牛肉麵,570,1,2026-09-26,2026-09-26
全家,一度贊蕃茄牛肉麵,507,1,2026-09-26,2026-09-26
全家,一日水果100%蘋果汁,112,1,2026-09-26,2026-09-26
全家,一日蔬果100%蔬果汁,108,1,2026-09-26,2026-09-26
全家,一日蔬果100％紫色蔬果汁,116,1,2026-09-26,2026-09-26
全家,一本完熟蘋果康普茶,75,2,2026-09-26,2026-09-26
全家,一顆布丁捲蛋糕,154,1,2026-09-26,2026-09-26
全家,三明治火腿-添加DHA藻油,260,4,2026-09-26,2026-09-26
全家,三明治造型魚板,89,1,2026-09-26,2026-09-26
全家,三杯醬爆菇菇飯糰(植覺生活),162,1,2026-09-26,2026-09-26
全家,三福嫩仙草凍,128,2,2026-09-26,2026-09-26
全家,三福濃厚生乳布丁,201,1,2026-09-26,2026-09-26
全家,三福鮮奶油布蕾,175,1,2026-09-26,2026-09-26
全家,三福黑糖嫩豆花,187,2,2026-09-26,2026-09-26
全家,三角巧克力酥派,310,1,2026-09-26,2026-09-26
全家,三麗鷗糖果扭蛋機,61,1,2026-09-26,2026-09-26
全家,上島珈琲店牛奶咖啡,116,1,2026-09-26,2026-09-26
全家,上島珈琲店黑糖牛奶咖啡,138,1,2026-09-26,2026-09-26
全家,上海風味生煎包,413,1,2026-09-26,2026-09-26
全家,与玥樓-主廚麻油雞飯,435,1,2026-09-26,2026-09-26
全家,与玥樓-鰹魚辣醬粉絲煲,244,1,2026-09-26,2026-09-26
全家,中冰拿鐵,105,1,2026-09-26,2026-09-26
全家,中冰經典美式,10,1,2026-09-26,2026-09-26
全家,中熱拿鐵,176,1,2026-09-26,2026-09-26
全家,中熱經典美式,11,1,2026-09-26,2026-09-26
全家,中熱醇黑厚可可飲,327,1,2026-09-26,2026-09-26
全家,中華甜愛玉,79,1,2026-09-26,2026-09-26
全家,中華花生豆花,95,1,2026-09-26,2026-09-26
全家,丸永製檸檬蛋糕風味冰棒,217,1,2026-09-26,2026-09-26
全家,丹麥菠蘿可頌,463,1,2026-09-26,2026-09-26
全家,乖乖奶油椰子,226,2,2026-09-26,2026-09-26
全家,乖乖玉米脆條-五香口味,266,2,2026-09-26,2026-09-26
全家,乖乖玉米脆條-招牌冰淇淋風味,250,2,2026-09-26,2026-09-26
全家,乖乖玉米脆條-牛小排風味,266,2,2026-09-26,2026-09-26
全家,乖乖莓好Q軟糖,139,1,2026-09-26,2026-09-26
全家,九州岩燒海苔派對包,790,5,2026-09-26,2026-09-26
全家,乳酪德式小香腸,150,1,2026-09-26,2026-09-26
全家,乳香世家全脂鮮乳220ml,145,1,2026-09-26,2026-09-26
全家,乳香世家全脂鮮乳936ml,618,3,2026-09-26,2026-09-26
全家,乳香世家全脂鮮奶,291,1,2026-09-26,2026-09-26
全家,五木細關東麵家庭號,3671,14,2026-09-26,2026-09-26
全家,五木肉燥味拉麵,1258,4,2026-09-26,2026-09-26
全家,五珍寶健康調和油,4725,15,2026-09-26,2026-09-26
全家,五香花生,311,1,2026-09-26,2026-09-26
全家,亞培安素菁選,250,1,2026-09-26,2026-09-26
全家,人蔘蜆精,6,1,2026-09-26,2026-09-26
全家,仙楂果,262,1,2026-09-26,2026-09-26
全家,仙貝(家庭號),525,5,2026-09-26,2026-09-26
全家,仲夏野莓冰淇淋迷你杯,213,1,2026-09-26,2026-09-26
全家,伊藤園冷梅風味飲料,155,1,2026-09-26,2026-09-26
全家,伊藤園蘋果紅茶,160,2,2026-09-26,2026-09-26
全家,伊藤園蜜桃紅茶,156,2,2026-09-26,2026-09-26
全家,伯朗EX雙倍濃烈咖啡,119,1,2026-09-26,2026-09-26
全家,伯朗咖啡,104,1,2026-09-26,2026-09-26
全家,伯朗咖啡(6入),104,1,2026-09-26,2026-09-26
全家,伯朗曼特寧咖啡,97,1,2026-09-26,2026-09-26
全家,伯朗深煎炭焙風味拿鐵,85,1,2026-09-26,2026-09-26
全家,伯朗深煎直火風味美式,9,1,2026-09-26,2026-09-26
全家,伯朗藍山咖啡,101,1,2026-09-26,2026-09-26
全家,伯朗藝伎黑咖啡,11,1,2026-09-26,2026-09-26
全家,伯爵可可鬆餅,345,1,2026-09-26,2026-09-26
全家,伯爵奶茶纖脆燕麥棒,146,1,2026-09-26,2026-09-26
全家,伯爵橘丁切片軟歐,401,1,2026-09-26,2026-09-26
全家,來一客牛肉蔬菜杯麵,304,1,2026-09-26,2026-09-26
全家,保佳適能量飲風味軟糖,172,1,2026-09-26,2026-09-26
全家,保力達蠻牛維他命B飲料,120,1,2026-09-26,2026-09-26
全家,信州味噌,1140,10,2026-09-26,2026-09-26
全家,偉特鮮奶油糖,220,10,2026-09-26,2026-09-26
全家,健身G肉餐盒,481,1,2026-09-26,2026-09-26
全家,健達倍多巧克力,119,1,2026-09-26,2026-09-26
全家,健達奇趣蛋單顆(粉紅色版),108,1,2026-09-26,2026-09-26
全家,健達奇趣蛋單顆(藍色版),108,1,2026-09-26,2026-09-26
全家,健達快樂河馬巧克力,124,1,2026-09-26,2026-09-26
全家,健達樂脆棒,94,1,2026-09-26,2026-09-26
全家,健達牛奶巧克力,284,4,2026-09-26,2026-09-26
全家,健達白繽紛樂巧克力,222,2,2026-09-26,2026-09-26
全家,健酪原味乳酸飲料,230,2,2026-09-26,2026-09-26
全家,優質池上飯,291,1,2026-09-26,2026-09-26
全家,元初無加糖6.0高蛋白濃豆乳,259,1,2026-09-26,2026-09-26
全家,元本山6束海苔,14,1,2026-09-26,2026-09-26
全家,元本山脆烤海苔8切梅子風味,49,1,2026-09-26,2026-09-26
全家,元氣滿滿野蔬沙拉(植覺生活),60,1,2026-09-26,2026-09-26
全家,元氣秋葵,40,1,2026-09-26,2026-09-26
全家,元氣雞肉蔬菜湯,129,1,2026-09-26,2026-09-26
全家,先牧溏心蛋,265,5,2026-09-26,2026-09-26
全家,光泉一日快充綜合水果飲,130,2,2026-09-26,2026-09-26
全家,光泉一日快充高C檸檬飲,146,2,2026-09-26,2026-09-26
全家,光泉低脂鮮乳,133,1,2026-09-26,2026-09-26
全家,光泉低脂鮮乳936ml,430,3,2026-09-26,2026-09-26
全家,光泉優質蛋白巧克力牛奶,252,1,2026-09-26,2026-09-26
全家,光泉優質蛋白草莓牛奶,201,1,2026-09-26,2026-09-26
全家,光泉全脂保久牛乳200ml,132,1,2026-09-26,2026-09-26
全家,光泉全脂鮮乳,192,1,2026-09-26,2026-09-26
全家,光泉全脂鮮乳1857ml,1231,6,2026-09-26,2026-09-26
全家,光泉堅果風味植物蛋白飲,262,1,2026-09-26,2026-09-26
全家,光泉富維他牛乳,230,1,2026-09-26,2026-09-26
全家,光泉巧克力牛乳,186,1,2026-09-26,2026-09-26
全家,光泉巧克力牛乳936ml,598,3,2026-09-26,2026-09-26
全家,光泉巧克力牛奶330ml,197,1,2026-09-26,2026-09-26
全家,光泉木瓜牛乳,249,1,2026-09-26,2026-09-26
全家,光泉杯裝全脂鮮乳,162,1,2026-09-26,2026-09-26
全家,光泉杯裝麥芽牛乳,156,1,2026-09-26,2026-09-26
全家,光泉果汁牛乳,178,1,2026-09-26,2026-09-26
全家,光泉果汁牛乳936ml,558,3,2026-09-26,2026-09-26
全家,光泉森林莓果雙格優酪,94,1,2026-09-26,2026-09-26
全家,光泉楊桃汁,242,2,2026-09-26,2026-09-26
全家,光泉無加糖優酪乳,148,1,2026-09-26,2026-09-26
全家,光泉無加糖濃豆漿,190,1,2026-09-26,2026-09-26
全家,光泉無加糖濃黑豆漿,198,1,2026-09-26,2026-09-26
全家,光泉無加糖鮮豆漿,145,1,2026-09-26,2026-09-26
全家,光泉無加糖鮮豆漿936ml,338,3,2026-09-26,2026-09-26
全家,光泉無加糖黑豆漿,142,1,2026-09-26,2026-09-26
全家,光泉燕麥高纖無加糖鮮豆漿,184,1,2026-09-26,2026-09-26
全家,光泉百香蜜桃雙格優酪,94,1,2026-09-26,2026-09-26
全家,光泉米漿,250,1,2026-09-26,2026-09-26
全家,光泉米漿936ml,584,3,2026-09-26,2026-09-26
全家,光泉紫米燕麥糙米漿,203,1,2026-09-26,2026-09-26
全家,光泉茉莉茶凍,84,1,2026-09-26,2026-09-26
全家,光泉茉莉蜜茶,173,2,2026-09-26,2026-09-26
全家,光泉茉莉蜜茶330ml,98,1,2026-09-26,2026-09-26
全家,光泉草莓牛乳,142,1,2026-09-26,2026-09-26
全家,光泉草莓綜合優酪乳,130,1,2026-09-26,2026-09-26
全家,光泉莓果穀物脆片鮮奶優格,81,1,2026-09-26,2026-09-26
全家,光泉蘋果牛乳,203,1,2026-09-26,2026-09-26
全家,光泉豆漿936ml,537,3,2026-09-26,2026-09-26
全家,光泉雞蛋豆奶,214,1,2026-09-26,2026-09-26
全家,光泉頂級鮮奶優酪,311,5,2026-09-26,2026-09-26
全家,光泉香濃牛奶優酪乳,139,1,2026-09-26,2026-09-26
全家,光泉高鈣牛乳,257,2,2026-09-26,2026-09-26
全家,光泉高鈣鮮豆漿(多元補鈣),203,1,2026-09-26,2026-09-26
全家,光泉鮮豆漿,230,1,2026-09-26,2026-09-26
全家,光泉麥芽牛乳,185,1,2026-09-26,2026-09-26
全家,光泉麥芽牛乳936ml,593,3,2026-09-26,2026-09-26
全家,光泉麥芽牛乳咖啡冰沙,212,1,2026-09-26,2026-09-26
全家,光泉麥芽牛乳酷繽沙,212,1,2026-09-26,2026-09-26
全家,光泉黑芝麻鮮豆漿,230,1,2026-09-26,2026-09-26
全家,克寧即溶奶粉,4026,22,2026-09-26,2026-09-26
全家,克林姆麵包,249,1,2026-09-26,2026-09-26
全家,全壘打棒球串,108,1,2026-09-26,2026-09-26
全家,全素沙拉,595,5,2026-09-26,2026-09-26
全家,兩粒飯糰(鮪魚、焦糖鮭魚),360,1,2026-09-26,2026-09-26
全家,冬菜鴨肉湯粉絲,229,1,2026-09-26,2026-09-26
全家,冰冰仙草蜜,288,1,2026-09-26,2026-09-26
全家,冰厚濃抹茶拿鐵,321,1,2026-09-26,2026-09-26
全家,冰厚濃靜岡抹茶拿鐵,301,1,2026-09-26,2026-09-26
全家,冰心乳酪條,276,1,2026-09-26,2026-09-26
全家,冰心可可脆絲蛋糕,319,1,2026-09-26,2026-09-26
全家,冰糖燕窩,20,1,2026-09-26,2026-09-26
全家,冰鎮檸檬紅茶,200,2,2026-09-26,2026-09-26
全家,冰鎮水果茶,214,2,2026-09-26,2026-09-26
全家,冰鎮芭樂綠茶650ml,284,2,2026-09-26,2026-09-26
全家,冰鎮葡萄鮮冰茶330ml,132,1,2026-09-26,2026-09-26
全家,冰鎮葡萄鮮冰茶650ml,264,2,2026-09-26,2026-09-26
全家,冷研白胡椒粉,109,32,2026-09-26,2026-09-26
全家,凍頂黑胡椒粉,122,32,2026-09-26,2026-09-26
全家,凱薩沙拉(植覺生活),43,1,2026-09-26,2026-09-26
全家,利口樂冰川薄荷潤喉糖,65,11,2026-09-26,2026-09-26
全家,利口樂檸檬香草潤喉糖,64,11,2026-09-26,2026-09-26
全家,利口樂蔓越莓潤喉糖,66,11,2026-09-26,2026-09-26
全家,剝皮辣椒細扁麵,250,1,2026-09-26,2026-09-26
全家,剝皮辣椒雞湯,128,1,2026-09-26,2026-09-26
全家,力保美達,99,1,2026-09-26,2026-09-26
全家,加賀棒焙茶歐蕾冰淇淋迷你杯,242,1,2026-09-26,2026-09-26
全家,加鹽黑松沙士,252,2,2026-09-26,2026-09-26
全家,勁涼薄荷風味潤喉糖,82,8,2026-09-26,2026-09-26
全家,勁爆香辣口味玉米片,266,2,2026-09-26,2026-09-26
全家,包餡雞肉魚丸,85,1,2026-09-26,2026-09-26
全家,匈牙利風味香草烤雞腿,150,1,2026-09-26,2026-09-26
全家,匈牙利香草烤雞翅,202,1,2026-09-26,2026-09-26
全家,北海道秋鮭親子飯糰,195,1,2026-09-26,2026-09-26
全家,北海道鱈魚起士條,181,1,2026-09-26,2026-09-26
全家,十三香烤雞翅,248,1,2026-09-26,2026-09-26
全家,十三香風味炸雞,210,1,2026-09-26,2026-09-26
全家,十全味噌,293,7,2026-09-26,2026-09-26
全家,十全葡萄醋飲,38,1,2026-09-26,2026-09-26
全家,十全蘋果醋飲,39,1,2026-09-26,2026-09-26
全家,十六茶零咖啡因麥茶,8,2,2026-09-26,2026-09-26
全家,十利抹茶生乳白玉雪糕,150,1,2026-09-26,2026-09-26
全家,千層脆條-烤玉米風味,219,1,2026-09-26,2026-09-26
全家,千層脆條-烤馬鈴薯風味,217,1,2026-09-26,2026-09-26
全家,午后時光重乳奶茶,244,1,2026-09-26,2026-09-26
全家,午后時光重乳奶茶936ml,572,3,2026-09-26,2026-09-26
全家,午后時光重乳西瓜奶茶,179,1,2026-09-26,2026-09-26
全家,卡士達菠蘿泡芙,216,1,2026-09-26,2026-09-26
全家,卡樂比原味蝦條4入,276,4,2026-09-26,2026-09-26
全家,卡辣姆久平切洋芋片,420,2,2026-09-26,2026-09-26
全家,卡迪那洋芋片水牛城辣雞翅,290,2,2026-09-26,2026-09-26
全家,卡迪那洋芋片雷夢香菜口味,290,2,2026-09-26,2026-09-26
全家,卡迪那海鹽波浪洋芋片,420,2,2026-09-26,2026-09-26
全家,卡迪那牛排卡大包,322,2,2026-09-26,2026-09-26
全家,卵黃牛挽肉飯糰,191,1,2026-09-26,2026-09-26
全家,厚切洋芋片勁辣唐辛子口味,980,7,2026-09-26,2026-09-26
全家,厚切醇乳香土司,1050,2,2026-09-26,2026-09-26
全家,厚醬起司蘇打餅,540,5,2026-09-26,2026-09-26
全家,厚香料優格咖哩雞排飯,707,1,2026-09-26,2026-09-26
全家,原味德國Q脆腸,148,1,2026-09-26,2026-09-26
全家,原味炸棒腿,216,1,2026-09-26,2026-09-26
全家,原味覺土司,936,2,2026-09-26,2026-09-26
全家,原味覺土司(六入),936,2,2026-09-26,2026-09-26
全家,原味雙層枇杷喉糖,151,17,2026-09-26,2026-09-26
全家,原味雞腿排,329,1,2026-09-26,2026-09-26
全家,原味雞蛋香鐵蛋2入,122,2,2026-09-26,2026-09-26
全家,原味香鐵蛋,85,1,2026-09-26,2026-09-26
全家,原汁珍味爌肉麵,554,1,2026-09-26,2026-09-26
全家,原汁珍味牛肉麵,535,1,2026-09-26,2026-09-26
全家,原萃日式綠茶,8,2,2026-09-26,2026-09-26
全家,叉燒蛋炒飯,758,1,2026-09-26,2026-09-26
全家,及第豬肉熟水餃,456,1,2026-09-26,2026-09-26
全家,口香糖-可樂,73,5,2026-09-26,2026-09-26
全家,古早味炒炊粉,492,1,2026-09-26,2026-09-26
全家,古早味甜甜圈,234,1,2026-09-26,2026-09-26
全家,古早味碗粿,285,1,2026-09-26,2026-09-26
全家,古早味紅茶,146,2,2026-09-26,2026-09-26
全家,古早味香滷嫩雞胸,136,1,2026-09-26,2026-09-26
全家,可口可樂2L,840,8,2026-09-26,2026-09-26
全家,可口可樂330ml,139,1,2026-09-26,2026-09-26
全家,可口可樂350ml,147,1,2026-09-26,2026-09-26
全家,可口可樂PET,252,2,2026-09-26,2026-09-26
全家,可口可樂水蜜桃口味,248,2,2026-09-26,2026-09-26
全家,可口可樂汽水435ml,183,1,2026-09-26,2026-09-26
全家,可口奶滋味一條裝,660,11,2026-09-26,2026-09-26
全家,可可奶霜菠蘿,464,1,2026-09-26,2026-09-26
全家,可可巧酥-巧克力風味,250,1,2026-09-26,2026-09-26
全家,可可曲奇餅,238,1,2026-09-26,2026-09-26
全家,可可生甜甜圈,291,1,2026-09-26,2026-09-26
全家,可可能量纖活餐包,314,1,2026-09-26,2026-09-26
全家,可可脆皮泡芙,314,1,2026-09-26,2026-09-26
全家,可果美南高梅蕃茄綜合果蔬汁,117,1,2026-09-26,2026-09-26
全家,可果美蕃茄醬,333,30,2026-09-26,2026-09-26
全家,可樂果原味,378,3,2026-09-26,2026-09-26
全家,可樂果古早味超值包,968,8,2026-09-26,2026-09-26
全家,可樂果山葵哇沙米口味,366,3,2026-09-26,2026-09-26
全家,可樂果燒番麥口味65G,338,2,2026-09-26,2026-09-26
全家,可樂果酷辣口味,369,3,2026-09-26,2026-09-26
全家,可樂果驚大包,452,4,2026-09-26,2026-09-26
全家,可樂餅(植覺生活),239,1,2026-09-26,2026-09-26
全家,可比可濃縮咖啡糖(無糖),90,2,2026-09-26,2026-09-26
全家,可爾必思水語330ml,96,1,2026-09-26,2026-09-26
全家,可爾必思葡萄乳酸菌飲料,92,2,2026-09-26,2026-09-26
全家,可爾必思贅澤濃味乳酸菌飲料,300,2,2026-09-26,2026-09-26
全家,台式麻醬涼麵,510,1,2026-09-26,2026-09-26
全家,台灣綠竹筍,25,1,2026-09-26,2026-09-26
全家,台糖甜玉米3入組,115,2,2026-09-26,2026-09-26
全家,台糖精緻細砂,2000,50,2026-09-26,2026-09-26
全家,台糖蜆精,4,1,2026-09-26,2026-09-26
全家,台糖蠔蜆精,4,1,2026-09-26,2026-09-26
全家,台酒紅標米酒麻油雞麵,565,1,2026-09-26,2026-09-26
全家,台酒花雕酸菜牛肉麵,614,1,2026-09-26,2026-09-26
全家,台酒花雕雞麵,537,1,2026-09-26,2026-09-26
全家,合味道XO醬海鮮味杯麵,308,1,2026-09-26,2026-09-26
全家,合味道海鮮味杯麵,316,1,2026-09-26,2026-09-26
全家,同榮紅燒鰻,238,2,2026-09-26,2026-09-26
全家,同榮辣味燒鰻,576,2,2026-09-26,2026-09-26
全家,同榮鯖魚(紅),288,4,2026-09-26,2026-09-26
全家,同榮鯖魚(黃),288,4,2026-09-26,2026-09-26
全家,呦皮漢堡QQ糖,94,2,2026-09-26,2026-09-26
全家,味丹冬瓜茶,160,2,2026-09-26,2026-09-26
全家,味丹青草茶,108,2,2026-09-26,2026-09-26
全家,味全高鈣高蛋白雙效營養牛乳,217,1,2026-09-26,2026-09-26
全家,味味一品麻辣臭豆腐麵,556,1,2026-09-26,2026-09-26
全家,味覺糖普超條糖-可樂味,207,1,2026-09-26,2026-09-26
全家,味覺糖特濃牛奶條糖,155,1,2026-09-26,2026-09-26
全家,味覺糖草莓特濃牛奶條糖,159,1,2026-09-26,2026-09-26
全家,呵派力肝臟水解飲,26,1,2026-09-26,2026-09-26
全家,和風涓絲冷麵,379,1,2026-09-26,2026-09-26
全家,咖啡廣場330ml,126,1,2026-09-26,2026-09-26
全家,咖啡廣場奶香特調咖啡,276,2,2026-09-26,2026-09-26
全家,咖啡廣場調合式冰咖啡,234,2,2026-09-26,2026-09-26
全家,咚兵衛日式腐皮烏龍麵杯,344,1,2026-09-26,2026-09-26
全家,品脫比利時巧克力冰淇淋,1232,4,2026-09-26,2026-09-26
全家,品脫開心果冰淇淋,913,5,2026-09-26,2026-09-26
全家,哆啦A夢小蛋糕,326,1,2026-09-26,2026-09-26
全家,哈密瓜果乾,212,1,2026-09-26,2026-09-26
全家,哈密瓜起司,240,6,2026-09-26,2026-09-26
全家,哈根達斯品脫草莓冰淇淋,1028,4,2026-09-26,2026-09-26
全家,哈根達斯淇淋巧酥雪糕,246,1,2026-09-26,2026-09-26
全家,哈瑞寶快樂可樂風味Q軟糖,338,2,2026-09-26,2026-09-26
全家,哈瑞寶明星總動員Q軟糖,337,2,2026-09-26,2026-09-26
全家,哈瑞寶酸甜彩色蟲蟲Ｑ軟糖,236,1,2026-09-26,2026-09-26
全家,哈瑞寶酸甜童趣Ｑ軟糖,262,1,2026-09-26,2026-09-26
全家,哈瑞寶金熊Q軟糖,343,2,2026-09-26,2026-09-26
全家,哈瑞寶鈕扣Q軟糖水果風味,152,1,2026-09-26,2026-09-26
全家,哈瑞寶鈕扣Q軟糖爆酸水果風味,149,1,2026-09-26,2026-09-26
全家,商務艙果鋪菓物語米果隨手包,150,1,2026-09-26,2026-09-26
全家,啦啦應援心心串,157,1,2026-09-26,2026-09-26
全家,喉立爽爽喉軟糖,132,1,2026-09-26,2026-09-26
全家,喉立爽蜂膠八仙果爽喉軟糖,123,1,2026-09-26,2026-09-26
全家,喉立爽蜂蜜海鹽檸檬喉糖,124,1,2026-09-26,2026-09-26
全家,喫茶小鋪檸檬桂花烏龍,124,1,2026-09-26,2026-09-26
全家,喬亞滴濾拿鐵咖啡,140,1,2026-09-26,2026-09-26
全家,嗨啾夾心軟糖-草莓,152,1,2026-09-26,2026-09-26
全家,嗨啾夾心軟糖-葡萄,153,1,2026-09-26,2026-09-26
全家,嗨啾草莓乳酸軟糖,210,5,2026-09-26,2026-09-26
全家,嗨啾酸酸青蘋果軟糖,215,5,2026-09-26,2026-09-26
全家,嘉義崇文白醋涼麵,531,1,2026-09-26,2026-09-26
全家,四季檸檬酷繽球,78,1,2026-09-26,2026-09-26
全家,土豆麵筋,284,2,2026-09-26,2026-09-26
全家,地中海布格麥烤魚餐盒,393,1,2026-09-26,2026-09-26
全家,城市一族巧克力棒,120,1,2026-09-26,2026-09-26
全家,城市一族草莓棒,121,1,2026-09-26,2026-09-26
全家,堅果燕麥粥活力野菜風味,162,1,2026-09-26,2026-09-26
全家,堅果燕麥粥黃金玉米風味,163,1,2026-09-26,2026-09-26
全家,堅果起司,276,6,2026-09-26,2026-09-26
全家,堅果雜糧饅頭,1048,4,2026-09-26,2026-09-26
全家,堅穀力原味,186,1,2026-09-26,2026-09-26
全家,堅穀力莓果口味,179,1,2026-09-26,2026-09-26
全家,塔塔醬鱈魚排,180,1,2026-09-26,2026-09-26
全家,墨西哥嫩雞飯,524,1,2026-09-26,2026-09-26
全家,墨西哥葡萄奶酥麵包,465,1,2026-09-26,2026-09-26
全家,墨西哥辣醬熱狗堡,409,1,2026-09-26,2026-09-26
全家,墨魚風味捲,62,1,2026-09-26,2026-09-26
全家,士力架杏仁巧克力,234,1,2026-09-26,2026-09-26
全家,士力架花生可可高蛋白牛奶,297,1,2026-09-26,2026-09-26
全家,士力架花生巧克力,242,1,2026-09-26,2026-09-26
全家,士力架花生巧克力雪糕,193,1,2026-09-26,2026-09-26
全家,壹號醬壽喜燒牛丼,619,1,2026-09-26,2026-09-26
全家,壹號醬泡菜鹽蔥雞豚雙拼,440,1,2026-09-26,2026-09-26
全家,壺底蔭瓜,125,2,2026-09-26,2026-09-26
全家,夏威夷果仁迷你杯冰淇淋,277,1,2026-09-26,2026-09-26
全家,夏威夷脆果仁雪糕,246,1,2026-09-26,2026-09-26
全家,多力多滋爆蒜鮮蝦口味玉米片,363,3,2026-09-26,2026-09-26
全家,多力多滋美式辣起士口味玉米片,351,3,2026-09-26,2026-09-26
全家,多力多滋超濃起司玉米片,375,3,2026-09-26,2026-09-26
全家,多力多滋黃金起司玉米片,375,3,2026-09-26,2026-09-26
全家,多得可鳴能量碳酸飲料,47,1,2026-09-26,2026-09-26
全家,多穀伯爵天使蛋糕,228,1,2026-09-26,2026-09-26
全家,多穀燕麥纖餅-莓果花園,208,4,2026-09-26,2026-09-26
全家,多穀脆脆海鹽焦糖風味,129,1,2026-09-26,2026-09-26
全家,多穀脆脆蔓越莓風味,124,1,2026-09-26,2026-09-26
全家,大77乳加巧克力,140,1,2026-09-26,2026-09-26
全家,大乾麵地獄辣椒碗,507,1,2026-09-26,2026-09-26
全家,大乾麵紅油擔擔,538,1,2026-09-26,2026-09-26
全家,大人的生活好眠乳酸飲,15,1,2026-09-26,2026-09-26
全家,大人的生活燕窩酸水光飲,6,1,2026-09-26,2026-09-26
全家,大人的生活維生素C飲,20,1,2026-09-26,2026-09-26
全家,大人的生活膠原蛋白飲,33,1,2026-09-26,2026-09-26
全家,大冰仙女紅茶,133,1,2026-09-26,2026-09-26
全家,大冰仙女醇奶茶,214,1,2026-09-26,2026-09-26
全家,大冰拿鐵,166,1,2026-09-26,2026-09-26
全家,大冰濃靜岡抹茶拿鐵,202,1,2026-09-26,2026-09-26
全家,大冰焙茶拿鐵,394,1,2026-09-26,2026-09-26
全家,大冰特濃經典拿鐵,178,1,2026-09-26,2026-09-26
全家,大冰特濃美式,14,1,2026-09-26,2026-09-26
全家,大冰經典冰磚拿鐵,215,1,2026-09-26,2026-09-26
全家,大冰經典美式,16,1,2026-09-26,2026-09-26
全家,大冰醇厚黑可可飲,257,1,2026-09-26,2026-09-26
全家,大冰黑糖QQ撞奶,489,1,2026-09-26,2026-09-26
全家,大口歐風焙煎咖哩漢堡排飯糰,378,1,2026-09-26,2026-09-26
全家,大口益活烤雞蛋白青醬飯糰,365,1,2026-09-26,2026-09-26
全家,大口義式香草雞腿排飯糰,347,1,2026-09-26,2026-09-26
全家,大口蒜味香腸燒肉雙拼飯糰,392,1,2026-09-26,2026-09-26
全家,大吸館寒天冬瓜檸檬QQ,208,1,2026-09-26,2026-09-26
全家,大吸館荔枝蜜蘋嫩茶凍,180,1,2026-09-26,2026-09-26
全家,大土豆麵筋(鐵罐),275,5,2026-09-26,2026-09-26
全家,大波露巧克力,217,1,2026-09-26,2026-09-26
全家,大滿足香辣涼麵,667,1,2026-09-26,2026-09-26
全家,大滿足麻醬涼麵,741,1,2026-09-26,2026-09-26
全家,大熱五窨茉莉醇奶茶,143,1,2026-09-26,2026-09-26
全家,大熱仙女醇奶茶,278,1,2026-09-26,2026-09-26
全家,大熱慢煮焦糖拿鐵,310,1,2026-09-26,2026-09-26
全家,大熱拿鐵,211,1,2026-09-26,2026-09-26
全家,大熱濃靜岡抹茶拿鐵,202,1,2026-09-26,2026-09-26
全家,大熱焙茶拿鐵,441,1,2026-09-26,2026-09-26
全家,大熱燒燒仙草,288,1,2026-09-26,2026-09-26
全家,大熱特濃經典拿鐵,230,1,2026-09-26,2026-09-26
全家,大熱特濃經典美式,19,1,2026-09-26,2026-09-26
全家,大熱白奶茶,142,1,2026-09-26,2026-09-26
全家,大熱白烏龍醇奶茶(膠囊),143,1,2026-09-26,2026-09-26
全家,大熱紅奶茶,142,1,2026-09-26,2026-09-26
全家,大熱經典美式,15,1,2026-09-26,2026-09-26
全家,大熱芝麻糊,480,1,2026-09-26,2026-09-26
全家,大熱金焙蕎麥醇奶茶,143,1,2026-09-26,2026-09-26
全家,大熱鮮露醇奶茶(膠囊),143,1,2026-09-26,2026-09-26
全家,大熱黑糖QQ撞奶,489,1,2026-09-26,2026-09-26
全家,大盛冰淇淋,155,1,2026-09-26,2026-09-26
全家,大研黑棗補鐵精華飲,58,1,2026-09-26,2026-09-26
全家,大粒果實葡萄蘆薈優格,194,2,2026-09-26,2026-09-26
全家,大粒果實蜂蜜草莓優格,186,2,2026-09-26,2026-09-26
全家,大粒果實鮮美橘瓣優格,180,2,2026-09-26,2026-09-26
全家,大納言紅豆鬆餅,359,1,2026-09-26,2026-09-26
全家,大茂黑瓜,140,5,2026-09-26,2026-09-26
全家,大蒜拳骨拉麵,526,1,2026-09-26,2026-09-26
全家,大蒜拳骨激辣拉麵,582,1,2026-09-26,2026-09-26
全家,大豆營養棒(杏仁巧克力風味),147,1,2026-09-26,2026-09-26
全家,大豆營養棒(藍莓口味),136,1,2026-09-26,2026-09-26
全家,大醇豆無加糖濃豆漿,197,1,2026-09-26,2026-09-26
全家,大醇豆無加糖豆漿,160,1,2026-09-26,2026-09-26
全家,大醇豆無加糖黑豆漿,151,1,2026-09-26,2026-09-26
全家,大飯糰韓式蒜烤豬五花,222,1,2026-09-26,2026-09-26
全家,大鮮筍包,276,1,2026-09-26,2026-09-26
全家,大鮮肉包,290,1,2026-09-26,2026-09-26
全家,天地合補-活靈芝,16,1,2026-09-26,2026-09-26
全家,天津甘栗,172,2,2026-09-26,2026-09-26
全家,天然特甜玉米粒,154,2,2026-09-26,2026-09-26
全家,天香川味牛肉麵,521,1,2026-09-26,2026-09-26
全家,太白粉,860,50,2026-09-26,2026-09-26
全家,夯馬鈴薯,58,1,2026-09-26,2026-09-26
全家,奇多2倍濃起司玉米棒,468,4,2026-09-26,2026-09-26
全家,奇多家常起司味玉米片,488,4,2026-09-26,2026-09-26
全家,奧利多水碳酸飲料,252,2,2026-09-26,2026-09-26
全家,奧利奧幻紫黑糖煎餅口味夾心餅乾,504,4,2026-09-26,2026-09-26
全家,奧利奧香草捲心酥,258,3,2026-09-26,2026-09-26
全家,奶油口味微波爆米花,580,1,2026-09-26,2026-09-26
全家,奶油培根義大利麵,488,1,2026-09-26,2026-09-26
全家,奶油蘑菇培根義大利麵,251,1,2026-09-26,2026-09-26
全家,奶油鮮蝦明太子細扁麵,536,1,2026-09-26,2026-09-26
全家,奶皇包,188,1,2026-09-26,2026-09-26
全家,奶酥小菠蘿,434,2,2026-09-26,2026-09-26
全家,奶酥麵包,444,1,2026-09-26,2026-09-26
全家,奶香綿雲小土司,317,1,2026-09-26,2026-09-26
全家,好吃雞肉便當,489,1,2026-09-26,2026-09-26
全家,好多菜三明治,154,1,2026-09-26,2026-09-26
全家,好多蛋三明治,294,1,2026-09-26,2026-09-26
全家,好多魚餅乾(海苔口味),135,1,2026-09-26,2026-09-26
全家,好媽媽紅燒一口鰻魚,284,2,2026-09-26,2026-09-26
全家,好媽媽鮮拚鮮番茄汁鯖魚,236,2,2026-09-26,2026-09-26
全家,好時巧酥巧克力威化捲,109,1,2026-09-26,2026-09-26
全家,好時巧酥白可可風味片,209,1,2026-09-26,2026-09-26
全家,好時巴西莓藍莓夾餡黑巧克力,136,1,2026-09-26,2026-09-26
全家,好時榛果巧克力威化捲,105,1,2026-09-26,2026-09-26
全家,好時片裝牛奶巧克力,220,1,2026-09-26,2026-09-26
全家,好時金磚巧酥白夾餡巧克力,148,1,2026-09-26,2026-09-26
全家,好食瓶-海苔花生,1500,10,2026-09-26,2026-09-26
全家,好食瓶-濃蒜花生,1450,10,2026-09-26,2026-09-26
全家,好麗友巧克力派,250,2,2026-09-26,2026-09-26
全家,好麗友蛋黃派,186,2,2026-09-26,2026-09-26
全家,威德in等滲透能量沖泡飲,584,5,2026-09-26,2026-09-26
全家,威德in能量膠,370,4,2026-09-26,2026-09-26
全家,威德牛樟芝元氣飲,12,1,2026-09-26,2026-09-26
全家,威德礦物質清涼果凍,39,1,2026-09-26,2026-09-26
全家,威德維他命清涼果凍,72,1,2026-09-26,2026-09-26
全家,威德纖維清涼果凍,40,1,2026-09-26,2026-09-26
全家,威德能量清涼果凍,180,1,2026-09-26,2026-09-26
全家,威德膠原美妍飲,316,10,2026-09-26,2026-09-26
全家,威德膠原蛋白清涼果凍,51,1,2026-09-26,2026-09-26
全家,威德蔬果酵素飲,364,10,2026-09-26,2026-09-26
全家,威德薑黃活力飲,276,10,2026-09-26,2026-09-26
全家,威德金盞花葉黃素飲,192,10,2026-09-26,2026-09-26
全家,威德雙酵益生菌,348,30,2026-09-26,2026-09-26
全家,威德馬卡勁能飲,344,10,2026-09-26,2026-09-26
全家,威金森綜合葡萄柚碳酸水,12,2,2026-09-26,2026-09-26
全家,娃娃巧克力,136,2,2026-09-26,2026-09-26
全家,媽媽煮藝-原味可樂餅,277,1,2026-09-26,2026-09-26
全家,媽媽煮藝-原味雞肉可樂餅,294,1,2026-09-26,2026-09-26
全家,嫩烤香料雞胸排蔬滿盒,266,1,2026-09-26,2026-09-26
全家,嫩烤魚排佐花椰菜義大利麵,438,1,2026-09-26,2026-09-26
全家,孔雀捲心餅,338,2,2026-09-26,2026-09-26
全家,孔雀餅乾,652,4,2026-09-26,2026-09-26
全家,孔雀餅乾隨身包,364,2,2026-09-26,2026-09-26
全家,孔雀香酥脆香魚,284,2,2026-09-26,2026-09-26
全家,安城杯麵,305,1,2026-09-26,2026-09-26
全家,安城湯麵,531,1,2026-09-26,2026-09-26
全家,完熟蜜龍果(截切),78,1,2026-09-26,2026-09-26
全家,完膳營養素,235,1,2026-09-26,2026-09-26
全家,宗家府泡菜-白菜切塊,148,10,2026-09-26,2026-09-26
全家,宮城仙台和牛口味洋芋片,328,2,2026-09-26,2026-09-26
全家,家常起司2倍濃起司隨口脆,165,1,2026-09-26,2026-09-26
全家,家常起司隨口脆,159,1,2026-09-26,2026-09-26
全家,家常麵條,1047,3,2026-09-26,2026-09-26
全家,家樂氏可可球,117,1,2026-09-26,2026-09-26
全家,家樂氏格格脆,118,1,2026-09-26,2026-09-26
全家,家香排骨,181,1,2026-09-26,2026-09-26
全家,富士蘋果(截切),62,1,2026-09-26,2026-09-26
全家,寬條北海鱈魚香絲,173,2,2026-09-26,2026-09-26
全家,寶卡卡薯堡原味,248,2,2026-09-26,2026-09-26
全家,寶可夢造型餅乾(可可風味),127,1,2026-09-26,2026-09-26
全家,寶吉葡萄果汁QQ軟糖,164,2,2026-09-26,2026-09-26
全家,寶礦力水得,153,2,2026-09-26,2026-09-26
全家,寶礦力水得900ml,238,3,2026-09-26,2026-09-26
全家,寶礦力水得ionwater,74,2,2026-09-26,2026-09-26
全家,寶礦力水得粉末,292,5,2026-09-26,2026-09-26
全家,小德薯湖鹽海苔口味,192,1,2026-09-26,2026-09-26
全家,小德薯濃厚茄汁口味,192,1,2026-09-26,2026-09-26
全家,小泡芙-巧克力,331,1,2026-09-26,2026-09-26
全家,小泡芙-牛奶,337,1,2026-09-26,2026-09-26
全家,小滷青蔬(植覺生活),45,1,2026-09-26,2026-09-26
全家,小熊餅-草莓奶油蛋糕風味,244,1,2026-09-26,2026-09-26
全家,小熊餅巧克力口味,185,1,2026-09-26,2026-09-26
全家,小熊餅濃黑巧克力口味,191,1,2026-09-26,2026-09-26
全家,小熊餅草莓口味,183,1,2026-09-26,2026-09-26
全家,小熱經典美式,7,1,2026-09-26,2026-09-26
全家,小白起司烤飯糰(2入),380,2,2026-09-26,2026-09-26
全家,小籠湯包,380,1,2026-09-26,2026-09-26
全家,小菠蘿麵包,374,2,2026-09-26,2026-09-26
全家,小麥胚芽土司,280,1,2026-09-26,2026-09-26
全家,履歷珍珠芭樂(截切),60,1,2026-09-26,2026-09-26
全家,山本漢方大麥若葉清汁,45,5,2026-09-26,2026-09-26
全家,山賊燒風味烤雞胸棒,98,1,2026-09-26,2026-09-26
全家,岩燒豚骨桶麵,518,1,2026-09-26,2026-09-26
全家,岩鹽溫泉蛋,125,2,2026-09-26,2026-09-26
全家,崎本柳橙葡萄柚翡翠,149,1,2026-09-26,2026-09-26
全家,崎本水蜜桃青烏龍,144,1,2026-09-26,2026-09-26
全家,川味椒麻煎餃,308,1,2026-09-26,2026-09-26
全家,川味麻婆燒豆腐燴飯,684,1,2026-09-26,2026-09-26
全家,工研烏醋,102,15,2026-09-26,2026-09-26
全家,工研白醋,21,15,2026-09-26,2026-09-26
全家,左岸咖啡館拿鐵咖啡,173,1,2026-09-26,2026-09-26
全家,左岸咖啡館昂列奶茶,163,1,2026-09-26,2026-09-26
全家,巧克力威化餅１６８ｇ,799,3,2026-09-26,2026-09-26
全家,巧克力捲,213,1,2026-09-26,2026-09-26
全家,巧克力派司,405,1,2026-09-26,2026-09-26
全家,巧克力肉鬆三明治,253,1,2026-09-26,2026-09-26
全家,巧克力脆杏仁冰淇淋雪糕,268,1,2026-09-26,2026-09-26
全家,巧克力迷你杯,279,1,2026-09-26,2026-09-26
全家,巧克力風味布朗尼脆片,122,1,2026-09-26,2026-09-26
全家,巧克力麻糬QQ可頌,360,1,2026-09-26,2026-09-26
全家,巧菲斯夾心酥,138,1,2026-09-26,2026-09-26
全家,巧酥餅乾泡芙,235,1,2026-09-26,2026-09-26
全家,巨厚重大雞排,548,1,2026-09-26,2026-09-26
全家,巨峰葡萄酷繽球,94,1,2026-09-26,2026-09-26
全家,布朗尼鹹奶蓋,197,1,2026-09-26,2026-09-26
全家,帕瑪森熱狗麵包,180,1,2026-09-26,2026-09-26
全家,帶骨德式香腸,197,1,2026-09-26,2026-09-26
全家,幻紫颶風Ube捲,316,1,2026-09-26,2026-09-26
全家,府城擔仔湯麵,494,1,2026-09-26,2026-09-26
全家,府城鹽水意麵,506,1,2026-09-26,2026-09-26
全家,康貝特200P能量飲料,107,1,2026-09-26,2026-09-26
全家,康貝特大富飲料,92,1,2026-09-26,2026-09-26
全家,彩虹糖混合水果口味,180,5,2026-09-26,2026-09-26
全家,彩虹糖熱帶水果口味38G,153,1,2026-09-26,2026-09-26
全家,彩虹糖酸甜水果口味,158,1,2026-09-26,2026-09-26
全家,御茶園冰釀麥萃麥茶,83,2,2026-09-26,2026-09-26
全家,御茶園特上檸檬茶,182,2,2026-09-26,2026-09-26
全家,御茶園特上紅茶,161,2,2026-09-26,2026-09-26
全家,御茶園特撰冰釀綠茶,94,2,2026-09-26,2026-09-26
全家,御茶園麥萃麥茶,17,2,2026-09-26,2026-09-26
全家,德國原裝進口黑麥汁原味,148,1,2026-09-26,2026-09-26
全家,德州薯條卡大包,412,2,2026-09-26,2026-09-26
全家,德州薯條美墨酸辣醬口味,282,2,2026-09-26,2026-09-26
全家,德州薯條香辣口味,372,2,2026-09-26,2026-09-26
全家,德芙榛果葡萄巧克力,225,1,2026-09-26,2026-09-26
全家,德芙絲滑牛奶巧克力,238,1,2026-09-26,2026-09-26
全家,德芙輕巧脆心巧克力,204,1,2026-09-26,2026-09-26
全家,心心相串,144,1,2026-09-26,2026-09-26
全家,快車肉乾招牌蜜汁豬肉乾,156,1,2026-09-26,2026-09-26
全家,悅氏梅子綠茶2L,720,8,2026-09-26,2026-09-26
全家,悅氏礦泉茶品綠茶2L,336,8,2026-09-26,2026-09-26
全家,惜—德州薯條義式披薩口味,372,2,2026-09-26,2026-09-26
全家,惜—星星脆巧克力口味,161,1,2026-09-26,2026-09-26
全家,惜—漁夫龍蝦風味濃湯,60,1,2026-09-26,2026-09-26
全家,愛之味分解茶,27,2,2026-09-26,2026-09-26
全家,愛之味分解茶油切四季春,25,2,2026-09-26,2026-09-26
全家,愛之味分解茶雙纖麥茶,27,2,2026-09-26,2026-09-26
全家,愛之味寒天檸檬,114,1,2026-09-26,2026-09-26
全家,愛之味沖繩島黑八寶禮盒,2506,24,2026-09-26,2026-09-26
全家,愛之味牛奶花生禮盒,4992,24,2026-09-26,2026-09-26
全家,愛之味甜辣醬,210,15,2026-09-26,2026-09-26
全家,愛之味純濃燕麥天然原味,131,1,2026-09-26,2026-09-26
全家,愛之味麥仔茶,106,2,2026-09-26,2026-09-26
全家,愛之味麥仔茶1.48L,266,5,2026-09-26,2026-09-26
全家,愛恨椒芝麵,304,1,2026-09-26,2026-09-26
全家,愛恨蔥蔥麵,304,1,2026-09-26,2026-09-26
全家,愛文芒果條,128,2,2026-09-26,2026-09-26
全家,慢燉滷肉油蔥粄條,613,1,2026-09-26,2026-09-26
全家,懷舊滷雙拼便當,676,1,2026-09-26,2026-09-26
全家,手工冰糖,1010,5,2026-09-26,2026-09-26
全家,手工拔絲麵包,480,1,2026-09-26,2026-09-26
全家,手撕素肉(燒烤味),52,1,2026-09-26,2026-09-26
全家,手撕素肉(香辣味),53,1,2026-09-26,2026-09-26
全家,手撕起司棒,85,1,2026-09-26,2026-09-26
全家,打拋風味豬肉拌麵,492,1,2026-09-26,2026-09-26
全家,打拋風味豬肉飯,603,1,2026-09-26,2026-09-26
全家,抹茶杏仁粒雪糕,258,1,2026-09-26,2026-09-26
全家,抹茶牛乳,189,1,2026-09-26,2026-09-26
全家,抹茶白玉咖啡酷繽沙,326,1,2026-09-26,2026-09-26
全家,抹茶白玉牛奶酷繽沙,383,1,2026-09-26,2026-09-26
全家,抹茶迷你杯冰淇淋,218,1,2026-09-26,2026-09-26
全家,抹茶雪酥,241,1,2026-09-26,2026-09-26
全家,招牌杏仁香脆肉紙(經典原味),280,1,2026-09-26,2026-09-26
全家,招牌韓式嫩雞胸,146,1,2026-09-26,2026-09-26
全家,招牌高麗菜鍋貼,318,3,2026-09-26,2026-09-26
全家,招牌鮮肉鍋貼,430,2,2026-09-26,2026-09-26
全家,拿坡里燻腸義大利麵,708,1,2026-09-26,2026-09-26
全家,排骨蛋炒飯,626,1,2026-09-26,2026-09-26
全家,排骨雞湯麵特大號,492,1,2026-09-26,2026-09-26
全家,排骨雞風味乾麵,588,1,2026-09-26,2026-09-26
全家,排骨雞風味乾麵4入裝,2352,4,2026-09-26,2026-09-26
全家,排骨雞麵,426,1,2026-09-26,2026-09-26
全家,排骨雞麵(包),453,1,2026-09-26,2026-09-26
全家,提拉米蘇,157,1,2026-09-26,2026-09-26
全家,提拉米蘇冰淇淋迷你杯,194,1,2026-09-26,2026-09-26
全家,提神in果凍,54,1,2026-09-26,2026-09-26
全家,新冰仙女紅茶,132,1,2026-09-26,2026-09-26
全家,新冰仙女醇奶茶,214,1,2026-09-26,2026-09-26
全家,新普利超濃代謝夜酵素粉EX,32,5,2026-09-26,2026-09-26
全家,新熱仙女紅茶,134,1,2026-09-26,2026-09-26
全家,新熱仙女醇奶茶,278,1,2026-09-26,2026-09-26
全家,新牛奶糖隨手包,222,2,2026-09-26,2026-09-26
全家,新纖麥土司,986,2,2026-09-26,2026-09-26
全家,新貴派金黃焦糖花生威化棒,133,1,2026-09-26,2026-09-26
全家,新養樂多活菌發酵乳,64,1,2026-09-26,2026-09-26
全家,日夏檸檬Q堤,196,1,2026-09-26,2026-09-26
全家,日式味噌風味拉麵,345,1,2026-09-26,2026-09-26
全家,日式和風醬,48,1,2026-09-26,2026-09-26
全家,日式咖哩牛肉,186,1,2026-09-26,2026-09-26
全家,日式唐揚雞,209,1,2026-09-26,2026-09-26
全家,日式溫泉蛋,114,2,2026-09-26,2026-09-26
全家,日式漢堡排,248,1,2026-09-26,2026-09-26
全家,日式炙烤親子丼,600,1,2026-09-26,2026-09-26
全家,日式烤雞串口味玉米片,453,3,2026-09-26,2026-09-26
全家,日式胡麻醬,174,1,2026-09-26,2026-09-26
全家,日式茶碗蒸,82,1,2026-09-26,2026-09-26
全家,日式蕎麥沾麵,334,1,2026-09-26,2026-09-26
全家,日式蛋黃醬雞肉串,131,1,2026-09-26,2026-09-26
全家,日式豚骨風味拉麵,364,1,2026-09-26,2026-09-26
全家,日式雞白湯麵,508,1,2026-09-26,2026-09-26
全家,日式雞肉串,115,1,2026-09-26,2026-09-26
全家,日本全家微辣烤魚香條,92,1,2026-09-26,2026-09-26
全家,日本全家有明海苔味噌杯湯,41,1,2026-09-26,2026-09-26
全家,日本全家東鳩玉米小點,450,1,2026-09-26,2026-09-26
全家,日本全家東鳩超薄洋芋圈,367,1,2026-09-26,2026-09-26
全家,日本全家白飯,257,1,2026-09-26,2026-09-26
全家,日本全家蛤蜊味噌湯,33,1,2026-09-26,2026-09-26
全家,日本全家豆腐海帶湯,50,1,2026-09-26,2026-09-26
全家,日本甘樂葡萄鮮果實軟糖,192,1,2026-09-26,2026-09-26
全家,日清厚餡夾心酥-奶油風味,497,7,2026-09-26,2026-09-26
全家,日清奶油三明治,599,8,2026-09-26,2026-09-26
全家,日清巧克力三明治餅乾,656,8,2026-09-26,2026-09-26
全家,旭沛人蔘蜆精,5,1,2026-09-26,2026-09-26
全家,旺旺草莓吸C凍,56,1,2026-09-26,2026-09-26
全家,旺旺葡萄吸C凍,58,1,2026-09-26,2026-09-26
全家,明太子生鮭飯糰,162,1,2026-09-26,2026-09-26
全家,明太子蟹味棒,82,1,2026-09-26,2026-09-26
全家,明太子龍蝦風味沙拉飯糰,194,1,2026-09-26,2026-09-26
全家,明治抹茶超級冰淇淋,301,1,2026-09-26,2026-09-26
全家,明治條裝牛奶巧克力,230,1,2026-09-26,2026-09-26
全家,明治條裝黑巧克力,230,10,2026-09-26,2026-09-26
全家,明治片裝牛奶巧克力,280,1,2026-09-26,2026-09-26
全家,明治片裝黑巧克力,286,1,2026-09-26,2026-09-26
全家,明治薄荷巧克力超杯冰淇淋,341,1,2026-09-26,2026-09-26
全家,明治蜂蜜檸檬汽水口味嚼感軟糖,249,1,2026-09-26,2026-09-26
全家,明治香草超級冰淇淋,374,1,2026-09-26,2026-09-26
全家,易口舒沁涼薄荷,75,22,2026-09-26,2026-09-26
全家,易口舒沁甜西瓜薄荷錠,71,21,2026-09-26,2026-09-26
全家,易口舒沁香葡萄薄荷錠,77,22,2026-09-26,2026-09-26
全家,易口舒清爽蜜桃,77,22,2026-09-26,2026-09-26
全家,易口舒無糖勁爽薄荷錠,75,22,2026-09-26,2026-09-26
全家,易口舒繽紛野莓薄荷錠,79,22,2026-09-26,2026-09-26
全家,易口舒脆皮軟心薄荷糖-勁爽薄荷,136,17,2026-09-26,2026-09-26
全家,易口舒脆皮軟心薄荷糖-檸檬口味,138,17,2026-09-26,2026-09-26
全家,星-鐵板滑蛋炸豬排丼,693,1,2026-09-26,2026-09-26
全家,星太郎大雞汁點心麵,431,1,2026-09-26,2026-09-26
全家,星太郎雞汁超寬條餅,366,2,2026-09-26,2026-09-26
全家,星太郎香菜超寬條餅,356,2,2026-09-26,2026-09-26
全家,星太郎點心麵-小雞汁(鬼滅之刃),102,1,2026-09-26,2026-09-26
全家,星星脆哈蜜瓜牛奶口味,162,1,2026-09-26,2026-09-26
全家,普超條糖綜合水果味,208,1,2026-09-26,2026-09-26
全家,暢快人生奇異果精華版,46,3,2026-09-26,2026-09-26
全家,曠世奇派巧克力大雪糕,264,1,2026-09-26,2026-09-26
全家,曠世奇派提拉米蘇雪糕,260,1,2026-09-26,2026-09-26
全家,曠世奇派玫瑰鹽巧克力大雪糕,277,1,2026-09-26,2026-09-26
全家,曠世奇派草莓大雪糕,263,1,2026-09-26,2026-09-26
全家,有田海苔小卷,192,2,2026-09-26,2026-09-26
全家,杏仁可可餅乾,266,5,2026-09-26,2026-09-26
全家,杏仁小魚,280,2,2026-09-26,2026-09-26
全家,杏仁脆餅,172,1,2026-09-26,2026-09-26
全家,杜老爺淇淋巧酥甜筒,256,1,2026-09-26,2026-09-26
全家,東京豚骨風味拉麵冷凍包,400,1,2026-09-26,2026-09-26
全家,東尼可可玉米片40g,155,1,2026-09-26,2026-09-26
全家,東尼香甜玉米片,114,1,2026-09-26,2026-09-26
全家,東尼香甜玉米片40g,155,1,2026-09-26,2026-09-26
全家,東山綜合滷味,260,1,2026-09-26,2026-09-26
全家,東海大學高優質鮮乳946ml,608,4,2026-09-26,2026-09-26
全家,東鳩豌豆條,394,1,2026-09-26,2026-09-26
全家,松露野菇燉飯,415,1,2026-09-26,2026-09-26
全家,板巧克力夾心土司,218,1,2026-09-26,2026-09-26
全家,枇杷潤喉糖,230,24,2026-09-26,2026-09-26
全家,枇杷潤喉糖袋裝原味,77,8,2026-09-26,2026-09-26
全家,枇杷秋梨薄荷糖,73,27,2026-09-26,2026-09-26
全家,林鳳營全脂鮮乳,148,1,2026-09-26,2026-09-26
全家,林鳳營全脂鮮乳1857ml,1218,6,2026-09-26,2026-09-26
全家,林鳳營無加糖特濃重乳優格,100,1,2026-09-26,2026-09-26
全家,林鳳營特濃重乳優格,408,4,2026-09-26,2026-09-26
全家,林鳳營草莓特濃優格,416,4,2026-09-26,2026-09-26
全家,林鳳營藍莓特濃重乳優格,131,1,2026-09-26,2026-09-26
全家,果汁時刻鮮摘柳橙綜合果汁,137,1,2026-09-26,2026-09-26
全家,果漾草莓麵包,258,1,2026-09-26,2026-09-26
全家,果粒草莓滿餡麵包,289,1,2026-09-26,2026-09-26
全家,柑橘果乾,207,1,2026-09-26,2026-09-26
全家,柑橘風味潤喉糖,80,8,2026-09-26,2026-09-26
全家,柚香水蘿蔔80g,58,1,2026-09-26,2026-09-26
全家,核桃多穀黑麥土司,251,1,2026-09-26,2026-09-26
全家,格力高百奇巧克力棒,197,1,2026-09-26,2026-09-26
全家,格力高百奇牛奶餅乾巧克力棒,195,1,2026-09-26,2026-09-26
全家,格力高百奇草莓棒,196,1,2026-09-26,2026-09-26
全家,桂冠沙拉,645,5,2026-09-26,2026-09-26
全家,桂冠芋角牛奶Q雪糕,174,1,2026-09-26,2026-09-26
全家,桂圓紅棗水,20,2,2026-09-26,2026-09-26
全家,桂格100%喝的燕麥,126,1,2026-09-26,2026-09-26
全家,桂格100%喝的燕麥920ml,399,3,2026-09-26,2026-09-26
全家,桂格五白銀耳薏仁穀飲,96,1,2026-09-26,2026-09-26
全家,桂格五黑芝麻多穀飲,122,1,2026-09-26,2026-09-26
全家,桂格燕麥堅果王,118,1,2026-09-26,2026-09-26
全家,桂格純植蛋白奶原味,235,1,2026-09-26,2026-09-26
全家,桂格純植蛋白奶杏仁果風味,201,1,2026-09-26,2026-09-26
全家,桂格蟲草人蔘,14,1,2026-09-26,2026-09-26
全家,桂格顆粒燕麥,125,1,2026-09-26,2026-09-26
全家,桂格顆粒燕麥920ml,396,3,2026-09-26,2026-09-26
全家,桂格顆粒豆漿燕麥,109,1,2026-09-26,2026-09-26
全家,桂格養氣人蔘雞精,22,2,2026-09-26,2026-09-26
全家,梨子果肉牛奶雪糕,133,1,2026-09-26,2026-09-26
全家,森永嗨啾蜜桃乳酸軟糖,195,1,2026-09-26,2026-09-26
全家,森永大牛奶糖,220,5,2026-09-26,2026-09-26
全家,森永牛奶糖雪派,210,1,2026-09-26,2026-09-26
全家,森永罐裝彈珠汽水風味糖錠,108,2,2026-09-26,2026-09-26
全家,椒香溫泉蛋,138,2,2026-09-26,2026-09-26
全家,椒香風味豆腐棒,104,1,2026-09-26,2026-09-26
全家,椒鹽大雞排,509,1,2026-09-26,2026-09-26
全家,椒鹽檸檬鯖魚飯糰,162,1,2026-09-26,2026-09-26
全家,椒鹽甜不辣,234,1,2026-09-26,2026-09-26
全家,椒鹽雞翅,254,1,2026-09-26,2026-09-26
全家,椒鹽鹽酥雞,255,1,2026-09-26,2026-09-26
全家,椒麻滷三寶,226,1,2026-09-26,2026-09-26
全家,椒麻米粉,274,1,2026-09-26,2026-09-26
全家,椒麻紅燒鰻,222,2,2026-09-26,2026-09-26
全家,椒麻花生,387,2,2026-09-26,2026-09-26
全家,椒麻香蔥雞涼拌麵,445,1,2026-09-26,2026-09-26
全家,椰子風味可可棒,233,2,2026-09-26,2026-09-26
全家,椰香葡萄麵包,370,1,2026-09-26,2026-09-26
全家,楓糖千層派,294,1,2026-09-26,2026-09-26
全家,楓糖脆餅,97,1,2026-09-26,2026-09-26
全家,極上豚厚切火腿,120,2,2026-09-26,2026-09-26
全家,極品紅燒牛肉麵,607,1,2026-09-26,2026-09-26
全家,極酷嗆涼冰炫薄荷超值包,101,22,2026-09-26,2026-09-26
全家,極酷嗆涼重量包,95,22,2026-09-26,2026-09-26
全家,榛果可可爆餡餐包,402,3,2026-09-26,2026-09-26
全家,榛果可可醬,972,12,2026-09-26,2026-09-26
全家,榛果濃可可滿餡,379,1,2026-09-26,2026-09-26
全家,榴槤糯米風味焦糖脆餅,252,2,2026-09-26,2026-09-26
全家,樂事海苔口味洋芋片,360,2,2026-09-26,2026-09-26
全家,樂事炙鹽香蒜洋芋片,316,2,2026-09-26,2026-09-26
全家,樂事瑞士香濃起司洋芋片,363,3,2026-09-26,2026-09-26
全家,樂事神戶厚切牛排洋芋片,348,2,2026-09-26,2026-09-26
全家,樂事經典原味洋芋片,366,2,2026-09-26,2026-09-26
全家,樂天Joee希臘式優格草莓雪糕,184,1,2026-09-26,2026-09-26
全家,樂天小豬草莓可可冰淇淋夾心餅,268,1,2026-09-26,2026-09-26
全家,樂天巧克力派,744,6,2026-09-26,2026-09-26
全家,樂天懷舊糯玉米冰淇淋,163,1,2026-09-26,2026-09-26
全家,樂天蛋黃派,660,6,2026-09-26,2026-09-26
全家,樂特蜂膠甘草喉糖,50,1,2026-09-26,2026-09-26
全家,樂連輕雪鹽口味糖醋風味醬洋芋片,324,2,2026-09-26,2026-09-26
全家,樂連連原味洋芋片,324,2,2026-09-26,2026-09-26
全家,樂連連奶焗香蔥口味洋芋片,330,2,2026-09-26,2026-09-26
全家,樂連連海苔壽司洋芋片,324,2,2026-09-26,2026-09-26
全家,樂連連雞汁洋芋片,324,2,2026-09-26,2026-09-26
全家,樹薯粉,972,54,2026-09-26,2026-09-26
全家,樺達喜馬拉雅鹽檸檬薄荷分享包,133,10,2026-09-26,2026-09-26
全家,樺達硬喉糖檸檬薄荷,148,10,2026-09-26,2026-09-26
全家,樺達硬喉糖甘草金桔薄荷,148,10,2026-09-26,2026-09-26
全家,樺達硬喉糖超涼薄荷,148,10,2026-09-26,2026-09-26
全家,機上嚴選果鋪物語米果,1681,18,2026-09-26,2026-09-26
全家,檸檬夾心酥隨手包,399,3,2026-09-26,2026-09-26
全家,檸檬果乾,198,1,2026-09-26,2026-09-26
全家,檸檬蜂蜜水,128,1,2026-09-26,2026-09-26
全家,檸檬起司,246,6,2026-09-26,2026-09-26
全家,櫛瓜蔬菜堅果,484,4,2026-09-26,2026-09-26
全家,欣手藝-古早味金瓜炊粉,246,1,2026-09-26,2026-09-26
全家,欣手藝-港式酒香臘腸飯,448,1,2026-09-26,2026-09-26
全家,歐典黑糖仙草雙耳飲,70,1,2026-09-26,2026-09-26
全家,歐巴魚你串,139,1,2026-09-26,2026-09-26
全家,歐式田園沙拉,21,1,2026-09-26,2026-09-26
全家,歐維氏榛果威化棒,180,1,2026-09-26,2026-09-26
全家,正官庄活蔘28D PLUS,72,1,2026-09-26,2026-09-26
全家,正男醬香烤飯糰(2入),340,2,2026-09-26,2026-09-26
全家,每日C100%柳橙汁,132,1,2026-09-26,2026-09-26
全家,每日滿足草莓白巧穀物棒,103,1,2026-09-26,2026-09-26
全家,每日滿足莓果優格穀物棒,106,1,2026-09-26,2026-09-26
全家,每日滿足藍莓可可蛋白穀物棒,97,1,2026-09-26,2026-09-26
全家,每日Ｃ100%蘋果芭樂綜合果汁,155,1,2026-09-26,2026-09-26
全家,每朝健康無糖熟藏紅茶,20,10,2026-09-26,2026-09-26
全家,比利時蓮花薄脆餅,450,12,2026-09-26,2026-09-26
全家,比利時黑巧克力雪糕,252,1,2026-09-26,2026-09-26
全家,比菲多慢燒烤奶茶乳飲品,135,1,2026-09-26,2026-09-26
全家,毛豆三兄弟,157,1,2026-09-26,2026-09-26
全家,水果玉米筍,16,1,2026-09-26,2026-09-26
全家,水果聖代三明治,165,1,2026-09-26,2026-09-26
全家,水水灶咖-泰式蛤蜊酸辣寬粉,173,1,2026-09-26,2026-09-26
全家,水水灶咖-泰式辣炒豬肉飯,344,1,2026-09-26,2026-09-26
全家,水水灶咖洋芋片-水果啤酒風味,282,2,2026-09-26,2026-09-26
全家,水水灶咖洋芋片-甘梅芭樂風味,286,2,2026-09-26,2026-09-26
全家,水蜜桃鮮果乾,108,3,2026-09-26,2026-09-26
全家,水蠻牛維他命B補給飲料,142,2,2026-09-26,2026-09-26
全家,江南醬燒炒泡麵,510,1,2026-09-26,2026-09-26
全家,沁涼薄荷巧克力冰淇淋迷你杯,250,1,2026-09-26,2026-09-26
全家,沙茶牛肉炒麵,550,1,2026-09-26,2026-09-26
全家,沙茶鍋燒湯麵,516,1,2026-09-26,2026-09-26
全家,沙茶香辣雞胗,226,1,2026-09-26,2026-09-26
全家,法式千層蛋糕,212,1,2026-09-26,2026-09-26
全家,法式抹茶拿鐵,459,5,2026-09-26,2026-09-26
全家,法式檸檬塔,267,1,2026-09-26,2026-09-26
全家,法式香濃奶醬海鮮飯,537,1,2026-09-26,2026-09-26
全家,法式香濃海鮮焗飯,582,1,2026-09-26,2026-09-26
全家,法式香草嫩雞胸,106,1,2026-09-26,2026-09-26
全家,泡麵起司,307,5,2026-09-26,2026-09-26
全家,波樂純味無添加鹽洋芋片,326,2,2026-09-26,2026-09-26
全家,波樂香烤肋排味洋芋片,360,2,2026-09-26,2026-09-26
全家,波的多川麻椒香炸雞風味,296,2,2026-09-26,2026-09-26
全家,波的多洋芋片花雕雞風味,277,2,2026-09-26,2026-09-26
全家,波的多蚵仔煎口味薄片,311,2,2026-09-26,2026-09-26
全家,波的多韓式甘醬炸雞風味,297,2,2026-09-26,2026-09-26
全家,波蜜一日蔬果100％紫色蔬果汁,186,1,2026-09-26,2026-09-26
全家,波蜜果菜汁,216,1,2026-09-26,2026-09-26
全家,波蜜果菜汁330ml,122,1,2026-09-26,2026-09-26
全家,波蜜蔬果汁低卡,76,1,2026-09-26,2026-09-26
全家,泰國MAMA酸辣蝦味杯麵,272,1,2026-09-26,2026-09-26
全家,泰國Tasto冬蔭功厚切薯片,471,3,2026-09-26,2026-09-26
全家,泰國皇家牛奶片,120,5,2026-09-26,2026-09-26
全家,泰國頭等艙梅子,94,2,2026-09-26,2026-09-26
全家,泰奶可可布丁塔,259,1,2026-09-26,2026-09-26
全家,泰山八寶粥,269,1,2026-09-26,2026-09-26
全家,泰式綠咖哩雞,585,1,2026-09-26,2026-09-26
全家,津津綠蘆筍汁,204,2,2026-09-26,2026-09-26
全家,津津蘆筍汁,173,1,2026-09-26,2026-09-26
全家,洪師父至尊三寶牛肉碗麵,510,1,2026-09-26,2026-09-26
全家,活益比菲多減糖纖維,278,1,2026-09-26,2026-09-26
全家,活益比菲多發酵乳原味,297,1,2026-09-26,2026-09-26
全家,活益比菲多益生菌軟糖原味,108,3,2026-09-26,2026-09-26
全家,浪你平安包-田園蔬菜口味洋芋捲,726,6,2026-09-26,2026-09-26
全家,浪味仙拭事順心包(洋芋捲),448,4,2026-09-26,2026-09-26
全家,浪味仙田園蔬菜風味,212,2,2026-09-26,2026-09-26
全家,海味藏蝦捲,99,1,2026-09-26,2026-09-26
全家,海底雞,309,2,2026-09-26,2026-09-26
全家,海苔肉鬆沙拉麵包,449,1,2026-09-26,2026-09-26
全家,海苔豆腐味噌湯,29,1,2026-09-26,2026-09-26
全家,海苔魚板棒,104,1,2026-09-26,2026-09-26
全家,海藻野菜沙拉,20,1,2026-09-26,2026-09-26
全家,海陸滿滿蛋白棒,74,1,2026-09-26,2026-09-26
全家,海陸雙拼壽司,330,1,2026-09-26,2026-09-26
全家,海陸雙拼肉肉餐盒,545,1,2026-09-26,2026-09-26
全家,海鮮什錦炒麵,331,1,2026-09-26,2026-09-26
全家,海鮮巧達義大利濃湯麵,181,1,2026-09-26,2026-09-26
全家,海鮮魚卵棒,59,1,2026-09-26,2026-09-26
全家,海鮮魚板,83,1,2026-09-26,2026-09-26
全家,海鹽厚巧克力纖脆燕麥棒,147,1,2026-09-26,2026-09-26
全家,海鹽地瓜條,238,2,2026-09-26,2026-09-26
全家,海鹽奶油羅宋,383,1,2026-09-26,2026-09-26
全家,海鹽檸檬飲,142,1,2026-09-26,2026-09-26
全家,海鹽薯條,232,2,2026-09-26,2026-09-26
全家,淇淋巧酥品脫冰淇淋,1060,4,2026-09-26,2026-09-26
全家,淇淋巧酥迷你杯冰淇淋,224,1,2026-09-26,2026-09-26
全家,淡麗清酒蒸蛤蜊烤飯糰,177,1,2026-09-26,2026-09-26
全家,深焙花生滿餡麵包,432,1,2026-09-26,2026-09-26
全家,清潤無糖枇杷膏,84,4,2026-09-26,2026-09-26
全家,清炒蛤蜊義大利麵,234,1,2026-09-26,2026-09-26
全家,港式滑蛋牛肉燴飯,560,1,2026-09-26,2026-09-26
全家,港式鮮蝦雲吞撈麵,397,1,2026-09-26,2026-09-26
全家,湖池屋北海道玉米濃湯洋芋片,392,2,2026-09-26,2026-09-26
全家,湖池屋洋芋片海苔鹽口味,434,2,2026-09-26,2026-09-26
全家,溏心蛋洋芋沙拉,143,1,2026-09-26,2026-09-26
全家,滋露奶油巧克力,102,2,2026-09-26,2026-09-26
全家,滋露草莓巧克力,102,2,2026-09-26,2026-09-26
全家,滿天星原味,186,2,2026-09-26,2026-09-26
全家,滿滿果乾切片軟歐,450,1,2026-09-26,2026-09-26
全家,滿滿水果白熊冰,318,1,2026-09-26,2026-09-26
全家,滿漢大餐珍味牛肉麵,597,1,2026-09-26,2026-09-26
全家,滿漢大餐蔥燒牛肉麵,576,1,2026-09-26,2026-09-26
全家,滿漢大餐蔥燒豬肉麵,583,1,2026-09-26,2026-09-26
全家,滿漢大餐麻辣鍋牛肉麵,667,1,2026-09-26,2026-09-26
全家,滿漢小香腸,228,1,2026-09-26,2026-09-26
全家,潔淨清檸袋裝口香糖,48,10,2026-09-26,2026-09-26
全家,潔淨袋裝無糖口香糖,47,10,2026-09-26,2026-09-26
全家,潔淨超值包口香糖,103,22,2026-09-26,2026-09-26
全家,潤之泉枸杞菊花茶,63,1,2026-09-26,2026-09-26
全家,潤之泉養氣紅棗茶,61,1,2026-09-26,2026-09-26
全家,激辣辛杯麵,286,1,2026-09-26,2026-09-26
全家,濃可可紅寶石切片軟歐,466,1,2026-09-26,2026-09-26
全家,濃郁奶茶流心脆皮雪糕,265,1,2026-09-26,2026-09-26
全家,濃郁牛肉肉醬義大利麵,254,1,2026-09-26,2026-09-26
全家,火腿起司蛋三明治,202,1,2026-09-26,2026-09-26
全家,火辣雞肉風味鐵板炒麵杯裝,282,1,2026-09-26,2026-09-26
全家,炒泡麵爆香三杯風味,511,1,2026-09-26,2026-09-26
全家,炙烤醬香燒豚飯,645,1,2026-09-26,2026-09-26
全家,炙烤雞汁口味玉米片,274,2,2026-09-26,2026-09-26
全家,炭燒秘醬熱狗,186,1,2026-09-26,2026-09-26
全家,炸醬炒泡麵,557,1,2026-09-26,2026-09-26
全家,炸醬麵,418,1,2026-09-26,2026-09-26
全家,炸醬麵(包),2092,5,2026-09-26,2026-09-26
全家,烏魚子炒飯,452,1,2026-09-26,2026-09-26
全家,烤蛋白餐盒,438,1,2026-09-26,2026-09-26
全家,焗烤起司雙饗筆尖麵,725,1,2026-09-26,2026-09-26
全家,焙煎小麥鹽可頌,238,1,2026-09-26,2026-09-26
全家,焙煎蕎麥奶茶,493,5,2026-09-26,2026-09-26
全家,無加糖鮮豆漿1857ml,674,6,2026-09-26,2026-09-26
全家,無籽冰梅肉,32,1,2026-09-26,2026-09-26
全家,無籽梅肉,36,1,2026-09-26,2026-09-26
全家,無糖超涼薄荷糖,70,10,2026-09-26,2026-09-26
全家,無骨鹽酥雞,391,1,2026-09-26,2026-09-26
全家,無鹽奶油100g,750,10,2026-09-26,2026-09-26
全家,焦糖奶油脆餅冰淇淋迷你杯,226,1,2026-09-26,2026-09-26
全家,焦糖巧克力起司,294,6,2026-09-26,2026-09-26
全家,焦糖瑪奇朵口味高纖燕麥棒,146,1,2026-09-26,2026-09-26
全家,煉乳奶霜菠蘿,458,1,2026-09-26,2026-09-26
全家,煙燻風味魚香腸,63,1,2026-09-26,2026-09-26
全家,照燒雞腿肉串,78,1,2026-09-26,2026-09-26
全家,照燒風味雞Q丸,176,1,2026-09-26,2026-09-26
全家,熔岩批薩風味洋芋片,282,1,2026-09-26,2026-09-26
全家,熟成紅鮭飯糰,164,1,2026-09-26,2026-09-26
全家,熱厚濃抹茶拿鐵,345,1,2026-09-26,2026-09-26
全家,熱厚濃靜岡抹茶拿鐵,329,1,2026-09-26,2026-09-26
全家,熱唐寧果漾伯爵,240,1,2026-09-26,2026-09-26
全家,熱帶水果椰香義式冰淇淋迷你杯,159,1,2026-09-26,2026-09-26
全家,熱狗麵包,172,1,2026-09-26,2026-09-26
全家,燕麥脆片-椰香可可風味,116,1,2026-09-26,2026-09-26
全家,燕麥野菇粥,127,1,2026-09-26,2026-09-26
全家,燕麥高纖無加糖豆漿1857ml,762,4,2026-09-26,2026-09-26
全家,營多拌湯麵青檸牛肉風味,324,1,2026-09-26,2026-09-26
全家,營養口糧,586,10,2026-09-26,2026-09-26
全家,燻烤蝴蝶棒腿,328,1,2026-09-26,2026-09-26
全家,燻腸起司通心粉,530,1,2026-09-26,2026-09-26
全家,燻香雞腿排,293,1,2026-09-26,2026-09-26
全家,燻鴨佐白蘭地義大利麵,462,1,2026-09-26,2026-09-26
全家,爆米花脆片海鹽口味,196,2,2026-09-26,2026-09-26
全家,爆米花脆片鹹甜口味,210,2,2026-09-26,2026-09-26
全家,爆能哈哈真香能量飲料,14,1,2026-09-26,2026-09-26
全家,爆脆捲濃厚青醬牛口味玉米捲,252,2,2026-09-26,2026-09-26
全家,爆脆捲爆蒜濃蝦口味玉米捲,254,2,2026-09-26,2026-09-26
全家,爆香牛肉湯麵,498,1,2026-09-26,2026-09-26
全家,牛蒡海鮮丸子,378,1,2026-09-26,2026-09-26
全家,牛角泡菜,36,1,2026-09-26,2026-09-26
全家,牛角麵包,344,1,2026-09-26,2026-09-26
全家,牧場直送4.0巧克力牛奶雪糕,175,1,2026-09-26,2026-09-26
全家,牧場直送4.0無加糖濃醇優酪乳,118,2,2026-09-26,2026-09-26
全家,牧場直送4.0牛奶冰淇淋甜筒,250,1,2026-09-26,2026-09-26
全家,牧場直送4.0牛奶雪糕,166,1,2026-09-26,2026-09-26
全家,牧場直送4.0玉米牛奶雪糕,145,1,2026-09-26,2026-09-26
全家,牧場直送4.0生乳優格,109,1,2026-09-26,2026-09-26
全家,牧場直送4.0花生牛奶雪糕,188,1,2026-09-26,2026-09-26
全家,牧場直送4.0鮮乳1858ml,1264,5,2026-09-26,2026-09-26
全家,牧場直送4.0鮮乳900ml,612,3,2026-09-26,2026-09-26
全家,牧場直送鮮乳375ml,255,1,2026-09-26,2026-09-26
全家,特上檸檬茶330ml,116,1,2026-09-26,2026-09-26
全家,特大冰4水果茶,333,1,2026-09-26,2026-09-26
全家,特大冰五窨茉莉醇奶茶,140,1,2026-09-26,2026-09-26
全家,特大冰冬瓜QQ撞奶,486,1,2026-09-26,2026-09-26
全家,特大冰卡曼橘青茶,238,1,2026-09-26,2026-09-26
全家,特大冰夏芒粉角青茶,437,1,2026-09-26,2026-09-26
全家,特大冰寒天甘蔗檸檬,274,1,2026-09-26,2026-09-26
全家,特大冰杏仁凍青茶,145,1,2026-09-26,2026-09-26
全家,特大冰柳丁橙柚綠,304,1,2026-09-26,2026-09-26
全家,特大冰柳橙香柚綠茶,298,1,2026-09-26,2026-09-26
全家,特大冰桃粿仙女紅茶,353,1,2026-09-26,2026-09-26
全家,特大冰泰式奶茶,518,1,2026-09-26,2026-09-26
全家,特大冰甘蔗青茶,306,1,2026-09-26,2026-09-26
全家,特大冰白烏龍醇奶茶(膠囊),140,1,2026-09-26,2026-09-26
全家,特大冰百香QQ綠,416,1,2026-09-26,2026-09-26
全家,特大冰紅心芭樂牛奶,432,1,2026-09-26,2026-09-26
全家,特大冰經典冰磚拿鐵,304,1,2026-09-26,2026-09-26
全家,特大冰能量仙女紅(巨峰葡萄),271,1,2026-09-26,2026-09-26
全家,特大冰能量仙女紅(野莓),132,1,2026-09-26,2026-09-26
全家,特大冰芭樂檸檬綠,307,1,2026-09-26,2026-09-26
全家,特大冰芭Ｃ檸檬綠,354,1,2026-09-26,2026-09-26
全家,特大冰荔枝貴妃紅茶,253,1,2026-09-26,2026-09-26
全家,特大冰蘋果芒芒綠,294,1,2026-09-26,2026-09-26
全家,特大冰西西里咖啡,253,1,2026-09-26,2026-09-26
全家,特大冰西西里氣泡美式,241,1,2026-09-26,2026-09-26
全家,特大冰金焙蕎麥醇奶茶,140,1,2026-09-26,2026-09-26
全家,特大冰香蕉火龍果牛奶,385,1,2026-09-26,2026-09-26
全家,特大冰鮮露醇奶茶(膠囊),140,1,2026-09-26,2026-09-26
全家,特大熱經典拿鐵,289,1,2026-09-26,2026-09-26
全家,特大熱經典美式,19,1,2026-09-26,2026-09-26
全家,特級冰淇淋甜筒,247,1,2026-09-26,2026-09-26
全家,特級砂糖,1213,6,2026-09-26,2026-09-26
全家,特製紅糖,979,5,2026-09-26,2026-09-26
全家,特趣焦糖夾心巧克力鹹焦糖,248,1,2026-09-26,2026-09-26
全家,特趣焦糖巧克力香脆麥餅,104,1,2026-09-26,2026-09-26
全家,特趣焦糖餅乾巧克力,272,2,2026-09-26,2026-09-26
全家,特選甘栗５５ｇ,100,2,2026-09-26,2026-09-26
全家,特選香菇,17,1,2026-09-26,2026-09-26
全家,玄米抹茶纖脆燕麥棒,154,1,2026-09-26,2026-09-26
全家,玉井情人果大脆冰棒,82,1,2026-09-26,2026-09-26
全家,玉米咖啡酷繽沙,228,1,2026-09-26,2026-09-26
全家,玉米濃湯焗烤飯,628,1,2026-09-26,2026-09-26
全家,玉米牛奶酷繽沙,286,1,2026-09-26,2026-09-26
全家,玉米豬肉手工水餃,295,1,2026-09-26,2026-09-26
全家,玉米起司蛋餅,288,1,2026-09-26,2026-09-26
全家,玉米鬚茶,9,2,2026-09-26,2026-09-26
全家,王子麵,206,1,2026-09-26,2026-09-26
全家,玩具總動員公仔食玩扭蛋機,57,1,2026-09-26,2026-09-26
全家,玫瑰四物飲含鐵,65,1,2026-09-26,2026-09-26
全家,玫瑰洛神乳酪貝果,257,1,2026-09-26,2026-09-26
全家,珍保玉筍,298,2,2026-09-26,2026-09-26
全家,珍珠玉米粒340gx3入,284,4,2026-09-26,2026-09-26
全家,珍珠開心果,300,2,2026-09-26,2026-09-26
全家,珍珠香腸(蒜味),179,1,2026-09-26,2026-09-26
全家,瑞士三角牛奶巧克力,256,2,2026-09-26,2026-09-26
全家,瑞士熱巧克力,438,5,2026-09-26,2026-09-26
全家,瑞士爽口糖,148,10,2026-09-26,2026-09-26
全家,瑞穗低脂鮮乳,129,1,2026-09-26,2026-09-26
全家,瑞穗全脂鮮乳1858ml,1210,10,2026-09-26,2026-09-26
全家,瑞穗全脂鮮乳930ml,606,3,2026-09-26,2026-09-26
全家,瑞穗全脂鮮奶,189,1,2026-09-26,2026-09-26
全家,瑞穗蘋果牛奶,285,4,2026-09-26,2026-09-26
全家,瑞穗麥芽牛奶,279,1,2026-09-26,2026-09-26
全家,甘梅地瓜薯條,262,1,2026-09-26,2026-09-26
全家,甘樂可樂口味Marosh軟糖,156,1,2026-09-26,2026-09-26
全家,甘樂幸水梨鮮果實軟糖,178,1,2026-09-26,2026-09-26
全家,甘樂愛心圈圈汽水鮮果實軟糖,218,1,2026-09-26,2026-09-26
全家,甘樂雙奇異果氣泡飲鮮果實軟糖,178,1,2026-09-26,2026-09-26
全家,甘樂鹽味西瓜鮮果實軟糖,174,1,2026-09-26,2026-09-26
全家,甘醇醬油,555,50,2026-09-26,2026-09-26
全家,甘露梨(截切),43,1,2026-09-26,2026-09-26
全家,甜玉米起司魚板,35,1,2026-09-26,2026-09-26
全家,甜酒豆腐乳,420,20,2026-09-26,2026-09-26
全家,甜鹹口味微波爆米花,569,1,2026-09-26,2026-09-26
全家,生土司,246,1,2026-09-26,2026-09-26
全家,生巧克力派-桔梗屋監製信玄餅味,259,1,2026-09-26,2026-09-26
全家,生活泡沫綠茶,146,2,2026-09-26,2026-09-26
全家,生活泡沫綠茶330ml,92,1,2026-09-26,2026-09-26
全家,生菜鮮蝦脆卷,117,1,2026-09-26,2026-09-26
全家,生藍莓優格滿餡麵包,304,1,2026-09-26,2026-09-26
全家,生鱈魚子鮭魚飯糰,182,1,2026-09-26,2026-09-26
全家,田七瑪卡王精華飲,33,1,2026-09-26,2026-09-26
全家,田園巧達濃湯,74,1,2026-09-26,2026-09-26
全家,田園玉米義大利濃湯麵,182,1,2026-09-26,2026-09-26
全家,田園蔬食粥,117,1,2026-09-26,2026-09-26
全家,番茄羅勒起司燕麥棒,142,1,2026-09-26,2026-09-26
全家,當歸枸杞風味麵,459,1,2026-09-26,2026-09-26
全家,白桃青心烏龍氣泡茶,64,1,2026-09-26,2026-09-26
全家,白蘭氏好眠雞精,16,1,2026-09-26,2026-09-26
全家,白蘭氏學進雞精,22,1,2026-09-26,2026-09-26
全家,白蘭氏旭沛蜆精,6,1,2026-09-26,2026-09-26
全家,白蘭氏百香口味養蔘元氣凍,18,1,2026-09-26,2026-09-26
全家,白蘭氏莓果口味養蔘元氣凍,20,1,2026-09-26,2026-09-26
全家,白蘭氏葉黃素精華凍,38,2,2026-09-26,2026-09-26
全家,白蘭氏雙認證雞精,22,1,2026-09-26,2026-09-26
全家,白酒清炒鮮蛤義大利麵,406,1,2026-09-26,2026-09-26
全家,百事可樂,276,2,2026-09-26,2026-09-26
全家,百事檸檬生可樂,140,2,2026-09-26,2026-09-26
全家,百力滋蕃茄野菜棒,267,2,2026-09-26,2026-09-26
全家,百吉xCoCo楊枝甘露雪糕,102,1,2026-09-26,2026-09-26
全家,百吉巧克力脆皮大雪糕,164,1,2026-09-26,2026-09-26
全家,百吉布丁大雪糕,132,1,2026-09-26,2026-09-26
全家,百吉彈珠汽水棒棒冰,82,1,2026-09-26,2026-09-26
全家,百吉蘇打大雪糕,78,1,2026-09-26,2026-09-26
全家,百吉謎之雪糕2.0,162,1,2026-09-26,2026-09-26
全家,百吉ｘ立頓奶茶雪糕,172,1,2026-09-26,2026-09-26
全家,百奇杏仁粒粒可可棒,234,2,2026-09-26,2026-09-26
全家,百奇極細巧克力棒,340,2,2026-09-26,2026-09-26
全家,百奇草莓粒粒可可棒,264,2,2026-09-26,2026-09-26
全家,百奇藍莓果粒優格棒,189,1,2026-09-26,2026-09-26
全家,皇朝牛筋麵,511,1,2026-09-26,2026-09-26
全家,皮禮士貝思玩偶水果糖,102,3,2026-09-26,2026-09-26
全家,皮蛋辣拌麵,621,1,2026-09-26,2026-09-26
全家,益活雞力能量堡,202,1,2026-09-26,2026-09-26
全家,益活雞嫩雞胸-甘味湖鹽,110,1,2026-09-26,2026-09-26
全家,益活雞甘味湖鹽烤翅,254,1,2026-09-26,2026-09-26
全家,益活雞胸補力餐盒,559,1,2026-09-26,2026-09-26
全家,益生菌in果凍,75,1,2026-09-26,2026-09-26
全家,盛香珍大果實綜合果凍,144,2,2026-09-26,2026-09-26
全家,盛香珍大果實葡萄果凍,151,2,2026-09-26,2026-09-26
全家,盛香珍大果實蜜柑果凍,145,2,2026-09-26,2026-09-26
全家,盛香珍小魚干花生,348,3,2026-09-26,2026-09-26
全家,監修大蒜豚骨醬油風味拉麵,437,1,2026-09-26,2026-09-26
全家,真好家山葵醬,130,5,2026-09-26,2026-09-26
全家,真好家芝麻香油,10764,13,2026-09-26,2026-09-26
全家,真好家辣椒醬,156,13,2026-09-26,2026-09-26
全家,真好家黑麻油,10738,13,2026-09-26,2026-09-26
全家,真食雞胸-經典原味,272,1,2026-09-26,2026-09-26
全家,真魷味紅燒口味,354,4,2026-09-26,2026-09-26
全家,瞎咪異鼠老鼠造型軟糖,328,4,2026-09-26,2026-09-26
全家,砂糖橘(截切),68,1,2026-09-26,2026-09-26
全家,砂鍋魚頭火鍋口味洋芋片,387,3,2026-09-26,2026-09-26
全家,碳烤燒肉飯飯糰,184,1,2026-09-26,2026-09-26
全家,碳燻烏沉李,171,1,2026-09-26,2026-09-26
全家,福樂Q果芒果芝芝優酪雪糕,149,1,2026-09-26,2026-09-26
全家,福樂Q果草莓芝芝優酪雪糕,140,1,2026-09-26,2026-09-26
全家,福樂Q果草莓覆盆莓優酪,222,2,2026-09-26,2026-09-26
全家,福樂一番鮮全脂鮮乳936ml,608,4,2026-09-26,2026-09-26
全家,福樂燕麥草莓優酪,113,1,2026-09-26,2026-09-26
全家,福樂超能蛋白無加糖優酪,113,1,2026-09-26,2026-09-26
全家,福樂超能蛋白營養牛乳可可口味,207,1,2026-09-26,2026-09-26
全家,福樂超能蛋白牛乳奶茶風味,197,1,2026-09-26,2026-09-26
全家,福樂超能蛋白牛乳鮮莓風味,207,1,2026-09-26,2026-09-26
全家,福樂超能蛋白百香果優酪,113,1,2026-09-26,2026-09-26
全家,福樂頂級希臘式優格,115,1,2026-09-26,2026-09-26
全家,福樂頂級蜂蜜希臘式優酪,103,1,2026-09-26,2026-09-26
全家,福樂頂級鮮奶優酪,84,1,2026-09-26,2026-09-26
全家,福樂頂級鮮奶優酪500g,305,5,2026-09-26,2026-09-26
全家,福樂Ｑ果蘋果蔓越莓優酪,108,1,2026-09-26,2026-09-26
全家,福記日式滷蛋,60,1,2026-09-26,2026-09-26
全家,科學麵,195,1,2026-09-26,2026-09-26
全家,科學麵香蔥雞汁,194,1,2026-09-26,2026-09-26
全家,秘製雞汁口味洋芋片,636,4,2026-09-26,2026-09-26
全家,秘製香辣脆餅,83,1,2026-09-26,2026-09-26
全家,秘香椒麻嫩雞胸,149,1,2026-09-26,2026-09-26
全家,究極味付蛋,59,1,2026-09-26,2026-09-26
全家,立頓冰梅翡翠,141,1,2026-09-26,2026-09-26
全家,立頓原味奶茶,156,1,2026-09-26,2026-09-26
全家,立頓奶茶330ml,144,1,2026-09-26,2026-09-26
全家,立頓巧克力奶茶330ml,148,1,2026-09-26,2026-09-26
全家,立頓熱帶水果風味氣泡茶,44,1,2026-09-26,2026-09-26
全家,立頓琥珀紅茶,106,1,2026-09-26,2026-09-26
全家,立頓紅龜粿風味奶茶,187,1,2026-09-26,2026-09-26
全家,立頓英式奶茶,150,2,2026-09-26,2026-09-26
全家,立頓萃香奶綠,140,2,2026-09-26,2026-09-26
全家,立頓蜂蜜紅茶,122,2,2026-09-26,2026-09-26
全家,立頓蜜桃烏龍茶650ml,76,1,2026-09-26,2026-09-26
全家,立頓鮮橙茉綠600ml,216,2,2026-09-26,2026-09-26
全家,筋子銀鮭飯糰,161,1,2026-09-26,2026-09-26
全家,米米花經典湖鹽,152,1,2026-09-26,2026-09-26
全家,粉絲快煮型,397,3,2026-09-26,2026-09-26
全家,精燉肉燥湯麵,397,1,2026-09-26,2026-09-26
全家,精燉肉燥湯麵5入裝,1985,5,2026-09-26,2026-09-26
全家,精緻豬肉鬆,846,9,2026-09-26,2026-09-26
全家,精製二砂,1194,6,2026-09-26,2026-09-26
全家,精製特砂,4000,100,2026-09-26,2026-09-26
全家,糖燻豬耳絲,170,1,2026-09-26,2026-09-26
全家,糖燻野郎三十天熟成牛飯,659,1,2026-09-26,2026-09-26
全家,糖燻野郎起司炙燒牛烤飯糰,222,1,2026-09-26,2026-09-26
全家,糖燻雞胗,122,1,2026-09-26,2026-09-26
全家,糖燻雞腿,122,1,2026-09-26,2026-09-26
全家,糖醋炸雞,244,1,2026-09-26,2026-09-26
全家,紅心芭樂茉綠奶蓋雪糕,170,1,2026-09-26,2026-09-26
全家,紅心芭樂鮮果乾,118,3,2026-09-26,2026-09-26
全家,紅棗綜合堅果,266,2,2026-09-26,2026-09-26
全家,紅燒嫩菇湯麵,468,1,2026-09-26,2026-09-26
全家,紅燒牛肉湯麵,436,1,2026-09-26,2026-09-26
全家,紅燒牛腩,119,1,2026-09-26,2026-09-26
全家,紅燒雙寶牛肉麵,577,1,2026-09-26,2026-09-26
全家,紅牌速纖纖維飲料,126,1,2026-09-26,2026-09-26
全家,紅牛巨峰葡萄能量飲料,107,1,2026-09-26,2026-09-26
全家,紅牛日本醡橘風味能量飲料,107,1,2026-09-26,2026-09-26
全家,紅牛能量飲料,107,1,2026-09-26,2026-09-26
全家,紅牛能量飲料355ml,152,1,2026-09-26,2026-09-26
全家,紅肉李鮮果乾,120,1,2026-09-26,2026-09-26
全家,紅茶牛乳,195,1,2026-09-26,2026-09-26
全家,紅茶牛奶焦糖奶蓋雪糕,175,1,2026-09-26,2026-09-26
全家,紅藜蔬食炒飯,515,1,2026-09-26,2026-09-26
全家,紅豆mini銅鑼燒,229,6,2026-09-26,2026-09-26
全家,紅豆牛奶冰棒,164,1,2026-09-26,2026-09-26
全家,紅豆生乳銅鑼燒,146,1,2026-09-26,2026-09-26
全家,紅豆粉粿,626,4,2026-09-26,2026-09-26
全家,紅豆薏仁水,3,2,2026-09-26,2026-09-26
全家,紅豆麵包,261,1,2026-09-26,2026-09-26
全家,紅豆黑糖麻糬三明治,211,1,2026-09-26,2026-09-26
全家,紐奧良風味烤雞鮮蔬三明治,205,1,2026-09-26,2026-09-26
全家,紐澳良辣味烤翅,240,1,2026-09-26,2026-09-26
全家,純喫茶檸檬紅茶650ml,228,2,2026-09-26,2026-09-26
全家,純喫茶紅茶,142,2,2026-09-26,2026-09-26
全家,純喫茶紅茶650ml,192,2,2026-09-26,2026-09-26
全家,純喫茶紅茶960ml,284,4,2026-09-26,2026-09-26
全家,純喫茶綠茶,100,2,2026-09-26,2026-09-26
全家,純喫茶綠茶650ml,135,2,2026-09-26,2026-09-26
全家,純喫茶芭樂綠茶650ml,260,2,2026-09-26,2026-09-26
全家,純喫茶鮮柚綠茶650ml,254,2,2026-09-26,2026-09-26
全家,純萃喝重乳拿鐵,215,1,2026-09-26,2026-09-26
全家,素食炸醬麵,2129,5,2026-09-26,2026-09-26
全家,紫拿鐵綜合果蔬汁,153,1,2026-09-26,2026-09-26
全家,紹興夯腸,200,1,2026-09-26,2026-09-26
全家,紹興梅,53,1,2026-09-26,2026-09-26
全家,紹興醉雞風味飯糰,159,1,2026-09-26,2026-09-26
全家,統一多多活菌發酵乳原味,116,1,2026-09-26,2026-09-26
全家,統一多多活菌發酵乳原味370ml,271,1,2026-09-26,2026-09-26
全家,統一多多活菌發酵乳牛奶口味,116,1,2026-09-26,2026-09-26
全家,統一多多活菌發酵乳草莓口味,116,1,2026-09-26,2026-09-26
全家,統一大雞蛋布丁,205,1,2026-09-26,2026-09-26
全家,統一肉燥風味麵,417,1,2026-09-26,2026-09-26
全家,統一脆麵,266,1,2026-09-26,2026-09-26
全家,統一陽光無加糖高纖豆漿,167,1,2026-09-26,2026-09-26
全家,統一陽光黃金豆豆漿,234,4,2026-09-26,2026-09-26
全家,統一雞蛋布丁,110,1,2026-09-26,2026-09-26
全家,經典人氣雙手卷,315,1,2026-09-26,2026-09-26
全家,經典傳統飯糰,422,1,2026-09-26,2026-09-26
全家,經典凱薩醬,92,1,2026-09-26,2026-09-26
全家,經典小籠湯包,234,2,2026-09-26,2026-09-26
全家,經典歐式熱狗腸,234,9,2026-09-26,2026-09-26
全家,經典火腿玉米蛋三明治,168,1,2026-09-26,2026-09-26
全家,經典爆汁熱狗,219,1,2026-09-26,2026-09-26
全家,經典總匯三明治,209,1,2026-09-26,2026-09-26
全家,經典美式雞球,275,1,2026-09-26,2026-09-26
全家,經典肉醬義大利麵,229,1,2026-09-26,2026-09-26
全家,經典肉鬆飯糰,223,1,2026-09-26,2026-09-26
全家,經典虎皮蛋糕,319,1,2026-09-26,2026-09-26
全家,經典蜂蜜蛋糕,201,1,2026-09-26,2026-09-26
全家,經典蜂蜜鬆餅,365,1,2026-09-26,2026-09-26
全家,經典超大雞排,742,1,2026-09-26,2026-09-26
全家,經典雙牛起司堡,328,1,2026-09-26,2026-09-26
全家,經典雙色小泡芙,217,1,2026-09-26,2026-09-26
全家,經典風味玉米濃湯,220,3,2026-09-26,2026-09-26
全家,經典鹹甜爆米花,544,2,2026-09-26,2026-09-26
全家,經典黃金腿條,239,1,2026-09-26,2026-09-26
全家,經典黑炫牛奶酷繽沙,347,1,2026-09-26,2026-09-26
全家,綜合水果飽嘴軟糖,110,5,2026-09-26,2026-09-26
全家,綜合海鮮丸子,286,1,2026-09-26,2026-09-26
全家,綜合莓果果乾,175,1,2026-09-26,2026-09-26
全家,綠拿鐵綜合果蔬汁,144,1,2026-09-26,2026-09-26
全家,綠竹筍真空包,51,1,2026-09-26,2026-09-26
全家,綠豆沙牛乳,231,1,2026-09-26,2026-09-26
全家,維也納奶油軟法,342,1,2026-09-26,2026-09-26
全家,維也納雞肉熱狗,187,1,2026-09-26,2026-09-26
全家,維他露P活力微泡飲料,244,2,2026-09-26,2026-09-26
全家,維力炸醬麵XL加量版,520,1,2026-09-26,2026-09-26
全家,維大力汽水,112,1,2026-09-26,2026-09-26
全家,綿乳杯子蛋糕,465,5,2026-09-26,2026-09-26
全家,綿乳草莓杯子蛋糕,345,5,2026-09-26,2026-09-26
全家,綿柔鮮奶土司,305,1,2026-09-26,2026-09-26
全家,綿濃香草夾心蛋糕,343,1,2026-09-26,2026-09-26
全家,綿蜜雪花蛋糕,351,1,2026-09-26,2026-09-26
全家,繽紛樂巧克力,244,2,2026-09-26,2026-09-26
全家,纖怡優纖穀物棒蜂蜜燕麥口味,74,1,2026-09-26,2026-09-26
全家,纖怡可可蛋白穀物棒,73,1,2026-09-26,2026-09-26
全家,纖穀派楓糖燕麥棒,189,1,2026-09-26,2026-09-26
全家,纖穀派蔓越莓燕麥棒,190,1,2026-09-26,2026-09-26
全家,纖穀派蜂蜜燕麥棒,186,1,2026-09-26,2026-09-26
全家,纖穀派黑巧克力燕麥棒,193,1,2026-09-26,2026-09-26
全家,纖米脆脆-香濃起司風味,116,1,2026-09-26,2026-09-26
全家,美味星吉伊卡哇棒棒糖,119,1,2026-09-26,2026-09-26
全家,美味蟹煲,516,1,2026-09-26,2026-09-26
全家,美國經典原味派對包,800,5,2026-09-26,2026-09-26
全家,美國許氏粉光參無加糖養氣飲,4,1,2026-09-26,2026-09-26
全家,美式辣雞翅口味玉米片,348,3,2026-09-26,2026-09-26
全家,美式雞腿堡,379,1,2026-09-26,2026-09-26
全家,美式香辣素雞米花,369,1,2026-09-26,2026-09-26
全家,美粒果柳橙汁,167,1,2026-09-26,2026-09-26
全家,美粒果柳橙汁1.25L,465,5,2026-09-26,2026-09-26
全家,義式經典嫩雞胸,120,1,2026-09-26,2026-09-26
全家,義式蕃茄起司義大利麵,538,1,2026-09-26,2026-09-26
全家,義式蛋蛋青醬鮪魚冷義大利麵,438,1,2026-09-26,2026-09-26
全家,義式起司雞肉熱狗,190,1,2026-09-26,2026-09-26
全家,義式香草豆腐棒,100,1,2026-09-26,2026-09-26
全家,義美6.0高蛋白無加糖豆奶,153,1,2026-09-26,2026-09-26
全家,義美仙草奶凍雪糕,106,1,2026-09-26,2026-09-26
全家,義美仙草甘茶,94,1,2026-09-26,2026-09-26
全家,義美優質高蛋白牛乳無加糖,195,1,2026-09-26,2026-09-26
全家,義美全脂鮮乳236ml,154,1,2026-09-26,2026-09-26
全家,義美全脂鮮乳290ml,190,1,2026-09-26,2026-09-26
全家,義美全脂鮮乳2L,1312,8,2026-09-26,2026-09-26
全家,義美全脂鮮乳946ml,656,4,2026-09-26,2026-09-26
全家,義美午茶拾光巧克力布朗尼雪糕,207,1,2026-09-26,2026-09-26
全家,義美厚濃豆奶936ml,534,3,2026-09-26,2026-09-26
全家,義美古早傳統低糖豆奶,168,1,2026-09-26,2026-09-26
全家,義美古早傳統無糖豆奶,136,1,2026-09-26,2026-09-26
全家,義美古早傳統無糖豆奶1L,340,4,2026-09-26,2026-09-26
全家,義美古早傳統豆奶,209,1,2026-09-26,2026-09-26
全家,義美古早傳統豆奶1L,524,4,2026-09-26,2026-09-26
全家,義美奶茶,218,1,2026-09-26,2026-09-26
全家,義美奶茶600ml,328,2,2026-09-26,2026-09-26
全家,義美巧克力小泡芙隨手包,226,1,2026-09-26,2026-09-26
全家,義美巧克力鮮乳消化餅冰淇淋,252,1,2026-09-26,2026-09-26
全家,義美杏仁巧克力球,300,2,2026-09-26,2026-09-26
全家,義美杏仁巧克力酥片2入,344,2,2026-09-26,2026-09-26
全家,義美無乳糖全脂鮮乳,135,1,2026-09-26,2026-09-26
全家,義美無乳糖全脂鮮乳900ml,609,3,2026-09-26,2026-09-26
全家,義美無加糖厚濃豆奶,228,1,2026-09-26,2026-09-26
全家,義美無加糖厚濃高纖黑豆奶,201,1,2026-09-26,2026-09-26
全家,義美無加糖高纖豆奶900ml,357,3,2026-09-26,2026-09-26
全家,義美無加糖高鈣豆奶,146,1,2026-09-26,2026-09-26
全家,義美無糖高纖油切茶570ml,27,2,2026-09-26,2026-09-26
全家,義美無糖高纖豆奶,159,1,2026-09-26,2026-09-26
全家,義美生機甜心草莓,42,1,2026-09-26,2026-09-26
全家,義美生機莓果堅果棒,173,1,2026-09-26,2026-09-26
全家,義美紅豆粉粿牛奶冰棒,168,1,2026-09-26,2026-09-26
全家,義美綠豆沙牛奶冰棒,174,1,2026-09-26,2026-09-26
全家,義美花生夾心酥,788,4,2026-09-26,2026-09-26
全家,義美花生煎餅,462,5,2026-09-26,2026-09-26
全家,義美草苺煉乳球,234,2,2026-09-26,2026-09-26
全家,義美葡萄QQ巧克力球,238,2,2026-09-26,2026-09-26
全家,義美蛋捲,344,2,2026-09-26,2026-09-26
全家,義美蜂蜜紅茶600ml,160,2,2026-09-26,2026-09-26
全家,義美酸梅湯,213,1,2026-09-26,2026-09-26
全家,義美錫蘭紅茶,110,1,2026-09-26,2026-09-26
全家,義美錫蘭紅茶600ml,166,2,2026-09-26,2026-09-26
全家,義美錫蘭紅茶946ml,261,4,2026-09-26,2026-09-26
全家,義美香濃牛奶小泡芙隨手包,230,1,2026-09-26,2026-09-26
全家,義美香甜草莓小泡芙隨手包,228,1,2026-09-26,2026-09-26
全家,義美高纖全豆豆奶936ml,375,3,2026-09-26,2026-09-26
全家,義美鮮奶綠茶,191,1,2026-09-26,2026-09-26
全家,義美鮮奶茶,178,1,2026-09-26,2026-09-26
全家,義美鮮奶茶900ml,429,3,2026-09-26,2026-09-26
全家,義美鮮奶酪,129,1,2026-09-26,2026-09-26
全家,義美鮮奶雞蛋布丁,146,1,2026-09-26,2026-09-26
全家,義美黑餅乾鮮乳銅鑼燒冰淇淋,209,1,2026-09-26,2026-09-26
全家,翡翠海帶絲,104,1,2026-09-26,2026-09-26
全家,老協珍人蔘精,53,7,2026-09-26,2026-09-26
全家,老協珍暖薑口味熬雞精,16,1,2026-09-26,2026-09-26
全家,老協珍無加糖人蔘精,5,1,2026-09-26,2026-09-26
全家,老協珍麥蘆卡蜂蜜人蔘精,21,1,2026-09-26,2026-09-26
全家,老干媽香辣脆油辣椒,1457,21,2026-09-26,2026-09-26
全家,老楊-經典原味方塊酥(全素),356,1,2026-09-26,2026-09-26
全家,老鋪一番麵線,791,5,2026-09-26,2026-09-26
全家,職人法式費南雪,197,4,2026-09-26,2026-09-26
全家,職人無糖冰咖啡,29,5,2026-09-26,2026-09-26
全家,肉燥麵,417,1,2026-09-26,2026-09-26
全家,肉肉漢堡風味洋芋片,284,1,2026-09-26,2026-09-26
全家,肉醬,563,2,2026-09-26,2026-09-26
全家,肉骨茶風味麵,437,1,2026-09-26,2026-09-26
全家,肉鬆火腿三明治,218,1,2026-09-26,2026-09-26
全家,肉鬆火腿細卷,155,1,2026-09-26,2026-09-26
全家,肯迪醒CONDITION飲料,56,1,2026-09-26,2026-09-26
全家,胡椒蘑菇味魚板,95,1,2026-09-26,2026-09-26
全家,胡椒鹹蛋黃高纖脆燕麥棒,142,1,2026-09-26,2026-09-26
全家,胡蘿蔔綜合蔬果汁,114,1,2026-09-26,2026-09-26
全家,能多益榛果可可威化棒,114,1,2026-09-26,2026-09-26
全家,能多益隨手杯,268,1,2026-09-26,2026-09-26
全家,能多益餅乾,213,3,2026-09-26,2026-09-26
全家,脆烤海苔8切椒鹽風味,58,1,2026-09-26,2026-09-26
全家,脆皮德腸串,230,1,2026-09-26,2026-09-26
全家,脆笛酥巧克力(小),258,3,2026-09-26,2026-09-26
全家,膠原多莓果茶,299,4,2026-09-26,2026-09-26
全家,自然滋味海鹽風味洋芋片,358,2,2026-09-26,2026-09-26
全家,自然美味和風薄鹽海苔口味洋芋片,274,2,2026-09-26,2026-09-26
全家,自然零無加糖優酪,121,1,2026-09-26,2026-09-26
全家,自然零無加糖優酪乳,118,1,2026-09-26,2026-09-26
全家,自然零藍莓優酪,146,1,2026-09-26,2026-09-26
全家,自然顏紫菜蘇打餅,636,4,2026-09-26,2026-09-26
全家,自然顏蔬菜蘇打餅,612,4,2026-09-26,2026-09-26
全家,臻品甜點三粒裝,75,1,2026-09-26,2026-09-26
全家,舒跑S運動補給飲料,102,2,2026-09-26,2026-09-26
全家,舒跑運動飲料,161,2,2026-09-26,2026-09-26
全家,船井夜孅胺基酸PLUS,15,10,2026-09-26,2026-09-26
全家,良金牧場原味高粱牛肉乾,192,6,2026-09-26,2026-09-26
全家,艾洛瑪拿鐵,175,2,2026-09-26,2026-09-26
全家,艾洛瑪黑咖啡,8,2,2026-09-26,2026-09-26
全家,芋泥金沙麻吉麵包,269,1,2026-09-26,2026-09-26
全家,芋賣尬咖啡酷繽沙,276,1,2026-09-26,2026-09-26
全家,芋賣尬牛奶酷繽沙,320,1,2026-09-26,2026-09-26
全家,芋頭饅頭,1360,4,2026-09-26,2026-09-26
全家,芒好喝咖啡酷繽沙,217,1,2026-09-26,2026-09-26
全家,芒好喝牛奶酷繽沙,261,1,2026-09-26,2026-09-26
全家,芒果起司,240,6,2026-09-26,2026-09-26
全家,芒椰葡萄柚脆皮雪糕,233,1,2026-09-26,2026-09-26
全家,芝麻包,224,1,2026-09-26,2026-09-26
全家,芝麻香鬆飯糰(植覺生活),229,1,2026-09-26,2026-09-26
全家,芬達汽水橘子口味,192,2,2026-09-26,2026-09-26
全家,芬達汽水葡萄口味,192,2,2026-09-26,2026-09-26
全家,芭樂檸檬青茶,200,1,2026-09-26,2026-09-26
全家,芭樂鮮果乾,153,3,2026-09-26,2026-09-26
全家,花生夾心土司,265,1,2026-09-26,2026-09-26
全家,花生巧克力熔岩蛋糕,319,1,2026-09-26,2026-09-26
全家,花生巧克力軟法,300,1,2026-09-26,2026-09-26
全家,花生巧克力閃電泡芙,226,1,2026-09-26,2026-09-26
全家,花生巧克力髒髒可頌,289,1,2026-09-26,2026-09-26
全家,花雕雞湯,87,1,2026-09-26,2026-09-26
全家,花雕風味溫泉蛋,116,1,2026-09-26,2026-09-26
全家,茄汁厚起司三明治,257,1,2026-09-26,2026-09-26
全家,茉莉茶園紅柚淺焙烏,198,2,2026-09-26,2026-09-26
全家,茉莉茶園芭樂香檸綠茶,230,2,2026-09-26,2026-09-26
全家,茉莉茶園茉香柚茶,171,1,2026-09-26,2026-09-26
全家,茉莉茶園蘋果紅茶,209,2,2026-09-26,2026-09-26
全家,茉莉茶園蜜茶,118,1,2026-09-26,2026-09-26
全家,茉莉茶園蜜蘋香橙伯爵茶,180,2,2026-09-26,2026-09-26
全家,茉莉茶園金橙紅柚茉莉茶,184,2,2026-09-26,2026-09-26
全家,茉莉茶園香檸葡萄青茶,238,2,2026-09-26,2026-09-26
全家,茉香綠茶奶蓋雪糕,176,1,2026-09-26,2026-09-26
全家,茶碗蒸(海鮮風味),106,1,2026-09-26,2026-09-26
全家,茶葉蛋白,45,1,2026-09-26,2026-09-26
全家,茶裏王台式綠茶,108,2,2026-09-26,2026-09-26
全家,茶裏王白毫烏龍茶,103,2,2026-09-26,2026-09-26
全家,茶裏王英式紅茶,108,2,2026-09-26,2026-09-26
全家,草莓優格風味牛奶軟糖,133,1,2026-09-26,2026-09-26
全家,草莓冰淇淋雪糕,247,1,2026-09-26,2026-09-26
全家,草莓夾心,276,1,2026-09-26,2026-09-26
全家,草莓夾心土司,179,1,2026-09-26,2026-09-26
全家,草莓夾心起司球,105,5,2026-09-26,2026-09-26
全家,草莓巧克力,237,3,2026-09-26,2026-09-26
全家,草莓柚子脆皮雪糕,233,1,2026-09-26,2026-09-26
全家,草莓甜心Q堤,198,1,2026-09-26,2026-09-26
全家,草莓蛋糕風味起司,249,6,2026-09-26,2026-09-26
全家,草莓起司,216,6,2026-09-26,2026-09-26
全家,草莓迷你杯冰淇淋,218,1,2026-09-26,2026-09-26
全家,草莓風味起司威化餅168G,788,3,2026-09-26,2026-09-26
全家,莎莎烤雞麵沙拉,248,1,2026-09-26,2026-09-26
全家,莓果乳酪土司,312,1,2026-09-26,2026-09-26
全家,莓果堅果亞麻仁燕麥,214,2,2026-09-26,2026-09-26
全家,莓果水果穀物圈,61,1,2026-09-26,2026-09-26
全家,莫札瑞拉起司火腿貝果,252,1,2026-09-26,2026-09-26
全家,菊花涼茶,64,2,2026-09-26,2026-09-26
全家,菠蘿奶酥麵包,391,1,2026-09-26,2026-09-26
全家,菠蘿蛋塔麵包,345,1,2026-09-26,2026-09-26
全家,菠蘿麵包,395,1,2026-09-26,2026-09-26
全家,菲律賓7D芒果乾,218,2,2026-09-26,2026-09-26
全家,萬家香大吟釀醬油1000ml,1360,100,2026-09-26,2026-09-26
全家,萬家香韓式醃烤萬用醬,461,24,2026-09-26,2026-09-26
全家,萬歲牌杏仁果,375,3,2026-09-26,2026-09-26
全家,萬歲牌椒鹽風味堅果,195,1,2026-09-26,2026-09-26
全家,萬歲牌活力六寶,456,2,2026-09-26,2026-09-26
全家,萬歲牌無調味綜合果,592,4,2026-09-26,2026-09-26
全家,萬歲牌蜜汁腰果,357,3,2026-09-26,2026-09-26
全家,萬歲牌蜜脆雙果隨手包,187,1,2026-09-26,2026-09-26
全家,萬歲綜合纖果隨手包,157,1,2026-09-26,2026-09-26
全家,萬用胡椒鹽,94,45,2026-09-26,2026-09-26
全家,葉黃素功能飲,30,1,2026-09-26,2026-09-26
全家,葡式千層蛋塔,250,1,2026-09-26,2026-09-26
全家,葡萄果汁QQ軟糖,178,1,2026-09-26,2026-09-26
全家,葡萄王益菌王EX順暢水,32,1,2026-09-26,2026-09-26
全家,葡萄王益菌王粉末顆粒,22,3,2026-09-26,2026-09-26
全家,蒜味傳統豆干,118,1,2026-09-26,2026-09-26
全家,蒜米狠雞腿,183,1,2026-09-26,2026-09-26
全家,蒜茸花生,325,1,2026-09-26,2026-09-26
全家,蒜蒜辣烤腿排,226,1,2026-09-26,2026-09-26
全家,蒜香紐奧良風味雞Q丸,145,1,2026-09-26,2026-09-26
全家,蒜香綜合滷味,230,1,2026-09-26,2026-09-26
全家,蒟蒻卷,21,4,2026-09-26,2026-09-26
全家,蒸蛋湯,134,1,2026-09-26,2026-09-26
全家,蔥燒牛肉麵(包),423,1,2026-09-26,2026-09-26
全家,蔥花生鮪魚脆卷,117,1,2026-09-26,2026-09-26
全家,蔥蒜黑金剛花生仁,357,6,2026-09-26,2026-09-26
全家,蔥鹽雞肉麵沙拉,186,1,2026-09-26,2026-09-26
全家,蔬活腿排補力餐盒,595,1,2026-09-26,2026-09-26
全家,蔬食鮪魚飯糰(植覺生活),186,1,2026-09-26,2026-09-26
全家,蕃茄紅醬時蔬義大利麵,374,1,2026-09-26,2026-09-26
全家,蕃茄莎莎海鮮冷義大利麵,347,1,2026-09-26,2026-09-26
全家,蕈菇起司蛋貝果堡,352,1,2026-09-26,2026-09-26
全家,薄荷草本袋裝喉糖,315,30,2026-09-26,2026-09-26
全家,薑母鴨湯,186,1,2026-09-26,2026-09-26
全家,薑汁醬油番茄杯(截切),60,1,2026-09-26,2026-09-26
全家,薑黃素炒飯,575,1,2026-09-26,2026-09-26
全家,藍山咖啡(6入),101,1,2026-09-26,2026-09-26
全家,藍莓乳酪貝果,234,1,2026-09-26,2026-09-26
全家,藍莓冰淇淋迷你杯,183,1,2026-09-26,2026-09-26
全家,藍莓夾心土司,199,1,2026-09-26,2026-09-26
全家,藍莓起司,225,6,2026-09-26,2026-09-26
全家,藥燉排骨湯,120,1,2026-09-26,2026-09-26
全家,蘇打餅,840,5,2026-09-26,2026-09-26
全家,蘋果西打,254,1,2026-09-26,2026-09-26
全家,蘭姆葡萄冰淇淋迷你杯,184,1,2026-09-26,2026-09-26
全家,蘿蔔絲酥餅(全素),190,1,2026-09-26,2026-09-26
全家,虎皮天使蛋糕,218,1,2026-09-26,2026-09-26
全家,蚵仔煎洋芋片派對包,835,6,2026-09-26,2026-09-26
全家,蛋酒風味夾心巧克力棒,199,1,2026-09-26,2026-09-26
全家,蛋餅皮,565,5,2026-09-26,2026-09-26
全家,蛤蜊燉雞腿湯,135,1,2026-09-26,2026-09-26
全家,蜂蜜檸檬草本薄荷糖,73,27,2026-09-26,2026-09-26
全家,蜂蜜檸檬超涼薄荷糖,70,10,2026-09-26,2026-09-26
全家,蜂蜜水,82,1,2026-09-26,2026-09-26
全家,蜂蜜水870ml,223,1,2026-09-26,2026-09-26
全家,蜂蜜焗腰果,566,1,2026-09-26,2026-09-26
全家,蜂蜜牛奶球,242,1,2026-09-26,2026-09-26
全家,蜂蜜蛋糕酥餅,152,1,2026-09-26,2026-09-26
全家,蜜桃山茶花風味金萱奶蓋雪糕,180,1,2026-09-26,2026-09-26
全家,蜜汁火烤雞排,332,1,2026-09-26,2026-09-26
全家,蜜煉枇杷膏,240,5,2026-09-26,2026-09-26
全家,蝦味先原味,398,2,2026-09-26,2026-09-26
全家,蝦肉海鮮丸子,246,1,2026-09-26,2026-09-26
全家,蝴蝶派,816,6,2026-09-26,2026-09-26
全家,蟳味棒口味洋芋片,387,3,2026-09-26,2026-09-26
全家,蟹味棒(原味),21,1,2026-09-26,2026-09-26
全家,蟹味棒(辣味),22,1,2026-09-26,2026-09-26
全家,蟹肉海鮮丸子,231,1,2026-09-26,2026-09-26
全家,蟹肉風味魚板,61,1,2026-09-26,2026-09-26
全家,蠟筆小新巧克比可可風味餅乾,138,1,2026-09-26,2026-09-26
全家,蠻牛能量飲料,127,1,2026-09-26,2026-09-26
全家,西班牙風味海鮮燉飯,567,1,2026-09-26,2026-09-26
全家,西西里風海鮮焗麵,436,1,2026-09-26,2026-09-26
全家,解剖100%純椰子水,71,1,2026-09-26,2026-09-26
全家,詹姆士香蒜胡椒肉骨茶麵,495,1,2026-09-26,2026-09-26
全家,調合米粉肉燥風味,251,1,2026-09-26,2026-09-26
全家,諾得清體素膠囊EX GOLD,48,12,2026-09-26,2026-09-26
全家,讚岐烏龍麵,162,1,2026-09-26,2026-09-26
全家,豆乳雞,228,1,2026-09-26,2026-09-26
全家,豆腐紫菜湯,10,1,2026-09-26,2026-09-26
全家,豐年果糖,1548,36,2026-09-26,2026-09-26
全家,豐潤草莓雪酥,247,1,2026-09-26,2026-09-26
全家,豬肉起司堡,208,1,2026-09-26,2026-09-26
全家,豬肉起司蛋堡,237,1,2026-09-26,2026-09-26
全家,貓咪造型果凍(水蜜桃風味),104,1,2026-09-26,2026-09-26
全家,貓咪造型果凍(萊姆可樂風味),4,1,2026-09-26,2026-09-26
全家,貝果脆片-奶油蒜香風味,103,1,2026-09-26,2026-09-26
全家,貝果脆片-義式披薩風味,99,1,2026-09-26,2026-09-26
全家,貝比馬鈴薯,435,1,2026-09-26,2026-09-26
全家,貝納頌咖啡375ml,220,1,2026-09-26,2026-09-26
全家,貝納頌焦糖海鹽拿鐵,158,1,2026-09-26,2026-09-26
全家,貝納頌特濃拿鐵,144,1,2026-09-26,2026-09-26
全家,貝納頌特濃黑咖啡,10,1,2026-09-26,2026-09-26
全家,貝納頌經典拿鐵,190,1,2026-09-26,2026-09-26
全家,貝納頌經典曼特寧,169,1,2026-09-26,2026-09-26
全家,貝納頌茶韻黑咖啡,10,1,2026-09-26,2026-09-26
全家,貝納頌蜜香堅果風味拿鐵,158,1,2026-09-26,2026-09-26
全家,貝納頌鑑賞級極品咖啡,145,1,2026-09-26,2026-09-26
全家,貳號砂糖,3980,100,2026-09-26,2026-09-26
全家,質立0脂肪希臘式優格,134,1,2026-09-26,2026-09-26
全家,質立無加糖希臘式優格,171,1,2026-09-26,2026-09-26
全家,質立蜂蜜希臘式優格,185,1,2026-09-26,2026-09-26
全家,贅澤鮭魚肚飯糰,173,1,2026-09-26,2026-09-26
全家,起司威化餅１６８ｇ,807,3,2026-09-26,2026-09-26
全家,起司核桃軟歐,443,1,2026-09-26,2026-09-26
全家,起司棉被海陸白醬焗烤飯,638,1,2026-09-26,2026-09-26
全家,起司火腿麵包,234,1,2026-09-26,2026-09-26
全家,起司舒芙蕾布丁,247,1,2026-09-26,2026-09-26
全家,起司芋見肉鬆三明治,234,1,2026-09-26,2026-09-26
全家,起司辣味魚肉棒,92,5,2026-09-26,2026-09-26
全家,起司風味杯麵,265,1,2026-09-26,2026-09-26
全家,起司魚肉棒,90,5,2026-09-26,2026-09-26
全家,起酥肉鬆麵包,370,1,2026-09-26,2026-09-26
全家,起酥葡萄奶酥,413,1,2026-09-26,2026-09-26
全家,起酥蛋糕,235,1,2026-09-26,2026-09-26
全家,超HOT雞腿堡,388,1,2026-09-26,2026-09-26
全家,超大包超涼薄荷,95,22,2026-09-26,2026-09-26
全家,超涼口香糖,43,10,2026-09-26,2026-09-26
全家,超涼薄荷錠蜂蜜檸檬口味,70,10,2026-09-26,2026-09-26
全家,超涼薄荷錠酷涼薄荷口味,70,10,2026-09-26,2026-09-26
全家,超濃起司派對包,816,6,2026-09-26,2026-09-26
全家,超級曠世奇派蘭姆葡萄雪糕,278,1,2026-09-26,2026-09-26
全家,超級鮪魚辣味粉紅聯名,134,1,2026-09-26,2026-09-26
全家,超能蛋白機能凍乳酸風味,105,1,2026-09-26,2026-09-26
全家,超能蛋白機能凍白葡萄風味,105,1,2026-09-26,2026-09-26
全家,超酸檸檬QQ糖,185,2,2026-09-26,2026-09-26
全家,躺著喝蜜香歐蕾沖泡包,579,5,2026-09-26,2026-09-26
全家,軟Q乾酪球,220,14,2026-09-26,2026-09-26
全家,軟質起司抹醬,440,20,2026-09-26,2026-09-26
全家,輕沙拉,365,5,2026-09-26,2026-09-26
全家,輕鬆生活素三杯炒飯,620,1,2026-09-26,2026-09-26
全家,輕鬆生活蝦仁炒飯,547,1,2026-09-26,2026-09-26
全家,輕鬆生活鮭魚炒飯,556,1,2026-09-26,2026-09-26
全家,轟炸椒麻辣雞胸,201,1,2026-09-26,2026-09-26
全家,轟炸火辣雞翅,243,1,2026-09-26,2026-09-26
全家,轟炸火辣雞腿排,281,1,2026-09-26,2026-09-26
全家,辛辣白菜炒麵,550,1,2026-09-26,2026-09-26
全家,辛香菇杯麵,293,1,2026-09-26,2026-09-26
全家,辣味肉醬,552,4,2026-09-26,2026-09-26
全家,辣味蔥燒牛肉麵(碗),414,1,2026-09-26,2026-09-26
全家,辣味蜜沙茶,265,1,2026-09-26,2026-09-26
全家,辣炸醬麵重量碗,530,1,2026-09-26,2026-09-26
全家,辣白菜泡菜拉麵,326,1,2026-09-26,2026-09-26
全家,辣白菜泡菜拉麵袋麵,519,1,2026-09-26,2026-09-26
全家,辣蕃茄義大利麵,254,1,2026-09-26,2026-09-26
全家,辣豆瓣醬,221,13,2026-09-26,2026-09-26
全家,農心爽口海鮮味烏龍麵,495,1,2026-09-26,2026-09-26
全家,農心辛拉麵(辣白醬風味),579,1,2026-09-26,2026-09-26
全家,農心辛拉麵袋麵,499,1,2026-09-26,2026-09-26
全家,農心辛炒麵,599,1,2026-09-26,2026-09-26
全家,農心辛炒麵(起司風味),560,1,2026-09-26,2026-09-26
全家,農搾柑仔雷夢飲,134,1,2026-09-26,2026-09-26
全家,農搾檸檬飲,150,1,2026-09-26,2026-09-26
全家,農搾美莓雷夢,153,1,2026-09-26,2026-09-26
全家,迷你巧克力夾心餅乾-巧克力口味,300,3,2026-09-26,2026-09-26
全家,迷你巧克力夾心餅乾-香草口味,303,3,2026-09-26,2026-09-26
全家,迷你牛奶餅,229,1,2026-09-26,2026-09-26
全家,迷你脆皮蛋口味玉米片,256,2,2026-09-26,2026-09-26
全家,迷你脆超濃起司味玉米片,290,2,2026-09-26,2026-09-26
全家,迷你脆黃金蒜香菲力牛排口味,260,2,2026-09-26,2026-09-26
全家,迷你脆黃金起司味玉米片,290,2,2026-09-26,2026-09-26
全家,迷你脆黑潮墨魚口味玉米片,260,2,2026-09-26,2026-09-26
全家,迷你葡萄罐(糖果),28,1,2026-09-26,2026-09-26
全家,迷你蘇打-鹽味,249,1,2026-09-26,2026-09-26
全家,迷你雪蟹味魚板,77,1,2026-09-26,2026-09-26
全家,酒香提拉米蘇泡芙,167,1,2026-09-26,2026-09-26
全家,酥炸大雞腿,529,1,2026-09-26,2026-09-26
全家,酷Q彌軟糖(乳酸飲料味),188,1,2026-09-26,2026-09-26
全家,酷Q彌軟糖(水果味),177,1,2026-09-26,2026-09-26
全家,酷繽果桑葚睏,122,1,2026-09-26,2026-09-26
全家,酷繽果胡蘿蔔亮,134,1,2026-09-26,2026-09-26
全家,酷繽果蘋果順,142,1,2026-09-26,2026-09-26
全家,酸甜金熊Ｑ軟糖80g,270,2,2026-09-26,2026-09-26
全家,酸粉字母可樂軟糖組,124,1,2026-09-26,2026-09-26
全家,醇乳香土司,1052,2,2026-09-26,2026-09-26
全家,醇厚Ube奶霜千層蛋糕,191,1,2026-09-26,2026-09-26
全家,醇可可生土司,275,1,2026-09-26,2026-09-26
全家,醇濃黑巧鬆餅,359,1,2026-09-26,2026-09-26
全家,醇黑可可好棒棒,529,1,2026-09-26,2026-09-26
全家,醬油美乃滋風味玉米餅,361,1,2026-09-26,2026-09-26
全家,醬燒炙烤牛飯糰,200,1,2026-09-26,2026-09-26
全家,醬燒烤雞三明治,199,1,2026-09-26,2026-09-26
全家,醬香豬耳絲,393,1,2026-09-26,2026-09-26
全家,里肌肉蛋紫米飯糰,404,1,2026-09-26,2026-09-26
全家,里肌豬排可可咖哩歐姆蛋飯,735,1,2026-09-26,2026-09-26
全家,重乳奶茶330ml,190,1,2026-09-26,2026-09-26
全家,重乳茉莉綠奶茶,186,1,2026-09-26,2026-09-26
全家,重乳黑烏龍奶茶,199,1,2026-09-26,2026-09-26
全家,野菜多風味麵,452,1,2026-09-26,2026-09-26
全家,金咖哩果香甘口咖哩飯,697,1,2026-09-26,2026-09-26
全家,金咖哩濃厚辛口咖哩飯,677,1,2026-09-26,2026-09-26
全家,金拉麵原味杯麵,271,1,2026-09-26,2026-09-26
全家,金桔檸檬袋裝喉糖,77,8,2026-09-26,2026-09-26
全家,金沙豆腐義大利麵,390,1,2026-09-26,2026-09-26
全家,金沙醬牛豚雙饗飯,521,1,2026-09-26,2026-09-26
全家,金牛角噴霧芒果可可風味,261,1,2026-09-26,2026-09-26
全家,金色三麥-椒麻香雞排,262,1,2026-09-26,2026-09-26
全家,金莎8粒裝精緻禮盒,600,8,2026-09-26,2026-09-26
全家,金莎五粒裝巧克力,375,5,2026-09-26,2026-09-26
全家,金莎巧克力三粒入,225,3,2026-09-26,2026-09-26
全家,金莎心型禮盒,600,8,2026-09-26,2026-09-26
全家,金蘋果調味乳蘋果風味,112,1,2026-09-26,2026-09-26
全家,金蘭油膏,286,34,2026-09-26,2026-09-26
全家,金蘭烤肉醬,317,24,2026-09-26,2026-09-26
全家,金酒醬燒後腿捲,164,1,2026-09-26,2026-09-26
全家,金酒鹽麴雞肉串,101,1,2026-09-26,2026-09-26
全家,金門高粱酒熱狗,191,1,2026-09-26,2026-09-26
全家,金黃玉米蛋三明治,241,1,2026-09-26,2026-09-26
全家,金黃起司熱狗,220,1,2026-09-26,2026-09-26
全家,鉛筆代可可脂巧克力,156,2,2026-09-26,2026-09-26
全家,銀耳花釀,42,1,2026-09-26,2026-09-26
全家,鐵觀音濃奶茶雪糕,185,1,2026-09-26,2026-09-26
全家,鐵觀音焙香歐蕾,456,5,2026-09-26,2026-09-26
全家,長榮嚴選果舖物語米果經濟艙,161,1,2026-09-26,2026-09-26
全家,長蔥味噌杯湯,29,1,2026-09-26,2026-09-26
全家,長野稻荷壽司(植覺生活),263,1,2026-09-26,2026-09-26
全家,開心果冰淇淋迷你杯,214,1,2026-09-26,2026-09-26
全家,開心果千層蛋塔,257,1,2026-09-26,2026-09-26
全家,開心果巧克力起司,246,6,2026-09-26,2026-09-26
全家,開運小金磚,175,1,2026-09-26,2026-09-26
全家,阿Q生猛海鮮桶麵,453,1,2026-09-26,2026-09-26
全家,阿Q紅椒牛肉桶麵,479,1,2026-09-26,2026-09-26
全家,阿Q蒜香珍肉桶麵,422,1,2026-09-26,2026-09-26
全家,阿Q雞汁排骨桶麵,509,1,2026-09-26,2026-09-26
全家,阿Q韓式泡菜桶麵,465,1,2026-09-26,2026-09-26
全家,阿奇儂X鮮乳坊生巧克力戀乳雪糕,177,1,2026-09-26,2026-09-26
全家,阿奇儂乳酸脆樂冰,72,1,2026-09-26,2026-09-26
全家,阿奇儂極濃義式開心果雪糕,184,1,2026-09-26,2026-09-26
全家,阿奇儂金杏花生頌雪糕,196,1,2026-09-26,2026-09-26
全家,阿奇儂開心果金絲脆摩納餅,156,1,2026-09-26,2026-09-26
全家,阿奇儂青梅脆樂冰,64,1,2026-09-26,2026-09-26
全家,阿奇儂Ｘ可果美番茄糖葫蘆冰棒,66,1,2026-09-26,2026-09-26
全家,阿華田營養麥芽飲品,42,5,2026-09-26,2026-09-26
全家,阿薩姆奶茶350ml,154,1,2026-09-26,2026-09-26
全家,陽光葡萄土司,356,1,2026-09-26,2026-09-26
全家,隨緣椎茸口味,293,1,2026-09-26,2026-09-26
全家,雀巢奇巧威化巧克力,204,2,2026-09-26,2026-09-26
全家,雀巢奇巧酥脆威化巧克力,197,1,2026-09-26,2026-09-26
全家,雀巢巧酥脆脆牛奶巧克力威化,198,1,2026-09-26,2026-09-26
全家,雀巢濃醇原味咖啡,816,12,2026-09-26,2026-09-26
全家,雀巢香滑原味咖啡,816,12,2026-09-26,2026-09-26
全家,雀巢鷹牌煉乳條裝,527,17,2026-09-26,2026-09-26
全家,雙倍巧克力甜筒,257,1,2026-09-26,2026-09-26
全家,雙效活靈芝滋補液,25,1,2026-09-26,2026-09-26
全家,雙月嫩仙草凍,47,1,2026-09-26,2026-09-26
全家,雙月愛恨椒芝花生點心麵,239,4,2026-09-26,2026-09-26
全家,雙月檸檬愛玉凍,86,1,2026-09-26,2026-09-26
全家,雙月蔥蔥花生點心麵,225,4,2026-09-26,2026-09-26
全家,雙月養仙茶,6,2,2026-09-26,2026-09-26
全家,雙泰奶QQ三明治,170,1,2026-09-26,2026-09-26
全家,雙目糖蜂蜜蛋糕,357,1,2026-09-26,2026-09-26
全家,雙經典泡芙超值禮盒,194,1,2026-09-26,2026-09-26
全家,雙纖檸檬綠茶,284,4,2026-09-26,2026-09-26
全家,雙起司火腿蔥抓餅,422,1,2026-09-26,2026-09-26
全家,雙起司蔥抓餅(植覺生活),402,1,2026-09-26,2026-09-26
全家,雙重芝士條,302,1,2026-09-26,2026-09-26
全家,雞汁油蔥手工麵線,290,1,2026-09-26,2026-09-26
全家,雞汁風味厚切洋芋片,796,1,2026-09-26,2026-09-26
全家,雞湯塊,201,15,2026-09-26,2026-09-26
全家,雞肉穀物飯(健康志向),356,1,2026-09-26,2026-09-26
全家,雞肉飯飯糰,186,1,2026-09-26,2026-09-26
全家,雞蓉玉米濃湯,59,1,2026-09-26,2026-09-26
全家,雞蛋沙拉三明治,204,1,2026-09-26,2026-09-26
全家,雪之月仙貝,726,6,2026-09-26,2026-09-26
全家,雪碧330ml,112,1,2026-09-26,2026-09-26
全家,雪碧350ml,119,1,2026-09-26,2026-09-26
全家,雪碧汽水,204,2,2026-09-26,2026-09-26
全家,霸王黃金酷辣雞腿排,334,1,2026-09-26,2026-09-26
全家,霸王黃金香雞腿,189,1,2026-09-26,2026-09-26
全家,靈芝王精華飲,31,1,2026-09-26,2026-09-26
全家,青木瓜雞絲泰泰雙手卷,279,1,2026-09-26,2026-09-26
全家,青檸烤雞握沙拉,221,1,2026-09-26,2026-09-26
全家,青箭口香糖,65,7,2026-09-26,2026-09-26
全家,青箭口香糖(17片),158,17,2026-09-26,2026-09-26
全家,青脆菜心,156,3,2026-09-26,2026-09-26
全家,青花椒麻雞肉拌麵,452,1,2026-09-26,2026-09-26
全家,青葉麵筋3入組,214,3,2026-09-26,2026-09-26
全家,青蔥燒餅(五辛素),184,1,2026-09-26,2026-09-26
全家,青醬烤雞焗飯,639,1,2026-09-26,2026-09-26
全家,青醬蛤蜊義大利麵,523,1,2026-09-26,2026-09-26
全家,青醬野菇義大利麵,533,1,2026-09-26,2026-09-26
全家,韋恩特濃咖啡,122,1,2026-09-26,2026-09-26
全家,韓國年糕,1079,5,2026-09-26,2026-09-26
全家,韓國魚肉起司熱狗,245,1,2026-09-26,2026-09-26
全家,韓式BBQ口味玉米片,462,3,2026-09-26,2026-09-26
全家,韓式泡菜,83,5,2026-09-26,2026-09-26
全家,韓式泡菜冷麵,415,1,2026-09-26,2026-09-26
全家,韓式泡菜豬肉豆腐丼飯,543,1,2026-09-26,2026-09-26
全家,韓式火焰辣烤雞腿,276,1,2026-09-26,2026-09-26
全家,韓式炒冬粉(植覺生活),217,1,2026-09-26,2026-09-26
全家,韓式炸G,213,1,2026-09-26,2026-09-26
全家,韓式炸雞,259,1,2026-09-26,2026-09-26
全家,韓式蒜味炸雞,182,1,2026-09-26,2026-09-26
全家,韓式起司義大利麵,311,1,2026-09-26,2026-09-26
全家,韓式魚板棒,56,1,2026-09-26,2026-09-26
全家,韓式黑嚕嚕炸醬麵,508,1,2026-09-26,2026-09-26
全家,頂級濃郁起司絲,1016,15,2026-09-26,2026-09-26
全家,顆粒花生醬,20128,34,2026-09-26,2026-09-26
全家,飛壘葡萄口香糖,73,5,2026-09-26,2026-09-26
全家,飲冰室茶集烏龍奶茶,219,1,2026-09-26,2026-09-26
全家,飲冰室茶集紅奶茶,206,1,2026-09-26,2026-09-26
全家,飲冰室茶集綠奶茶,240,1,2026-09-26,2026-09-26
全家,養樂多,72,1,2026-09-26,2026-09-26
全家,養樂多(5入),360,5,2026-09-26,2026-09-26
全家,養樂多300LIGHT活菌發酵,52,1,2026-09-26,2026-09-26
全家,養氣人蔘滋補液,23,1,2026-09-26,2026-09-26
全家,養氣人蔘無糖滋補液,4,1,2026-09-26,2026-09-26
全家,養氣蜜人蔘,33,1,2026-09-26,2026-09-26
全家,養生黑木耳膠原飲,40,1,2026-09-26,2026-09-26
全家,香檸優多椰果晶凍,210,1,2026-09-26,2026-09-26
全家,香滷牛肚絲,122,1,2026-09-26,2026-09-26
全家,香滷蛋白棒,46,1,2026-09-26,2026-09-26
全家,香濃咖啡拿鐵,100,1,2026-09-26,2026-09-26
全家,香濃明太子嫩雞飯卷,287,1,2026-09-26,2026-09-26
全家,香濃牛奶好棒棒,474,1,2026-09-26,2026-09-26
全家,香烤大雞排,472,1,2026-09-26,2026-09-26
全家,香烤嫩雞味洋芋片,352,2,2026-09-26,2026-09-26
全家,香烤雞腿條,95,1,2026-09-26,2026-09-26
全家,香烤魚排青醬燉飯,561,1,2026-09-26,2026-09-26
全家,香烤魷魚魚餅,109,1,2026-09-26,2026-09-26
全家,香烤鱈魚輕蔬餐盒,322,1,2026-09-26,2026-09-26
全家,香煎魚排佐檸檬奶油義大利麵,459,1,2026-09-26,2026-09-26
全家,香腸腿排雙拼便當,652,1,2026-09-26,2026-09-26
全家,香草卡士達泡芙,160,1,2026-09-26,2026-09-26
全家,香草卡士達生甜甜圈,261,1,2026-09-26,2026-09-26
全家,香草焦糖脆杏仁冰淇淋雪糕,263,1,2026-09-26,2026-09-26
全家,香草起司,286,6,2026-09-26,2026-09-26
全家,香草迷你杯冰淇淋,223,1,2026-09-26,2026-09-26
全家,香草風味拿鐵咖啡,450,5,2026-09-26,2026-09-26
全家,香菇素蠔油,504,36,2026-09-26,2026-09-26
全家,香菇雞燉湯,163,1,2026-09-26,2026-09-26
全家,香菇雞粥,282,1,2026-09-26,2026-09-26
全家,香菜口味玉米片,520,4,2026-09-26,2026-09-26
全家,香菜小香腸,206,1,2026-09-26,2026-09-26
全家,香菜風味香雞排,223,1,2026-09-26,2026-09-26
全家,香蒜排骨酥,299,1,2026-09-26,2026-09-26
全家,香蒜金磚,316,1,2026-09-26,2026-09-26
全家,香蔥經典嫩雞胸,154,1,2026-09-26,2026-09-26
全家,香蕉卡士達咖啡酷繽沙,312,1,2026-09-26,2026-09-26
全家,香蕉卡士達泡芙,132,1,2026-09-26,2026-09-26
全家,香蕉卡士達牛奶酷繽沙,369,1,2026-09-26,2026-09-26
全家,香蕉卡士達麵包,202,1,2026-09-26,2026-09-26
全家,香蕉咖啡酷繽沙,328,1,2026-09-26,2026-09-26
全家,香蕉牛奶酷繽沙,384,1,2026-09-26,2026-09-26
全家,香辣御品榨菜175g,210,7,2026-09-26,2026-09-26
全家,香辣花枝丸,121,2,2026-09-26,2026-09-26
全家,香辣醬粉絲煲,162,1,2026-09-26,2026-09-26
全家,香辣醬雞肉炒飯飯糰,283,1,2026-09-26,2026-09-26
全家,香辣醬香腸蛋炒飯,815,1,2026-09-26,2026-09-26
全家,香辣雞肉熱狗,193,1,2026-09-26,2026-09-26
全家,香辣霸王雞球,292,1,2026-09-26,2026-09-26
全家,香雞蛋堡,254,1,2026-09-26,2026-09-26
全家,香鮭蛋炒飯,444,1,2026-09-26,2026-09-26
全家,馬-甜玉米,80,1,2026-09-26,2026-09-26
全家,馬來饃麵茶牛奶雪糕,94,1,2026-09-26,2026-09-26
全家,馬鈴薯玉米濃湯,224,1,2026-09-26,2026-09-26
全家,高單位葡萄糖胺飲,27,1,2026-09-26,2026-09-26
全家,高崎培根,216,2,2026-09-26,2026-09-26
全家,高粱酒牛肉乾-原味,195,3,2026-09-26,2026-09-26
全家,高粱酒珍珠香腸,193,1,2026-09-26,2026-09-26
全家,高級甜筒,185,1,2026-09-26,2026-09-26
全家,高蛋白質綜合堅果,173,1,2026-09-26,2026-09-26
全家,高鈣低脂起司,600,12,2026-09-26,2026-09-26
全家,高鈣原味起司,756,12,2026-09-26,2026-09-26
全家,高麗人蔘滋補液,25,1,2026-09-26,2026-09-26
全家,高麗人蔘精華液,70,1,2026-09-26,2026-09-26
全家,高麗菜豬肉熟水餃,384,3,2026-09-26,2026-09-26
全家,魔爪澳式檸檬碳酸能量飲料,156,1,2026-09-26,2026-09-26
全家,魔爪管浪潘趣能量飲,128,1,2026-09-26,2026-09-26
全家,魔爪能量飲,170,1,2026-09-26,2026-09-26
全家,魔爪芒果狂歡能量飲,156,1,2026-09-26,2026-09-26
全家,魔爪超越仙境能量飲料,10,1,2026-09-26,2026-09-26
全家,魔爪超越幻紫能量飲料,11,1,2026-09-26,2026-09-26
全家,魔爪超越能量飲,11,1,2026-09-26,2026-09-26
全家,魷魚風味小魚造型魚板,93,1,2026-09-26,2026-09-26
全家,鮪魚昆布細卷,160,1,2026-09-26,2026-09-26
全家,鮪魚片,266,2,2026-09-26,2026-09-26
全家,鮪魚穀物飯(健康志向),380,1,2026-09-26,2026-09-26
全家,鮪魚起司溏心蛋三明治,240,1,2026-09-26,2026-09-26
全家,鮪魚飯糰,193,1,2026-09-26,2026-09-26
全家,鮭魚奶油醬油飯糰,172,1,2026-09-26,2026-09-26
全家,鮭鮪海饌雙手卷,294,1,2026-09-26,2026-09-26
全家,鮮乳坊A2β酪蛋白鮮乳,636,4,2026-09-26,2026-09-26
全家,鮮乳坊嘉明鮮乳,139,1,2026-09-26,2026-09-26
全家,鮮乳坊桂芳鮮乳300ml,204,1,2026-09-26,2026-09-26
全家,鮮乳坊桂芳鮮乳936ml,636,4,2026-09-26,2026-09-26
全家,鮮乳坊生乳優格,296,3,2026-09-26,2026-09-26
全家,鮮乳坊莊園鮮乳雞蛋布丁,197,1,2026-09-26,2026-09-26
全家,鮮乳坊許慶良鮮乳936ml,636,4,2026-09-26,2026-09-26
全家,鮮乳坊起司銀絲卷,209,1,2026-09-26,2026-09-26
全家,鮮切白蘿蔔,32,2,2026-09-26,2026-09-26
全家,鮮味脆瓜,157,3,2026-09-26,2026-09-26
全家,鮮攪草莓奶茶,226,1,2026-09-26,2026-09-26
全家,鮮榨椪柑原汁,132,1,2026-09-26,2026-09-26
全家,鮮榨蘋果汁,135,1,2026-09-26,2026-09-26
全家,鮮蘿蔔,5,1,2026-09-26,2026-09-26
全家,鱈魚香絲,169,2,2026-09-26,2026-09-26
全家,鹹奶油菠蘿小土司,390,1,2026-09-26,2026-09-26
全家,鹹蔬餅,400,4,2026-09-26,2026-09-26
全家,鹹酥雞,270,1,2026-09-26,2026-09-26
全家,鹹香核桃墨西哥,398,1,2026-09-26,2026-09-26
全家,鹽味卡哩卡哩,480,1,2026-09-26,2026-09-26
全家,鹽味檸檬風味棒,234,2,2026-09-26,2026-09-26
全家,鹽味毛豆,178,1,2026-09-26,2026-09-26
全家,鹽味薯條餅乾,305,1,2026-09-26,2026-09-26
全家,鹽味豚骨湯麵,484,1,2026-09-26,2026-09-26
全家,鹽烤花魚,83,1,2026-09-26,2026-09-26
全家,鹽焗腰果,600,1,2026-09-26,2026-09-26
全家,鹽蔥燒肉飯糰,179,1,2026-09-26,2026-09-26
全家,鹽蔥生鮭飯糰,163,1,2026-09-26,2026-09-26
全家,鹽酥香菇25g,105,1,2026-09-26,2026-09-26
全家,鹽麴蔥花麵包,320,1,2026-09-26,2026-09-26
全家,鹿兒島焙茶咖啡酷繽沙,252,1,2026-09-26,2026-09-26
全家,鹿兒島焙茶牛奶酷繽沙,317,1,2026-09-26,2026-09-26
全家,麥提莎牛奶巧克力,199,1,2026-09-26,2026-09-26
全家,麥提莎麥芽脆心黑巧克力,182,1,2026-09-26,2026-09-26
全家,麥維他夾心消化餅朱古力口味,204,1,2026-09-26,2026-09-26
全家,麥維他夾心消化餅香草口味,202,1,2026-09-26,2026-09-26
全家,麥香奶茶300ml,118,1,2026-09-26,2026-09-26
全家,麥香奶茶375ml,148,1,2026-09-26,2026-09-26
全家,麥香紅茶300ml,114,1,2026-09-26,2026-09-26
全家,麥香紅茶375ml,142,1,2026-09-26,2026-09-26
全家,麥香綠茶300ml,84,1,2026-09-26,2026-09-26
全家,麥香綠茶375ml,102,1,2026-09-26,2026-09-26
全家,麥香錫蘭奶茶,250,2,2026-09-26,2026-09-26
全家,麥香阿薩姆奶茶,222,2,2026-09-26,2026-09-26
全家,麥香阿薩姆奶茶1.25L,464,4,2026-09-26,2026-09-26
全家,麥香阿薩姆紅茶,180,2,2026-09-26,2026-09-26
全家,麵包超人QQ糖-運動飲料風味,62,1,2026-09-26,2026-09-26
全家,麵包超人水果棒棒糖,790,25,2026-09-26,2026-09-26
全家,麵包超人葡萄QQ糖,62,2,2026-09-26,2026-09-26
全家,麻吉甜甜圈,202,1,2026-09-26,2026-09-26
全家,麻奶鍋湯麵,517,1,2026-09-26,2026-09-26
全家,麻油薑汁米粉,268,1,2026-09-26,2026-09-26
全家,麻油雞飯糰,319,1,2026-09-26,2026-09-26
全家,麻辣燙湯麵,276,1,2026-09-26,2026-09-26
全家,麻辣燙風味麵,476,1,2026-09-26,2026-09-26
全家,麻辣牛肉麵,577,1,2026-09-26,2026-09-26
全家,麻辣牛雙寶,136,1,2026-09-26,2026-09-26
全家,麻辣豬雙喜,194,1,2026-09-26,2026-09-26
全家,麻辣雞心,148,1,2026-09-26,2026-09-26
全家,麻辣鱈魚香絲,167,2,2026-09-26,2026-09-26
全家,麻辣黑金剛花生仁,356,6,2026-09-26,2026-09-26
全家,黃杯香草,141,1,2026-09-26,2026-09-26
全家,黃金奶油鹽可頌,267,1,2026-09-26,2026-09-26
全家,黃金泡菜,104,8,2026-09-26,2026-09-26
全家,黃金玉米排,101,1,2026-09-26,2026-09-26
全家,黃金翅包飯,219,1,2026-09-26,2026-09-26
全家,黃金起司派對包,810,6,2026-09-26,2026-09-26
全家,黃金起司蛋捲燒,230,1,2026-09-26,2026-09-26
全家,黃金起司辣味驚喜包,354,3,2026-09-26,2026-09-26
全家,黃金起司香雞塊(重組),240,1,2026-09-26,2026-09-26
全家,黃金雞排蘑菇白醬歐姆蛋飯,684,1,2026-09-26,2026-09-26
全家,黃金雞軟骨,265,1,2026-09-26,2026-09-26
全家,黃金霸王腿條,241,1,2026-09-26,2026-09-26
全家,黃黃綠綠奇異果(截切),78,1,2026-09-26,2026-09-26
全家,黑嘉麗黑莓子糖果,185,1,2026-09-26,2026-09-26
全家,黑嚕嚕香雞排,292,1,2026-09-26,2026-09-26
全家,黑巧堅果棒,172,1,2026-09-26,2026-09-26
全家,黑松汽水2L,720,8,2026-09-26,2026-09-26
全家,黑松沙士,252,2,2026-09-26,2026-09-26
全家,黑松沙士(罐),138,1,2026-09-26,2026-09-26
全家,黑松沙士2L,840,8,2026-09-26,2026-09-26
全家,黑松沙士清新紅柚風味,232,2,2026-09-26,2026-09-26
全家,黑松茶花綠茶,22,2,2026-09-26,2026-09-26
全家,黑松露野菇義大利麵,202,1,2026-09-26,2026-09-26
全家,黑糖粉粿咖啡酷繽沙,260,1,2026-09-26,2026-09-26
全家,黑糖粉粿牛奶酷繽沙,317,1,2026-09-26,2026-09-26
全家,黑糖薑母茶,787,10,2026-09-26,2026-09-26
全家,黑胡椒毛豆,137,1,2026-09-26,2026-09-26
全家,黑胡椒洋蔥豬飯糰,173,1,2026-09-26,2026-09-26
全家,黑胡椒素雞塊,281,1,2026-09-26,2026-09-26
全家,黑胡椒蒜味雞柳條,142,1,2026-09-26,2026-09-26
全家,黑芝麻焗腰果,539,1,2026-09-26,2026-09-26
全家,黑豆決明子,8,2,2026-09-26,2026-09-26
全家,黑醋栗金盞花葉黃素精華飲,24,1,2026-09-26,2026-09-26
全家,黑鑽巧克力Q堤,219,1,2026-09-26,2026-09-26
全家,點點心港式厚奶茶,184,1,2026-09-26,2026-09-26
全家,鼎王麻辣蛋,77,1,2026-09-26,2026-09-26
全家,龍角散喉糖,156,10,2026-09-26,2026-09-26
全家,Ｑ彈燕麥飯,301,1,2026-09-26,2026-09-26
