fingerprint,item_index,brand,raw_name,product_name,price,model,prompt_version
000241f7e93c244dd35fce80ef689c2c27bd49c5904ab089ba20c0ac584a2156,0,全家,：詹姆士香蒜胡椒肉骨茶泡麵 79元,詹姆士香蒜胡椒肉骨茶泡麵,79,codex,product-name-v1
003dea7225e4fd5644ae472e55b6aa82cc1c8b4bfa7233da5ff4ac18296cc4f0,0,全家,"：茉莉茶園 香檸琥珀紅/$35（同品牌同價位任選第2件10元）
 (區域型商品請註明 試吃試用品請標示價格0元)",茉莉茶園香檸琥珀紅,35,codex,product-name-v1
00e0ed2d989950d242e54e1540a93a7d0b326cee651c2d203556d325b1a517d6,0,全家,"：塔塔醬蝦排飯糰/65
        
(區域型商品請註明 試吃試用品請標示價格0元)",塔塔醬蝦排飯糰,65,codex,product-name-v1
01176d01a8769a4091dd6f964365082300250ae32e5749b902de5f284931e593,0,全家,：蘋果芒芒綠 / 原價65,蘋果芒芒綠,65,codex,product-name-v1
027f75512d2ced2301263afe6d00e35df1b8097958f45e361443524ba9f45801,0,全家,：UCC炭燒咖啡x莊園牛奶/49元,UCC炭燒咖啡x莊園牛奶,49,codex,product-name-v1
02ac01303a0bd8a6c8744fcc0d7598ba42cf7ccbd7c053336732ffd22828e071,0,全家,"：蜜桃颶風蛋糕/45

(區域型商品請註明 試吃試用品請標示價格0元)",蜜桃颶風蛋糕,45,codex,product-name-v1
02d9fd04a4a45265cbcbfae7f69325b1d0ed766d63d9544f82bbd17df76a0abd,0,全家,：美味蟹煲$95,美味蟹煲,95,codex,product-name-v1
02f9877c45c1b341043e834c91a79e88a77c1c1aa931d8778fd016e59f53578d,0,全家,：草莓甜心Q堤_39元、橙香優格 Q堤_42元,草莓甜心Q堤,39,codex,product-name-v1
02f9877c45c1b341043e834c91a79e88a77c1c1aa931d8778fd016e59f53578d,1,全家,：草莓甜心Q堤_39元、橙香優格 Q堤_42元,橙香優格Q堤,42,codex,product-name-v1
0374c53d27899101a6cf0471dd53de0a0a92d71d47ee8e09b31839e57a328cdc,0,萊爾富,"：
叉燒豚骨拉麵/109$（友善76$）",叉燒豚骨拉麵,76,codex,product-name-v1
04ff0a62ebf874bc547f620c2542a72cf944a88250985fe53c7a8682acbe05ec,0,7-11,"：紅油口水雞冷麵/89
        
(區域型商品請註明 試吃試用品請標示價格0元)",紅油口水雞冷麵,89,codex,product-name-v1
055b6cc9e18f816b5ac248da96966a4fee72c07ad7a923898a3fbdcbd84a0214,0,萊爾富,：果C果昔 哈瓜戀乳/$109,果C果昔哈瓜戀乳,109,codex,product-name-v1
05bc3a29301facb5286d3ed852729013171581722b416da54aca75d565bfd679,0,全家,"：牧場直送4.0花生牛奶雪糕 40 優惠券買一送一
        
(區域型商品請註明 試吃試用品請標示價格0元)",牧場直送4.0花生牛奶雪糕,40,codex,product-name-v1
0615242f2daad16b25da90b466b3aee9e7db7f022b0efbaae0958563ad638175,0,全家,： 全家 蜜柑大福  45 /  32,蜜柑大福,32,codex,product-name-v1
062529b63dcf2b420ab82e2546e7b69d6df95701a6dd01f1b49279c4d8fbc5ba,0,7-11,：天婦羅蕎麥風味湯麵 $109,天婦羅蕎麥風味湯麵,109,codex,product-name-v1
067761bfe41312dc08711728ebf163e4ed1d36950650cf512b62c6ac10153e96,0,7-11,"：香草玫瑰鹽焦糖冰淇淋/30
        
(區域型商品請註明 試吃試用品請標示價格0元)",小美香草玫瑰鹽焦糖冰淇淋,30,codex,product-name-v1
06dc401290880083fe11131b319a9a70f2d44b51a505fe7d7e60410c1f8da7c1,0,7-11,7-11金黃炸魚爪哇咖哩飯、喬亞雲朵拿鐵,金黃炸魚爪哇咖哩飯,,codex,product-name-v1
06dc401290880083fe11131b319a9a70f2d44b51a505fe7d7e60410c1f8da7c1,1,7-11,7-11金黃炸魚爪哇咖哩飯、喬亞雲朵拿鐵,喬亞雲朵拿鐵,,codex,product-name-v1
06f93bd1b67648192cac4546a400cba79d406b5c593ae73c0eeafd0cac1592b5,0,7-11,：乖乖 馬上轉運箱$199 馬上貼春聯袋$149,乖乖馬上轉運箱,199,codex,product-name-v1
06f93bd1b67648192cac4546a400cba79d406b5c593ae73c0eeafd0cac1592b5,1,7-11,：乖乖 馬上轉運箱$199 馬上貼春聯袋$149,乖乖馬上貼春聯袋,149,codex,product-name-v1
0826f337234c27e482e2ef0d32808c5667b67dffe3846f126b74529be1b45f7d,0,全家,"：
草莓甜心Q堤 / 39元
橙香優格Q堤 / 42元",草莓甜心Q堤,39,codex,product-name-v1
0826f337234c27e482e2ef0d32808c5667b67dffe3846f126b74529be1b45f7d,1,全家,"：
草莓甜心Q堤 / 39元
橙香優格Q堤 / 42元",橙香優格Q堤,42,codex,product-name-v1
0859c43d3e3e2137c0760b031ae83720f412b88f0233bb6a7ab6470c86db99c3,0,全家,： 草莓優格Xx巧克力霜淇淋 / $49,草莓優格x巧克力霜淇淋,49,codex,product-name-v1
08cc126e3fb1d64b7e60ae12de2b1e7de1069f1d0d9d1a06ec485db2d3ae3599,0,全家,"：炙燒燒肉拌麵89元+5元送可樂
        
(區域型商品請註明 試吃試用品請標示價格0元)",炙燒燒肉拌麵,89,codex,product-name-v1
08cccdd35c99420601e5f4fb19f44582a44fcac1885032e167f98ef66188470c,0,7-11,"：
大大大香辣鹹酥雞/59
兩件88元",大大大香辣鹹酥雞,59,codex,product-name-v1
08cf0b28c99fd7a238f9a9e00c5355ec19301c891bc63fbe85317186ff321347,0,OK,"：燻雞起司米披薩卷/79X0.7
        
(區域型商品請註明 試吃試用品請標示價格0元)",燻雞起司米披薩卷,55,codex,product-name-v1
0a0ce661b46beaaa02c16f5100abc3c5c80482ca08430c80479832c4c1abe8a3,0,全家,"：WA!COOKIES 茉香綠茶奶蓋雪糕 49 買一送一
        
(區域型商品請註明 試吃試用品請標示價格0元)",WA!COOKIES茉香綠茶奶蓋雪糕,49,codex,product-name-v1
0a4d0292c905e40b2eebc2dc33ad2b9c09a8b8ae2017d39d0945fc3ef4f58284,0,7-11,"：

白種元韓式辣醬起司洋芋燒
原價79元 / 1 openpoints +69元",白種元韓式辣醬起司洋芋燒,69,codex,product-name-v1
0a5a80810a74ab044254c9545acb25d2de0a9d9879aa883ca66cf0d3c4df43a9,0,7-11,"：
(全)焗烤番茄起司四方麵／99元（會員打79折）
(全)焗烤明太子筆尖麵／99元（會員打79折）
(七) 瑪格麗特焗烤蝴蝶麵／99元",焗烤番茄起司四方麵,,codex,product-name-v1
0a5a80810a74ab044254c9545acb25d2de0a9d9879aa883ca66cf0d3c4df43a9,1,7-11,"：
(全)焗烤番茄起司四方麵／99元（會員打79折）
(全)焗烤明太子筆尖麵／99元（會員打79折）
(七) 瑪格麗特焗烤蝴蝶麵／99元",焗烤明太子筆尖麵,,codex,product-name-v1
0a5a80810a74ab044254c9545acb25d2de0a9d9879aa883ca66cf0d3c4df43a9,2,7-11,"：
(全)焗烤番茄起司四方麵／99元（會員打79折）
(全)焗烤明太子筆尖麵／99元（會員打79折）
(七) 瑪格麗特焗烤蝴蝶麵／99元",瑪格麗特焗烤蝴蝶麵,99,codex,product-name-v1
0b14809d07dc303910ec221ba9fa08e24c65f1334a633602d8b49efad7678128,0,7-11,：大湖草莓乖乖 / $39,大湖草莓乖乖,39,codex,product-name-v1
0b522f3d24f166c93df4ddc222316cf75b48d1dfd3d9a222049d27f57e013a0e,0,全家,"：鳳梨腰果炒飯 / 95元(有額外送20元折價券)
        
(區域型商品請註明 試吃試用品請標示價格0元)",鳳梨腰果炒飯,95,codex,product-name-v1
0b78bb76b22b34e8b2ef5e7504fa69beb833feca737c47efd862092aeb5dd48b,0,7-11,"：
UNIDESIGN洋芋片(唐辛子風味/經典原味) 單件30元 限時活動價 第二件5元
        
(區域型商品請註明 試吃試用品請標示價格0元)",UNIDESIGN洋芋片唐辛子風味,30,codex,product-name-v1
0b78bb76b22b34e8b2ef5e7504fa69beb833feca737c47efd862092aeb5dd48b,1,7-11,"：
UNIDESIGN洋芋片(唐辛子風味/經典原味) 單件30元 限時活動價 第二件5元
        
(區域型商品請註明 試吃試用品請標示價格0元)",UNIDESIGN洋芋片經典原味,5,codex,product-name-v1
0b7c17cf9e2b8c02682970da5aa5735b9e56dd69e8bf44a16d2594222d8623e2,0,7-11,"：

芬達汽水葡萄口味（目前一瓶27元，兩瓶特價49元）


https://i.imgur.com/jiqoO10.jpeg",芬達汽水葡萄口味,27,codex,product-name-v1
0bdfb552f3d80e546c3d0b7b0c1e3093f8e8be2e8f44e02556ba01ad14bb5821,0,7-11,"：
多力多滋  皮蛋口味  40",多力多滋皮蛋口味,40,codex,product-name-v1
0c31238cb7d1157c9092a271be994a757fc00e5f84493da325a1c0e3d716a53c,0,全家,"：米雪布朗尼/35
        
(區域型商品請註明 試吃試用品請標示價格0元)",米雪布朗尼,35,codex,product-name-v1
0c8ba0981426ead5f9acc8a01c5fcdde7ab93305c001019a76571595e4ac7ef6,0,全家,：贅沢巧克力x哈密瓜霜淇淋/49元,贅沢巧克力x哈密瓜霜淇淋,49,codex,product-name-v1
0c990f8304669e0507202a99cbfa006a6af74f4a703539ae5ba948a58521ab9a,0,全家,：番茄起司手工千層麵 / 109(結帳時發現有折10元),番茄起司手工千層麵,99,codex,product-name-v1
0cbf0fb33b586a3141f1a267f1f8b7703ac08b64e74a07ccf83a13c5dc6cf274,0,全家,"：蔬活腿排補力餐盒 /119
        
(區域型商品請註明 試吃試用品請標示價格0元)",蔬活腿排補力餐盒,119,codex,product-name-v1
0d4b7724830730cab752d4dbf6f4851edbc37d25788b7f46e12335393e2e7fe5,0,全家,：山葵生鮪魚泥脆卷/42,山葵生鮪魚泥脆卷,42,codex,product-name-v1
0db50c83c99aad825965628743f573ba0d8818c2564cc3f7c5eeeba7ca45e57f,0,全家,"：義式蕃茄起司89
青醬蛤蜊89
白酒蛤蜊99
鮮乳坊奶油培根89",義式蕃茄起司,89,codex,product-name-v1
0db50c83c99aad825965628743f573ba0d8818c2564cc3f7c5eeeba7ca45e57f,1,全家,"：義式蕃茄起司89
青醬蛤蜊89
白酒蛤蜊99
鮮乳坊奶油培根89",青醬蛤蜊,89,codex,product-name-v1
0db50c83c99aad825965628743f573ba0d8818c2564cc3f7c5eeeba7ca45e57f,2,全家,"：義式蕃茄起司89
青醬蛤蜊89
白酒蛤蜊99
鮮乳坊奶油培根89",白酒蛤蜊,99,codex,product-name-v1
0db50c83c99aad825965628743f573ba0d8818c2564cc3f7c5eeeba7ca45e57f,3,全家,"：義式蕃茄起司89
青醬蛤蜊89
白酒蛤蜊99
鮮乳坊奶油培根89",鮮乳坊奶油培根,89,codex,product-name-v1
0dce1d4f6740955efbe7351fa9b69b45c32f8e6dad041a15c7e795bf3cca981f,0,7-11,"：麻油雞雙菇飯糰/59元
        
(區域型商品請註明 試吃試用品請標示價格0元)",麻油雞雙菇飯糰,59,codex,product-name-v1
0e8fb908ee7a706d7b31ca33c3e5bb46f49cd233ef19891f4072cf854aac8477,0,全家,"：滿滿果乾切片軟歐/45
        
(區域型商品請註明 試吃試用品請標示價格0元)",滿滿果乾切片軟歐,45,codex,product-name-v1
0f213b8cf5340658ba5a04cc14027774346ff509da50745af92d67b2fa15e805,0,全家,：芋泥蒙布朗布丁 55/  40,芋泥蒙布朗布丁,40,codex,product-name-v1
0f553efc2dc08f52da27db3d5bf8f2af4e9e314e607d68ed26bb62a7aabe03b3,0,7-11,"：
39",這不是抹茶鬆餅,39,codex,product-name-v1
0f726d7fbf9efd7d64d80538bbff6ce0536f112a42c0dd701cd1bc1e4fcb513c,0,7-11,： 抹茶生巧克力生乳捲 59元,抹茶生巧克力生乳捲,59,codex,product-name-v1
0fa78233627def4c455a46eb562fa74d36fb3d6aad1cecd5dc61ff66e7a03299,0,7-11,"：紫薯QQ球/49x.65
        
(區域型商品請註明 試吃試用品請標示價格0元)",21世紀紫薯QQ球,32,codex,product-name-v1
0fa7cbf167b6b68ffeaf4048d8148489728282b0e09e3edf7ca1fcbfc37f67fb,0,全家,： 鮮乳坊 莊園鮮乳雞蛋布丁  嘗鮮價 $49,鮮乳坊莊園鮮乳雞蛋布丁,49,codex,product-name-v1
0fc24fb67360769ff594a6cdefb1f3cb2fa3fb9a6b959780898e418d170f97e6,0,全家,"：水晶球加購價$299
(區域型商品請註明 試吃試用品請標示價格0元)",瑪麗貓聖誕水晶球,299,codex,product-name-v1
0ffc5899dd196e4a03ff58f483ee2e1442dc797012e97001726d29497054f8da,0,全家,"：嘉義崇文白醋涼麵/65x.7
        
(區域型商品請註明 試吃試用品請標示價格0元)",嘉義崇文白醋涼麵,,codex,product-name-v1
0ffeaf35856036cabdb7722a3e40542f440ac938dad41bca52edab928f97ae44,0,全家,"：剝皮辣椒鮮肉包(原價35，點數換購18元)
        
(區域型商品請註明 試吃試用品請標示價格0元)",剝皮辣椒鮮肉包,18,codex,product-name-v1
1006901b2bb392f84a6962d18df26317a35b18ba8e2b4cde9d8c630026ae9e25,0,全家,：花生濃餡蛋捲499(折100加送提袋),花生濃餡蛋捲,499,codex,product-name-v1
1025d9c054c5667badbfb1f6d5295507242679ae1b94a574c82c3a62f5fb91cb,0,7-11,：人參糯米雞湯/65元,人參糯米雞湯,65,codex,product-name-v1
1029e07f24a31164260611a15fd75196668bdb5eb96ce3a940c39b3c6a8e6edf,0,全家,"：褲褲兔福袋$499
        
(區域型商品請註明 試吃試用品請標示價格0元)",褲褲兔福袋,499,codex,product-name-v1
11701dca20e2c8d38f27397e690bfef6495b1ac7b72e9358912c9894fff73600,0,全家,： 鐵道滷排便當 / $99,鐵道滷排便當,99,codex,product-name-v1
1192a16722f15dc0ae872e76db0c767b6cf2367b4f564961ff7f2d5d6c1c381c,0,全家,"：棋盤格蛋糕/35元
        
(區域型商品請註明 試吃試用品請標示價格0元)",Vans聯名棋盤格蛋糕,35,codex,product-name-v1
119ddf18ab13866f89d9a3a6d8e738ea400796d0ac8b8750a8ea31116d38fcc5,0,全家,"：黑胡椒豬肉炒麵麵包

原價65 app優惠券39",黑胡椒豬肉炒麵麵包,39,codex,product-name-v1
11da5c758a7f79dc832a88e4d676087ea1f68476477ee6ff352a1c2be54b1c40,0,全家,"：龍涎厚乳 39元
        
(區域型商品請註明 試吃試用品請標示價格0元)",龍涎厚乳,39,codex,product-name-v1
124988f3da36b6cc6ad00131da6adde1b745cd988610a2528746e3cede7df260,0,全家,"：蘭姆葡萄霜淇淋 49 買一送一
        
(區域型商品請註明 試吃試用品請標示價格0元)",蘭姆葡萄霜淇淋,25,codex,product-name-v1
124e85107e620c99a1693fd0a49b4f5843715f9309e327b660b64aa89d1ec897,0,萊爾富,"：萊爾富X頂呱呱13cm娃包/ipass聯邦卡付款71元（？

https://i.mopix.cc/CbGuR4.jpg",萊爾富X頂呱呱娃包,71,codex,product-name-v1
12916e08d378bc8e917b998d10f11b1016d7096f1d998ad19d6fe196da86f2d4,0,全家,：抹茶白玉酷繽沙$59,抹茶白玉酷繽沙,59,codex,product-name-v1
12aaed77c5d98a251fae9f40bfeb579f1f36a1d67ed882ecb5f7be49e2c22696,0,7-11,"：
油雞99 獅子頭89",港式油雞臘味飯,99,codex,product-name-v1
12aaed77c5d98a251fae9f40bfeb579f1f36a1d67ed882ecb5f7be49e2c22696,1,7-11,"：
油雞99 獅子頭89",金運獅子頭燴飯,89,codex,product-name-v1
1332711d73c4a61f6ae158cc04d0f6ca4c68acd99204146d743bde872254f341,0,全家,：芋泥巴斯克/59元(友善時光42元吧),芋泥巴斯克,42,codex,product-name-v1
142a7834fe1c376504c1227057b8a49e57d68a1ee7e41965984df980044d39c2,0,7-11,：這不是菠蘿麵包30元,這不是菠蘿麵包,30,codex,product-name-v1
144ea49962f14be2afe4110d215e69699b804c9375fed3abf05679ded76c6ec8,0,7-11,"：
御料小館  紅油雞丁  59元 (目前買2送1)",御料小館紅油雞丁,59,codex,product-name-v1
145229f72a81a31d0684f95cc747a53c61fd82c47d92ec1ebbde0c4f85cbad51,0,7-11,"：
139
打折兩件140",法國巴黎女孩blonde金啤酒,70,codex,product-name-v1
14b2077b8243416df09ebc278827dbffd4e5f011a189fbac0fe7732762ebbf91,0,萊爾富,"：白醬蝦仁燉飯$99
        
(區域型商品請註明 試吃試用品請標示價格0元)",白醬蝦仁燉飯,99,codex,product-name-v1
1531735c9b7a6259c94cd3e1e134bf6057be5a8462d96be9eac058734d1ddf7e,0,7-11,"： 裸麥蔓越莓乳酪麵包/49x.65
        
(區域型商品請註明 試吃試用品請標示價格0元)",裸麥蔓越莓乳酪麵包,,codex,product-name-v1
156b7e925c8ca14461b4e77b8fb4073e55f5f477ad35cbea2f256ea9920c48fb,0,全家,"：聯名款褲褲兔瓶套
六罐飲料免費送",聯名款褲褲兔瓶套,,codex,product-name-v1
1592adca05670c1f88f146226edc330057742261e6d5b316f193639091c8d75d,0,全家,"： 滿餡麵包 香濃花生/39
        
(區域型商品請註明 試吃試用品請標示價格0元)",滿餡麵包香濃花生,39,codex,product-name-v1
159cc05922fa655e5b70ea5dff8af19a63d916218c7112edfd3a0ec9e0772149,0,全家,"：濃蕃茄火腿蛋包飯89
蘭韻梨山烏龍嚐鮮價49",濃蕃茄火腿蛋包飯,89,codex,product-name-v1
159cc05922fa655e5b70ea5dff8af19a63d916218c7112edfd3a0ec9e0772149,1,全家,"：濃蕃茄火腿蛋包飯89
蘭韻梨山烏龍嚐鮮價49",蘭韻梨山烏龍,49,codex,product-name-v1
15ec2afa8af98e05d35c34cac17cb8b66dae00afd6eb58179ce626b9e7dc0144,0,全家,"：花生醬火腿蛋起司貝果堡 $45
        
(區域型商品請註明 試吃試用品請標示價格0元)",花生醬火腿蛋起司貝果堡,45,codex,product-name-v1
16338ebf89a8e4cf23dd43b7f26a608deea1937ef0343066dc32cb4c1b8e7eac,0,全家,"：巧酥餅乾泡芙/$49

        
(區域型商品請註明 試吃試用品請標示價格0元)",巧酥餅乾泡芙,49,codex,product-name-v1
16ce2ebcb1ce44373e41e01217ccff4556a84d62dec7000110eaa8b69f580746,0,全家,全家 立頓香菜奶茶,立頓香菜奶茶,,codex,product-name-v1
1778a4e483901ef0a06b4782149836b662c8696f7c370f788ef4c6bdc479ca34,0,全家,"：芋頭酷繽沙 $65
        
(區域型商品請註明 試吃試用品請標示價格0元)",芋賣尬酷繽沙,65,codex,product-name-v1
180c08732b4bb8b06549f7559924860fb4a8cc06405fe3f899318f66d76a98e9,0,全家,"：味味A排骨雞醬香嫩雞胸/69元

: 【便利商店/廠商名稱】：全家

: 【規格/內容物/熱量】：115大卡/份（100公克）

: 【評分】：80

: 【心得】：

: 
https://i.imgur.com/2NX2WqZ.jpeg


: 味味A排骨雞就是記憶的味道啊！！

: 運動完想說買個雞胸肉

: 看到這招牌紅色就直接拿了

: 回家微波加熱一下 打開包裝後

: 嗯 沒錯！

: 撲鼻而來的是拜拜後都會吃到的泡麵香味

: 不過沒有到真的泡麵那種濃郁就是了

: 然後口感就是嫩雞胸 跟其他差不多

跑了幾間店找到了
咬下去果然嫩度是舒肥過的
味丹自己家生產的果然靠普
全家合作的金豐盛雞胸的都沒有舒肥
咬下去很柴實在難以下嚥

鹹度方面是必須配飯的鹹度
7-11內的雞胸口味的沒有這個鹹
是健身減肥者可以不配飯吃的程度
很可惜這個就沒辦法了
但是配碳水又違背了減肥吃雞胸的目的

然後真的感覺體積有比7-11的小一點
淨重居然是含汁水的實在刷新了我的理解
還是以後要像罐頭寫固形物才算是真正重量?

--",味味A排骨雞醬香嫩雞胸,69,codex,product-name-v1
18722033f12d5ea79dbaa67a94b8de32dea9dd75ef48fe71f443b5f2c18b81ef,0,全家,：999,羅技福袋,999,codex,product-name-v1
1877c8f7582f252ca22dc2956126c15946a50bc7804a6b7aa39f014d8dbfd5d2,0,7-11,：珍珠焙火烏龍奶茶/原價75元/杯,珍珠焙火烏龍奶茶,75,codex,product-name-v1
188a8958c41fbf7a7d68302b88ddf653c693b6ff9d87927f3271ddd1f510d47d,0,全家,"： 經典總匯三明治/45
        
(區域型商品請註明 試吃試用品請標示價格0元)",經典總匯三明治,45,codex,product-name-v1
18a9427dbc48702b444ed31a2993d9d6436c7d43c85db9856b42d1fd6aab17cc,0,萊爾富,"：鰻魚飯 139元

: 異了...飯上則是有著鰻魚的醬汁帶點微甜，會讓人一口接一口，主菜的鰻魚份量不少

，?

: 度偏薄，不過這價位沒什麼好嫌了。

: 結論：看到的話會回購，這份量女生吃應該是能吃飽，鰻魚也給的很實在，如果有惜福

食

: 七折價能入手，建議一定要試看看。

: 
https://i.imgur.com/qjkUePa.jpeg


: 
https://i.imgur.com/X6fA5Gd.jpeg


: 
https://i.imgur.com/GKJwoAv.jpeg


剛剛去吃
結果鰻魚比你小塊

https://i.mopix.cc/lQ1itr.jpg


有細刺要注意

https://i.mopix.cc/J9VKuz.jpg


口味不錯 就是貴

記得到app用點數換折價券
特價111

沒點數的用國泰自行無卡提款就有點數了

--",鰻魚飯,139,codex,product-name-v1
18d014c2df44a668023d3a53799c952752bd60a7350c18475a914247018fd2c1,0,全家,"：鮑滿福氣中華燴麵99/鮮乳坊馬鈴薯玉米濃湯55
折5元",鮑滿福氣中華燴麵,99,codex,product-name-v1
18d014c2df44a668023d3a53799c952752bd60a7350c18475a914247018fd2c1,1,全家,"：鮑滿福氣中華燴麵99/鮮乳坊馬鈴薯玉米濃湯55
折5元",鮮乳坊馬鈴薯玉米濃湯,55,codex,product-name-v1
18fd7a5e5cd571492621fef32b6f18f29ace33312dd86dc2525c74d026e4cae3,0,全家,：白味噌壽喜燒飯 / 95 自助結帳優惠10%,白味噌壽喜燒飯,86,codex,product-name-v1
19104e409808474eb480d5c02ab191eddf6548835ba28e244af406a239d88e8f,0,7-11,"：涓豆腐蜂蜜蒜香烤雞翅/59元
        
(區域型商品請註明 試吃試用品請標示價格0元)",涓豆腐蜂蜜蒜香烤雞翅,59,codex,product-name-v1
191a650f6cb38e62c660cbbaf5cc177bbcb5b7e8ae413b7d556fa7ddd188643c,0,7-11,"：
極Finity香菜琴調酒/79$單瓶四罐82折",極Finity香菜琴調酒,79,codex,product-name-v1
19355bed4a19587e6cd5e20cf0f4bd65abca8205632bddcdac6a5d530e428979,0,全家,"：青檸紅茶馬卡龍/49
        
(區域型商品請註明 試吃試用品請標示價格0元)",青檸紅茶馬卡龍,49,codex,product-name-v1
19bd4a51302bbed7c226aa5b803387149ef5db1bc2a1bf42ac9d72606c583353,0,7-11,：青醬蛤蜊義大利麵 $89,青醬蛤蜊義大利麵,89,codex,product-name-v1
19fb5eec1b3c09a7d8e4ea3ca11ae512f96c92e9ea22abb9ef7f2cb5634db537,0,7-11,：樂事 炙鹽香蒜口味 35元,樂事炙鹽香蒜口味,35,codex,product-name-v1
1a0357d81d7cdb2b328a87af4763d933744559fd13d873f842437e04eeb420b0,0,OK,"：廣達香肉鬆飯糰/ 一起結帳不確定價格
        
(區域型商品請註明 試吃試用品請標示價格0元)",廣達香肉鬆飯糰,,codex,product-name-v1
1a537a2c13b036870d87a14b73f4bb8a935507228a9d937fb63607d2f0980613,0,全家,"：冬瓜QQ撞奶/59元（嚐鮮價～8/19，原價65
        
(區域型商品請註明 試吃試用品請標示價格0元)",冬瓜QQ撞奶,59,codex,product-name-v1
1abbf6e2903dfc1e2eb19067c4388cfb4068302664b81838879ef10dd504b656,0,7-11,"： (蔬)陽明春天塔香G丁燴飯 / 原價89
        
(區域型商品請註明 試吃試用品請標示價格0元)",陽明春天塔香G丁燴飯,89,codex,product-name-v1
1acc93bf68fa9ad9c8415ffde314a66def7e6ba41aa48a9a36f8a915be9d7d05,0,7-11,：抹茶紅豆布蕾/$49,抹茶紅豆布蕾,49,codex,product-name-v1
1aea9e4b88c0fa0c593f65e64bbdaaf0a329a34fc67e51cb32b2c377d1794711,0,全家,"：投影相機吊飾
3章+79預購",瑪利歐投影相機吊飾,79,codex,product-name-v1
1b7969f2334121cf307e86febe3265b888f57a1d030c8b35a9ea8f1f7e28c762,0,全家,無敵家蔥蔥玉子拌麵 / 99,無敵家蔥蔥玉子拌麵,99,codex,product-name-v1
1bc203f7edb346e35e9d0741fe408ddd1e8889ba3fba4b04a2f93dc418ec8317,0,全家,：m&m’s聯名 巧克力蛋糕 $35,M&M’S巧克力蛋糕,35,codex,product-name-v1
1bc3952ed1b3e94cd3b55f253f9d2b5aeab86944e04a6e1bca058235b6c64a65,0,全家,"：
          珍珠奶茶菠蘿$39
          仙女紅茶$40
          搭配價$59",珍珠奶茶菠蘿,30,codex,product-name-v1
1bc3952ed1b3e94cd3b55f253f9d2b5aeab86944e04a6e1bca058235b6c64a65,1,全家,"：
          珍珠奶茶菠蘿$39
          仙女紅茶$40
          搭配價$59",仙女紅茶,30,codex,product-name-v1
1bf27454d7560d77a28ba70e4b3a7d27648827058dfd3fcebac7dbc89b9baf25,0,全家,"：
        
(區域型商品請註明 試吃試用品請標示價格0元)


銀河墨魚乾拌麵 99元",銀河墨魚乾拌麵,99,codex,product-name-v1
1c1101f41b4241e1a611c1e28b076f8bfd64ad4fe3d162acaea1c030c24ed971,0,全家,"：極濃義式開心果雪糕 40 買一送一
        
(區域型商品請註明 試吃試用品請標示價格0元)",阿奇儂極濃義式開心果雪糕,40,codex,product-name-v1
1cadc3c4e00453e0220f1286efd0dcd47fa84f2aa79754008cc27cea68c5a39f,0,全家,"：起司蛋糕x莊園牛奶霜淇淋/49元
        
(區域型商品請註明 試吃試用品請標示價格0元)",起司蛋糕x莊園牛奶霜淇淋,49,codex,product-name-v1
1d163e426a7bd33c160837ba30a39a237bc26cf5e567b9be9a87773b97563cb4,0,7-11,：企鵝造型軟糖-99元,企鵝造型軟糖,99,codex,product-name-v1
1d29ff730a5627d2c587f790e7e991ed2734187b72ee5afa3a5ff93eb63c9cff,0,萊爾富,"：
玉米濃湯

原價55元特價45元

(區域型商品請註明 試吃試用品請標示價格0元)",玉米濃湯,45,codex,product-name-v1
1d509a9bfa7164cbaadd1e6611aae99a58ca5470ad40b9424c6e6753dbf18304,0,全家,：焙韻隱山烏龍49/正男醬香烤飯糰49,焙韻隱山烏龍,49,codex,product-name-v1
1d509a9bfa7164cbaadd1e6611aae99a58ca5470ad40b9424c6e6753dbf18304,1,全家,：焙韻隱山烏龍49/正男醬香烤飯糰49,正男醬香烤飯糰,49,codex,product-name-v1
1e22fee03520e8124e668436f82f4651c3d8cba593d38f05ee30647852f757ec,0,全家,"：
草莓厚奶雲餡泡芙/ $49
美莓奶霜蛋糕/$42",草莓厚奶雲餡泡芙,49,codex,product-name-v1
1e22fee03520e8124e668436f82f4651c3d8cba593d38f05ee30647852f757ec,1,全家,"：
草莓厚奶雲餡泡芙/ $49
美莓奶霜蛋糕/$42",美莓奶霜蛋糕,42,codex,product-name-v1
1e65ffa50eda460e8cb2815809708e7fa084d34bd5648be570835e2846561855,0,7-11,"：
    芬達汽水 葡萄口味 / 一件 $27、兩件 $49
                        (當下沒有記得很明確，好樣是這個價)",芬達汽水葡萄口味,27,codex,product-name-v1
1e76139e0c00c37f75732c50ab039b0f9c48872809be337566f3d7c4d4a5c25c,0,全家,"：泰式奶茶霜淇淋/49元
~5/5 5康康任兩件55元",泰式奶茶霜淇淋,28,codex,product-name-v1
1eac3787ee86f8366da5bf9c9a9040b3d590526e25f9894b0c3f952661db0891,0,全家,"：MM巧克力酷繽沙原價65元新品特價59元
        
(區域型商品請註明 試吃試用品請標示價格0元)",MM巧克力酷繽沙,59,codex,product-name-v1
1ede936f82d9ed3f0f7bc14a3383991abf738c31afd1f51b8131939c4c3bb5b9,0,全家,"：起司蛋糕霜淇淋 30(e-coupon買的)

(區域型商品請註明 試吃試用品請標示價格0元)",起司蛋糕霜淇淋,30,codex,product-name-v1
1fe6a41fde78c644a4dca71996a71745050c47c92cddf23937409dc526ec3439,0,萊爾富,"：焙茶抹茶三明治49元
        
(區域型商品請註明 試吃試用品請標示價格0元)",焙茶抹茶三明治,49,codex,product-name-v1
200597763eb89a6b2e6a3640aba9967f60cf5beb9cd6a9b1ba65edd41a65afc6,0,全家,"：
GODIVA 54%黑巧克力夏威夷果仁脆粒雪糕
109元，第二件20元

(區域型商品請註明 試吃試用品請標示價格0元)",GODIVA 54%黑巧克力夏威夷果仁脆粒雪糕,109,codex,product-name-v1
2136adb6629c96960bbe1768eadee1ab48ae93ae49ede0e600f95b25011b62fb,0,7-11,"：香烤魚排青醬燉飯
  109元 i珍食*0.65",香烤魚排青醬燉飯,71,codex,product-name-v1
21cf7271b3fd204ac0845a1093889837005aea334277acdf256083be3ee628ac,0,萊爾富,：究餡麵包-香菜花生/42元,究餡麵包香菜花生,42,codex,product-name-v1
222fdca80883ba76c70a53822cb1900fab9c130b7ffd1c7f1faa97b570d341d0,0,全家,：褲褲兔紙膠帶2款,褲褲兔紙膠帶,,codex,product-name-v1
2239ff0e90c3dd888e974aeeabd4b6ef3bfabf70f5163f0a45a9c6a291feb507,0,全家,"：蜂蜜雷夢軟歐 /45X.7
        
(區域型商品請註明 試吃試用品請標示價格0元)",蜂蜜雷夢軟歐,32,codex,product-name-v1
22462e9de930af891b7218369ba6c9b488825a617475b311fe6f2e39b9d2c401,0,7-11,：南機場夜市 八棟圓仔湯花生薏仁湯/ $59,南機場夜市八棟圓仔湯花生薏仁湯,59,codex,product-name-v1
226f940fa98f9bbcef19ab8f9f47fa8b77663815b3d67a49327f58690baeb9f4,0,7-11,"：
星級饗宴-半筋半肉麻辣牛肉麵
價格168台幣
一路發",星級饗宴半筋半肉麻辣牛肉麵,168,codex,product-name-v1
227607a39a5de8b6997e6a026ace61f10ce25873b5e2d008b9c1fa33c8cd10d7,0,全家,：開心果霜淇淋 第二支10元,開心果霜淇淋,,codex,product-name-v1
228da03f660c1224a548df2277cce3ac80528ce756f4c8b7788b21dac4c4a221,0,全家,：乖乖食堂 台酒花雕雞麵,乖乖食堂台酒花雕雞麵,,codex,product-name-v1
2296023326b56a4c189ef49b845a6f21e0b2bb1d0bd1f2c77ba9cee3782ca89d,0,全家,"：
和風咖哩豬肉麵包/45元

(區域型商品請註明 試吃試用品請標示價格0元)",和風咖哩豬肉麵包,45,codex,product-name-v1
229d81560d65ea661bb6a1b7d97c15f2f97711f997516ab7f83d8ef59f4d3aa2,0,全家,：乖乖玉米脆條-莓果派對優格 / $39,乖乖玉米脆條莓果派對優格,39,codex,product-name-v1
22e8121ce33af2f97c0744b28e614c90a442166a90305c9395baf0098f111566,0,全家,"：紅運烏魚子紹興飯糰$52
友善價$37
        
(區域型商品請註明 試吃試用品請標示價格0元)",紅運烏魚子紹興飯糰,37,codex,product-name-v1
235326c5efeacc47e482aacbd2fa55fc46c257befb048463ab0ce15852ae07ae,0,7-11,"：抹茶紅豆奶霜鬆餅/42x.65
        
(區域型商品請註明 試吃試用品請標示價格0元)",抹茶紅豆奶霜鬆餅,,codex,product-name-v1
235f217341d85633d342c04cdb7dbfcb230cc3a9f50bde1d888c29d93f3607f6,0,全家,"：冰心乳酪條/42
        
(區域型商品請註明 試吃試用品請標示價格0元)",冰心乳酪條,42,codex,product-name-v1
236e2c457259ce13c9fc64f8b47f415122dbd95328f734ef7f48c93e41c0bf7b,0,萊爾富,"：
泰式奶茶 + 多利多茲 爆脆捲爆蒜濃蝦口味  (特價 39 / 40)",泰式奶茶,39,codex,product-name-v1
236e2c457259ce13c9fc64f8b47f415122dbd95328f734ef7f48c93e41c0bf7b,1,萊爾富,"：
泰式奶茶 + 多利多茲 爆脆捲爆蒜濃蝦口味  (特價 39 / 40)",多力多滋爆脆捲爆蒜濃蝦口味,40,codex,product-name-v1
2415f30bea55445742ac0c55d248ada5bf2dee6f834060f05ff1f5f473ce768b,0,全家,"：89
        
(區域型商品請註明 試吃試用品請標示價格0元)",焗烤起司肉醬麵,89,codex,product-name-v1
244be1ee4bdb718f7e807748874001ab262529d4dc612613af26678be6612053,0,7-11,"：爆蛋燒肉新極大御飯糰（金馬）
$61 （65折40）",爆蛋燒肉新極大御飯糰,40,codex,product-name-v1
246f38133fc9e32bf8c8d07ec862d5bc7d2ae41661ed67a45c0b5ebf5310e8ee,0,7-11,"：開心果馬卡龍 59元/i珍食 38元
        
(區域型商品請註明 試吃試用品請標示價格0元)",開心果馬卡龍,38,codex,product-name-v1
2473972cd609459c2b4c71e92bffebda4c59e4dfa44a2aefb22bf584051260d2,0,全家,"：
南洋椰漿粉 / 馬尚煮69元，粉是送的",馬尚煮,69,codex,product-name-v1
2523f2e394c7fbfb1d7b2ee1972b1097f6912c24fc5b38f511f03bca9297563c,0,7-11,：OH嚕嚕串糰子72元,OH嚕嚕串糰子,72,codex,product-name-v1
259ef266aeb301ee66857bd41e61b1bc2a84aa52f9fad6a9485e620cdf4c76fa,0,全家,：墨西哥風若醬起司嫩蛋捲／65元,墨西哥風若醬起司嫩蛋捲,65,codex,product-name-v1
25f0bc555736f0174d060f438c017f997cd39c508b46638da0a42de3c84ed2c9,0,7-11,"：經脆脆米血脆片69元
        
(區域型商品請註明 試吃試用品請標示價格0元)",經脆脆米血脆片,69,codex,product-name-v1
265b01f6a1a0baa212732c5ae801e90503396ab1a435cf9a708b1d6137f40e70,0,全家,"：和風咖哩豬肉麵包45
香料咖哩雞肉烤飯糰49",和風咖哩豬肉麵包,45,codex,product-name-v1
265b01f6a1a0baa212732c5ae801e90503396ab1a435cf9a708b1d6137f40e70,1,全家,"：和風咖哩豬肉麵包45
香料咖哩雞肉烤飯糰49",香料咖哩雞肉烤飯糰,49,codex,product-name-v1
269c79770201b81369ee145d8b761f6f1ccd8157caee84a07638fecc1f54bb8a,0,7-11,"：紅心芭樂起司蛋糕/原價79元，i珍食51元
        
(區域型商品請註明 試吃試用品請標示價格0元)",紅心芭樂起司蛋糕,51,codex,product-name-v1
26a8b001bfcdc571c7efc336ed9ab52e2b480e65d2e30cde4595cf22af7df53b,0,萊爾富,：薑汁番茄盤/59元,薑汁番茄盤,59,codex,product-name-v1
26dcab46581a6758c8a3fcce6c315c3cc59e5004d3c69411944ad06b753f93c2,0,7-11,：法朋蛋黃酥霜淇淋 49元,法朋蛋黃酥霜淇淋,49,codex,product-name-v1
274d680a0ae45ba0df594710016ea58f4af68609df699743eef4e3ac56ccf707,0,7-11,：多力多滋咖啡口味/50元,多力多滋咖啡口味,50,codex,product-name-v1
2767e28d6840b5d03fd671e3d116b0e9e616639c0cdd943dd1348cdf7f03c928,0,7-11,"：
蝦仁鹽味炒飯飯糰 $45",蝦仁鹽味炒飯飯糰,45,codex,product-name-v1
27f6583f7fb11e4c756641def263ddf7314b4b8113ec46a3922f641055883ed9,0,全家,"：北海道哈密瓜霜淇淋 隨買跨店取4支98
        
(區域型商品請註明 試吃試用品請標示價格0元)",北海道哈密瓜霜淇淋,25,codex,product-name-v1
28187eacbefff27c84d5655ba2e5725b664e44932a24f83eb9fe2ab84601d3a5,0,全家,"：熱狗$38 搭配哈逗堡共$45、雞排$59
        
(區域型商品請註明 試吃試用品請標示價格0元)",金色三麥椒麻香辣熱狗,38,codex,product-name-v1
28187eacbefff27c84d5655ba2e5725b664e44932a24f83eb9fe2ab84601d3a5,1,全家,"：熱狗$38 搭配哈逗堡共$45、雞排$59
        
(區域型商品請註明 試吃試用品請標示價格0元)",金色三麥椒麻香雞排,59,codex,product-name-v1
282831e895479f851bbfeecf0f3b29650bbcd748b7a51cad9ec6c4573e00aec8,0,7-11,"：蜂蜜工坊-蜂蜜精釀啤酒 / 59元

:

: 【便利商店/廠商名稱】：7-11 / 保證責任雲林縣土庫合作農場(委託台灣麥酒股份有限

: 公司製造)

:

: 【規格/內容物/熱量】：水、麥芽、啤酒花、酵母、蜂蜜 / 未標示熱量

:

: 【評分】：70

:           (未滿60分為不推薦)

: 【心得】：今天早上下班經過小7，本來想看看前幾篇蓋亞大大的臺虎精釀x老虎牙子啤酒

: ，不過沒有；剛好看到館長合作的這款蜂蜜口味啤酒，一定要力挺一下。

:

: 
https://i.imgur.com/bzJ0ahc.jpg


:

: 
https://i.imgur.com/COSgfvd.jpg


:

: 泡沫滿濃密，沒有很明顯地蜂蜜甜味香味…以個人在金色三麥喝的經驗，應該如瓶身所述

: ；「添加臺灣蜂蜜，真蜂蜜無香料」，臺灣啤酒出品的那款就有很明顯的人工蜂蜜味道。

:

: 後韻有點微酸…

:

: 看個人喜好了，我是純粹支持館長的心態+愛喝酒所以買來嚐鮮啦！

:

: 喝酒不開車，安全有保障。

:

: 未滿十八歲請勿飲酒。

:

: 理性飲酒，歡樂才有。

:

: 飲酒超量，臭名響亮。

:

: 嘴巴(噴吐)上廁所，影像傳你我。

:

: 批踢踢紳士禮貌運動聯盟 / 批踢踢兩性平權聯盟，關心您。

:

: --

:

: 「Eyes are raining for her, heart is holding umbrella for her, this is love.」

:

: 『 雙眼為她淚如雨下，內心深處卻撐起了傘…所謂愛情。 』

:

: 
https://i.imgur.com/IJKz6pV.jpg


:

: ※ 發信站: 批踢踢實業坊(ptt.cc), 來自: 27.242.160.22 (臺灣)

: ※ 文章網址: 
https://www.ptt.cc/bbs/CVS/M.1619907080.A.675.html


: 推 wtfconk: 不是最近又被騙了?怎麼說又呢?                           05/02 06:16

: wtf大大是說我嗎？？

: 還是在說館長的商品……(默)

:

: 其實以它的售價來看；使用純正蜂蜜釀造，是很樸實的。比起金色三麥零售價129元(沒

: 記錯的話)，實惠很多。

: 至於口味我是覺得見仁見智啦！有的人喜歡如同蜂蜜般地香甜味；有的人覺得淡淡地才真

: 實。

: 推 gaiaesque: 本來也想買 不過買了韓國的艾爾                        05/02 07:43

: 也是小萊的嗎？

: 蓋亞大大真的是啤酒神農氏耶？(笑)

: 喜歡嚐鮮…

: 啤酒太慢醉了所以我沒很愛。

: 推 wtfconk: 當然不是你呀,是當事人,這幾天新聞那麼大XD               05/02 10:16

: 我沒注意耶？

: 館長又被廠商騙了嗎？

: 推 whoisanky: 館粉幫推？XD                                         05/02 13:24

: 我也是滿欣賞他的那種氣口才支持的…

: 沒動力健身，衣服週邊又很難搶…

: 就買買飲料跟雞胸肉吧。

: 推 virkin: 開始賣了？不是聽直播說5/3開賣 2罐特價99                 05/02 14:03

: 我早上去小7就看到了。不過沒有兩瓶特價的標籤。

您好，我想支持台灣蜂農跟台灣健身產業，請問這款啤酒現在哪間超商買得到？

: → virkin: 等等趕緊來找找 期待這支很久了                           05/02 14:44

: 推 q210216: 台虎X老虎牙子聯名那款全家才有賣...!                    05/02 15:52

: 了解。再來去找找看。謝謝。

: 推 x1217xx: 買來喝了！配合  三倒酒    很順口  不膩口 不錯          05/02 23:57

: 對，算是很順口。

: 推 cat05joy: 提前賣的 特價牌子不一定會先上                         05/03 11:54

: 了解。

: 噓 GreenMay22: 有這個害慘台灣的韓柯昌粉先嘘，牠的商品我絕對不買    05/03 17:46

: → agneys: 樓上意識形態好重zzz                                     05/03 21:38

: 噓 GreenMay22: 原來高雄人的稅金不值錢喔，被這個垃圾亂搞            05/03 22:26

: → GreenMay22: 叫做意識形態？                                      05/03 22:26

: 噓 GreenMay22: 信不信我推一個陳*扁去死，就沒有意識形態問題了？     05/03 22:29

: → GreenMay22: 原來賭爛一個垃圾叫意識形態喔？x你娘x掰啦            05/03 22:30

: 這位大大，如果你討厭館長，是不是該去專門板發文比較好呢？

: → Edwarce: 樓上好好笑喔 害慘台灣 沒想看看如果真的選上害慘台灣的   05/04 01:04

: → Edwarce: 會是誰阿？科科                                         05/04 01:05

您好，我想支持台灣蜂農跟台灣健身產業，請問這款啤酒現在哪間超商買得到？

: 推 wang19980531: 台獨別想賺我一分錢                                05/04 07:40

您好，我想支持台灣蜂農跟台灣健身產業，請問這款啤酒現在哪間超商買得到？

: 推 virkin: 我覺得算大人口味的蜂蜜啤酒 不會太甜 還有啤酒苦味        05/04 09:07

: 正解。

: 一方面如果是純正蜂蜜，也不會有人工過甜的口感。

您好，我想支持台灣蜂農跟台灣健身產業，請問這款啤酒現在哪間超商買得到？

: 推 kobelakers: 某g想進桶                                           05/05 08:01

您好，我想支持台灣蜂農跟台灣健身產業，請問這款啤酒現在哪間超商買得到？

: 推 andrewtso: 不得不說雖然不是全部但很多討厭館長的都是被擋財路的   05/07 18:40

: → andrewtso: 人或是被兩個垃圾黨洗腦很深或花錢買的的蟑螂覺青       05/07 18:41

您好，我想支持台灣蜂農跟台灣健身產業，請問這款啤酒現在哪間超商買得到？

: 有道理耶！

: 因為我真的不懂一般市井小民，對館長有何好痛恨厭惡的呢？

: 或許他講話不是很有氣質，但至少說出了很多人對世事不滿的心聲！

: 比起很多表裡不一人前人後獲得權力的政治人物好100倍了…

: 至少我是如此感受。

: → andrewtso: 以上題外話 這支看起來不錯 可惜我不喜歡發酵的味道     05/07 18:42

: → andrewtso: 所以只喝梅酒那種泡酒 買給家人喝看看好了XD            05/07 18:42

: 噓 GreenMay22: 我只想噓你一次，那別人那種把生活常識                05/10 09:29

: → GreenMay22: 推給意識形態的部份讓我得噓好多次                    05/10 09:29

: → GreenMay22: 況且後來又釣出這麼統派網軍領錢來推                  05/10 09:30

: → GreenMay22: 我會繼續噓你的，謝謝你努力幫忙垃圾洗白              05/10 09:30

: → GreenMay22: 不平衡不行啊                                        05/10 09:30

: → GreenMay22: 垃圾陳之漢才該進桶吧，不過這裡已經被台民黨攻陷      05/10 09:31

: → GreenMay22: 看來是我會被黨權版主桶無誤喔Y                       05/10 09:31

: 好啦。祝福大大平安喜樂。

: 我不是你口中的「統派」；更不是「臺民黨」。

: 謝謝。

: ※ 編輯: XTaiwanAyin (27.52.10.119 臺灣), 05/11/2021 02:35:25

: 推 momo0215: 喝起來像真材實料的妹酒 但跟我想像中的精釀不太一樣     05/13 19:38

您好，我想支持台灣蜂農跟台灣健身產業，請問這款啤酒現在哪間超商買得到？

--
隊長：別躲著了，出來受靶子吧～
秋生：小心你後面！
隊長：我後面？是我表姨父啊！

--

                              11/21 08:06

也就你這種戴著有色眼鏡的鳥會這樣問。這是單純求推商品文。

也就你這種戴著有色眼鏡的鳥會這樣問。這是單純求推商品文

也就你這種戴著有色眼鏡的鳥會這樣問。這是單純求推商品文

也就你這種戴著有色眼鏡的鳥會這樣問。這是單純求推商品文

也就你這種戴著有色眼鏡的鳥會這樣問。這是單純求推商品文

也就你這種戴著有色眼鏡的鳥會這樣問。這是單純求推商品文

也就你這種戴著有色眼鏡的鳥會這樣問。這是單純求推商品文

也就你這種戴著有色眼鏡的鳥會這樣問。這是單純求推商品文

QQ，一群被政治蒙蔽到版龜不懂的鳥兒",蜂蜜工坊蜂蜜精釀啤酒,59,codex,product-name-v1
28584313d59b258bbac188f6835c93764c916caae26fdff2ac86e2b763ef843c,0,7-11,：晶華-蒜香菲力牛義大利麵 / 139元,晶華蒜香菲力牛義大利麵,139,codex,product-name-v1
289c9912877146014bd80ed6de58b04fb26aec7f053a7226e48a64b408c9cf7c,0,全家,"：剝皮辣椒雞奶油細扁麵99元
仙女紅茶40元
搭著買折10元",剝皮辣椒雞奶油細扁麵,,codex,product-name-v1
289c9912877146014bd80ed6de58b04fb26aec7f053a7226e48a64b408c9cf7c,1,全家,"：剝皮辣椒雞奶油細扁麵99元
仙女紅茶40元
搭著買折10元",仙女紅茶,,codex,product-name-v1
28d49247914a98047b3a0e041b579a1fc95d7abf3d72aa369ced5ffbf549e1fa,0,全家,"：博多烏龍麵特價$69(原價$89)、乳酪慕斯$49

        
(區域型商品請註明 試吃試用品請標示價格0元)",博多牛蒡天婦羅烏龍麵,69,codex,product-name-v1
28d49247914a98047b3a0e041b579a1fc95d7abf3d72aa369ced5ffbf549e1fa,1,全家,"：博多烏龍麵特價$69(原價$89)、乳酪慕斯$49

        
(區域型商品請註明 試吃試用品請標示價格0元)",玫莓乳酪慕斯,49,codex,product-name-v1
28e657e53329f2ec1d439c3255d93ae0eb9bd2b2cb5fc9f84e734510732233d5,0,全家,"：103元
中華嫩豆腐：23元/2
松花皮蛋：45元/2
椒麻香蔥雞涼拌麵：69元
        
(區域型商品請註明 試吃試用品請標示價格0元)",椒麻香蔥雞涼拌麵,69,codex,product-name-v1
2a137ab880b64ca8d83c3f4ce05143dc28cd7ef42a19938c3c2dbd9c0b126e2c,0,7-11,"：酥炸辣皮蛋風味洋芋片/點數兌換
        
(區域型商品請註明 試吃試用品請標示價格0元)",酥炸辣皮蛋風味洋芋片,,codex,product-name-v1
2a282e39e7b281f8a00b576f9c31bd204cdfad47b660e27e2e67c4b4080da059,0,7-11,7-11 乖乖 超大我會好運袋,乖乖超大我會好運袋,,codex,product-name-v1
2a3ef84a6945dd19cd971c11c412d99a55b75ba03dafc229562f7f3238e27659,0,OK,贈送統一布丁（小）ok兌換（9/30）,統一布丁,,codex,product-name-v1
2a794c97b95e7e19f0cdf67d68c7f71a54e67379c22736ee06db22e9de39c088,0,全家,"：
貝納頌 蜜香堅果風味    35元",貝納頌蜜香堅果風味,35,codex,product-name-v1
2aceb44efcc66679bc39245bc277db0f017e8d2efa621e7aae2b24588440d4aa,0,萊爾富,"： 漂浮恐龍巧克力歐蕾/65元（原價85）
        
(區域型商品請註明 試吃試用品請標示價格0元)",漂浮恐龍巧克力歐蕾,65,codex,product-name-v1
2ae0c6785d83837f42270f109b892014f3430c984558ff35c816705b49f3e4f0,0,7-11,"：台南晶英酒店 黑糖核桃乳酪軟歐
        
(區域型商品請註明 試吃試用品請標示價格0元)",台南晶英酒店黑糖核桃乳酪軟歐,,codex,product-name-v1
2b223f0eb2bb42402dae8479b029fae3ba919cace0025858e6ebed8519d47239,0,全家,"：香料咖哩炸雞金飯糰$49(優惠券買一送一)
        
(區域型商品請註明 試吃試用品請標示價格0元)",香料咖哩炸雞金飯糰,,codex,product-name-v1
2b9d5f281b67e1e146d29db94450e10ebf3864131e9a2b36a38bfc13674556de,0,全家,"：泰式奶茶霜淇淋 兩支55
        
(區域型商品請註明 試吃試用品請標示價格0元)",泰式奶茶霜淇淋,28,codex,product-name-v1
2baa6c261e8bfae33e26f5dfe12b87292e55f2e6546e1a76c7b40a11e045f019,0,全家,"：
95 (自己是用店家折扣-20買)
30 (姊姊送)",美味蟹煲,75,codex,product-name-v1
2baa6c261e8bfae33e26f5dfe12b87292e55f2e6546e1a76c7b40a11e045f019,1,全家,"：
95 (自己是用店家折扣-20買)
30 (姊姊送)",南非國寶茶,,codex,product-name-v1
2c0dfd3da8d3ab83782920b3b81f8e268bc8b41aca4377e09713ad7e936868e7,0,7-11,"：百吉孔雀餅乾雪糕 40
        
(區域型商品請註明 試吃試用品請標示價格


0元)",百吉孔雀餅乾雪糕,40,codex,product-name-v1
2c531d9cb17d7ddc0f8b9aa1adc7d8a578dea94b76076eca4a1719f0e28488fa,0,7-11,：彩虹可頌/69元,彩虹可頌,69,codex,product-name-v1
2d21d1970f2c8718e05e5f28efca3c90c4fe7103d211c3c586d62561f2ff2aea,0,7-11,：開心果千層塔/$55,開心果千層塔,55,codex,product-name-v1
2db150d49568c48fa4a81eb161c7ae2e4dccd22efd9dc4a7484ac2fbf509d308,0,7-11,"：
        
(區域型商品請註明 試吃試用品請標示價格0元)


早餐店奶茶 / 20元",早餐店奶茶,20,codex,product-name-v1
2dde9e0f4662b957ec17bb636f55ea17f779f53dfb1cadfef26fbb97e23f84ff,0,全家,：牧場直送生食鮮蛋/150元,牧場直送生食鮮蛋,150,codex,product-name-v1
2e13ef1f35f70d43fbfb1d3c115137f4bd7a089b7ba153a2032baa8afea4a5a4,0,全家,"：桂圓紅棗水/35元
        
(區域型商品請註明 試吃試用品請標示價格0元)",桂圓紅棗水,35,codex,product-name-v1
2e14a53bc12cff70645fa87032bb21923a789c353af0a6edf5a9ffd9e50189f6,0,全家,"：
一顆布丁泡芙/49",一顆布丁泡芙,49,codex,product-name-v1
2e926a2cb3da0d7a82bf7bc8255e4c4bf7ba1dc4d3f4767eb27bb2012c72697d,0,全家,"：38元
        
(區域型商品請註明 試吃試用品請標示價格0元)",立頓香菜奶茶,38,codex,product-name-v1
2fbfdd533c747e19bb87dbd06f0c6207c2b0504b122aa32e3be55bf414b62493,0,全家,"：蕎麥茶40、蕎麥醇奶茶55
都買一送一
        
(區域型商品請註明 試吃試用品請標示價格0元)



https://i.mopix.cc/1MXJtC.jpg",金焙蕎麥茶,40,codex,product-name-v1
2fbfdd533c747e19bb87dbd06f0c6207c2b0504b122aa32e3be55bf414b62493,1,全家,"：蕎麥茶40、蕎麥醇奶茶55
都買一送一
        
(區域型商品請註明 試吃試用品請標示價格0元)



https://i.mopix.cc/1MXJtC.jpg",蕎麥醇奶茶,55,codex,product-name-v1
3001d6d6805ad16b16f4b535d53192c2c6e6fbf2ee4afeff723199035f6d7e0a,0,7-11,"：韓式炸雞起司丼/原價119
                                     i珍食77",韓式炸雞起司丼,77,codex,product-name-v1
30362e2d3847ae313f12fad24335458449918c823dc1f0037e34224d4593ef75,0,全家,"：綠葡萄大福/45
        
(區域型商品請註明 試吃試用品請標示價格0元)",綠葡萄大福,45,codex,product-name-v1
30e47f7ca0ab33b0fb4a2e714c7dbe0dd6d123808180dedabebb3b20b53133b7,0,7-11,"：法朋蛋黃酥霜淇淋  49 第二隻10元
        
(區域型商品請註明 試吃試用品請標示價格0元)",法朋蛋黃酥霜淇淋,,codex,product-name-v1
30f82af28e1f7e69a2381b7ba4fabafc308f32062a1bb38cce2d26c5dda45041,0,全家,"：
75 75乞丐時光52",滑蛋干貝雞茸粥,52,codex,product-name-v1
311bf6c09bcc705e869313c305f9645cbe4b916a6958e68b35e1e206d35849d8,0,7-11,：7-11 新台味-麻油雞個人鍋 $69 65折$45,新台味麻油雞個人鍋,45,codex,product-name-v1
31d7a27b4e0d057fff9479af887388f49868a5b9ee5e3560e57df8b988f4e9d2,0,全家,：長崎風味強棒碗麵/69$,長崎風味強棒碗麵,69,codex,product-name-v1
3209617f0c5383ee30bb04f7f0af6bfdc1669d6b8bc3b6bce190b3ef059aba8f,0,7-11,：DyDo白葡萄沙瓦風味氣泡飲/$39,DyDo白葡萄沙瓦風味氣泡飲,39,codex,product-name-v1
334ac0e4d855a016c9b33aecbb56ab51b0a65deed009aa43fed1b2c2a97aa0d1,0,7-11,：牛肉起司可頌 85塊,牛肉起司可頌,85,codex,product-name-v1
33c52d7ae73371ac3397eda694bd07a4ac97b892b9b2dbe69a9879e9f42fd156,0,全家,"：韓國麵包三兄弟$35、古早味甜甜圈$35 任兩件88折
        
(區域型商品請註明 試吃試用品請標示價格0元)",韓國麵包三兄弟,,codex,product-name-v1
33c52d7ae73371ac3397eda694bd07a4ac97b892b9b2dbe69a9879e9f42fd156,1,全家,"：韓國麵包三兄弟$35、古早味甜甜圈$35 任兩件88折
        
(區域型商品請註明 試吃試用品請標示價格0元)",古早味甜甜圈,,codex,product-name-v1
34083c5b8539889231bc21d07ef9fef926bf4dfef7ec259c23b605c652c8a9fd,0,全家,：香菜氣泡水/35元,香菜氣泡水,35,codex,product-name-v1
3408b588354647733008e1a8ab2c2e57156d5fc9647ddae204f8c685c5e535f5,0,7-11,：芒果慕斯 59元（杯）,芒果慕斯,59,codex,product-name-v1
341555714a95ac03640c7d5d9d9a6a61b260a7ec21759e783a1791179457444c,0,萊爾富,"：鰻魚飯 139元
        
(區域型商品請註明 試吃試用品請標示價格0元)",鰻魚飯,139,codex,product-name-v1
3465097d49a96c31efab31735e4442bb81a8d3eb61646daa83af768fdb943e10,0,7-11,：7-11 芋泥金沙大福 / $45,芋泥金沙大福,45,codex,product-name-v1
3484024f2fc93d77d18bff9f01d3ab336a2a28e445eef1ddf9ebb1d23937dfbe,0,萊爾富,"：樂法 葡萄水 $29
        
(區域型商品請註明 試吃試用品請標示價格0元)",樂法葡萄水,29,codex,product-name-v1
3497b205a693bb793666524cb243b4c36979441256c09c7be46698f1e853a666,0,全家,"：
茉莉茶園-香檸琥珀紅/35元買一送一",茉莉茶園香檸琥珀紅,18,codex,product-name-v1
34bd7583d2c7fa1667082f177a08e6dc72662446eaab385c0737ff9546e6866a,0,7-11,"：富錦樹金沙南瓜 59
        
(區域型商品請註明 試吃試用品請標示價格0元)",富錦樹金沙南瓜,59,codex,product-name-v1
35b7520b85c5a342032deda6979c11d690e143e30e792e50249e4c4696023ac7,0,7-11,"：
陽明春天古早味香菇竹筍粥 69 × 0.85（特店85折）

(區域型商品請註明 試吃試用品請標示價格0元)",陽明春天古早味香菇竹筍粥,,codex,product-name-v1
35c68ed72f9c2cbb5f38fa1f8a02088274ff4204ad212ffaf937023969c42afb,0,全家,"：酥皮麵包$45、烤年糕$39
(區域型商品請註明 試吃試用品請標示價格0元)",so hot酥皮麵包,45,codex,product-name-v1
35c68ed72f9c2cbb5f38fa1f8a02088274ff4204ad212ffaf937023969c42afb,1,全家,"：酥皮麵包$45、烤年糕$39
(區域型商品請註明 試吃試用品請標示價格0元)",奶油烤年糕,39,codex,product-name-v1
360f224d0055045001aed5aed59686e3d04d22a68523c95db9a329b986c2f5d4,0,7-11,：立頓夏威夷冰茶 $33,立頓夏威夷冰茶,33,codex,product-name-v1
3621ab930ea0ab30edb45b7820f41fbc41acceb09a1d78debff91a2dfc5b4149,0,7-11,：爆蛋肉燥新極大飯糰/55元,爆蛋肉燥新極大飯糰,55,codex,product-name-v1
3669ad22a9cf56714f2615acca8ce0211203ed3ad46b915776f90bd0e94abcfb,0,全家,"：
鹽蔥生鮭飯糰52
柚檸海灣貝飯糰49",鹽蔥生鮭飯糰,52,codex,product-name-v1
3669ad22a9cf56714f2615acca8ce0211203ed3ad46b915776f90bd0e94abcfb,1,全家,"：
鹽蔥生鮭飯糰52
柚檸海灣貝飯糰49",柚檸海灣貝飯糰,49,codex,product-name-v1
3807d2090fbb5b9964c2b78115fa72d704170c437921c7320497bb4cd227c8c3,0,全家,"：百事蠟筆小新夏日歡樂箱 特價299元
        
(區域型商品請註明 試吃試用品請標示價格0元)",百事蠟筆小新夏日歡樂箱,299,codex,product-name-v1
381853960afaa36673057ca83515fcc2a80de37548f02ea12bd3d72dea8e096e,0,7-11,"：松露烤雞義大利麵/99元/I珍食79元
        
(區域型商品請註明 試吃試用品請標示價格0元)",松露烤雞義大利麵,79,codex,product-name-v1
389ebe23ab84dc818eb32633ddd29a0550949839136c10d110363cfaaf1ef283,0,7-11,：帕泰家-泰式海鮮青木瓜沙拉 / 79 元,帕泰家泰式海鮮青木瓜沙拉,79,codex,product-name-v1
3936d4646c820d20dbdaf7ba51dbfc20842b5ad18a681239427c3a6be0316da7,0,7-11,：阜杭豆漿饅頭夾豬排蛋/69,阜杭豆漿饅頭夾豬排蛋,69,codex,product-name-v1
39390375b45aefe855d89ee60ef9f893f1bea4a6505d0bd376306f935360431f,0,7-11,：聖諾黑千層塔 /79元,吳一無二聖諾黑千層塔,79,codex,product-name-v1
393afc62e63ee298de00ce9176af990c1d3a0cd33129ebab1e675bdd893faa0e,0,全家,"：開心果霜淇淋/ 5支$188
        
(區域型商品請註明 試吃試用品請標示價格0元)",開心果霜淇淋,38,codex,product-name-v1
3a241d91127957d374eceede47edb208577bed9593d9f3ca2f395bd79d332985,0,全家,：春節福袋249,春節福袋Hahababy款,249,codex,product-name-v1
3a7be1e2099acf48f1feb25f054500bd2f4b0421feb242b1ef207961077236c7,0,7-11,"：香烤魚排青醬燉飯/109x.65
        
(區域型商品請註明 試吃試用品請標示價格0元)",香烤魚排青醬燉飯,71,codex,product-name-v1
3a95696c1d6052dba519b00b4b30fff4a0c406a6bf48b522358b3e69e1b52997,0,全家,"：
   健康志向x船井生醫 玉米鬚茶
   健康志向x船井生醫 纖維粉米米花經典湖鹽
   兩件合購價59",健康志向船井生醫玉米鬚茶,,codex,product-name-v1
3aeaa9a53d6d60e2fa063790bc8097bf15d6c5281c9f80136fe70262226ecc8b,0,7-11,"：蜂蜜柚子霜淇淋 49 ibon票券優惠買一送一
        
(區域型商品請註明 試吃試用品請標示價格0元)",蜂蜜柚子霜淇淋,49,codex,product-name-v1
3b805539d59a67a8770c6be33a418fb1b7a48f78ee51dba10fce34c30a077b20,0,全家,：蠟筆小新煉乳風味冰淇淋,蠟筆小新煉乳風味冰淇淋,29,codex,product-name-v1
3b93fabff35050fa238828119110950934de90780675431616e98d6a9fe126b2,0,全家,"：德式香腸酸菜燻腸飯捲
原價$45 優惠券可買一送一

        
(區域型商品請註明 試吃試用品請標示價格0元)",德式香腸酸菜燻腸飯捲,,codex,product-name-v1
3bac0f668e155e6b85af4673636f332aef2d9775e1e87be4d48c854c769def61,0,7-11,"：
7-11-焗烤奶油蝦仁通心粉 / 69元
全家-奶油起司蝦仁通心粉 / 79元",焗烤奶油蝦仁通心粉,69,codex,product-name-v1
3bac0f668e155e6b85af4673636f332aef2d9775e1e87be4d48c854c769def61,1,7-11,"：
7-11-焗烤奶油蝦仁通心粉 / 69元
全家-奶油起司蝦仁通心粉 / 79元",奶油起司蝦仁通心粉,79,codex,product-name-v1
3c139c4f695d538abe32af9a5221e805f75bab3719a19bb857895f6dcdaf4aa5,0,7-11,：波的多茶葉蛋/蔥花蛋口味 一包$35,波的多茶葉蛋口味,35,codex,product-name-v1
3c139c4f695d538abe32af9a5221e805f75bab3719a19bb857895f6dcdaf4aa5,1,7-11,：波的多茶葉蛋/蔥花蛋口味 一包$35,波的多蔥花蛋口味,35,codex,product-name-v1
3c2ae6dd6e819cf74ba2ca8421b4baa30e75f3acef6a67aea1c73a7b3c5fb651,0,全家,：失控起司薯餅焗飯 $84 (會員88折),失控起司薯餅焗飯,84,codex,product-name-v1
3c6517a6596065a688af1dc571c6d6f452e5886c21018b169785351c9fb31df1,0,全家,"：覆盆莓榛果可可三明治/39
        
(區域型商品請註明 試吃試用品請標示價格0元)",覆盆莓榛果可可三明治,39,codex,product-name-v1
3ce395cb3f8c3c62cb6f30a3eb3da2a368916ef5ca2d875aec0a8396bcec6771,0,全家,全家麻婆豆腐波浪麵,麻婆豆腐波浪麵,,codex,product-name-v1
3d72eb5109138853f4bd86df36d2df7a1b675fccc9953bb17c1175f771a2af30,0,7-11,： 玫瑰鹽濃焦糖 雪淋霜 49元,玫瑰鹽濃焦糖雪淋霜,49,codex,product-name-v1
3e5c48b83775526a7859aa478067e747eca34feb5b3c2bb63f7f171b7644f6a3,0,全家,：草莓大福/45元,草莓大福,45,codex,product-name-v1
3eb5eaf43d44164dbe798d9d1cea4bd0987fba24c9376a7e06e5490073beced8,0,萊爾富,：Deep Water西梅果汁飲/149,Deep Water西梅果汁飲,149,codex,product-name-v1
3ec707e431b6b67303a66c0dec9648bf56eb767cc5e5c62011e1d50fd6a443e5,0,萊爾富,"：萊爾富特重蒜辣涼麵/69
清原芋見雲朵/42/即期品7折29
        
(區域型商品請註明 試吃試用品請標示價格0元)",特重蒜辣涼麵,69,codex,product-name-v1
3ec707e431b6b67303a66c0dec9648bf56eb767cc5e5c62011e1d50fd6a443e5,1,萊爾富,"：萊爾富特重蒜辣涼麵/69
清原芋見雲朵/42/即期品7折29
        
(區域型商品請註明 試吃試用品請標示價格0元)",清原芋見雲朵,29,codex,product-name-v1
3ee494e0fa4c313f7acc1706e18a0ecde8642366f5e84e500a1a4abd1012132f,0,全家,"：
全家Fami!ce霜淇淋 伊藤園抹茶x焦糖蘇打/原價一支49元，3/6-10 5日5好康2支55元
        
(區域型商品請註明 試吃試用品請標示價格0元)",全家Fami!ce霜淇淋伊藤園抹茶x焦糖蘇打,28,codex,product-name-v1
3eecd1fc720d5a93afcb6f9dff0b5e2f129b147582e85d579019f8b4cb50f044,0,7-11,"：福得生活 香菜布蕾 55
        
(區域型商品請註明 試吃試用品請標示價格0元)",福得生活香菜布蕾,55,codex,product-name-v1
3ef87a61178cd909d5b6e05535403f7734b821b1da0b81a601fe4a4f0b0bdcfc,0,全家,"：港式香滑嫩蛋牛肉燴飯/89
        
(區域型商品請註明 試吃試用品請標示價格0元)",港式香滑嫩蛋牛肉燴飯,89,codex,product-name-v1
3f9f4c0fa05cc2450ad349c3fcbb3e5a9e994bce3a695dda1f08cb58d0660132,0,全家,：包邊絨毛袋/399,包邊絨毛袋,399,codex,product-name-v1
3fb04225c017d7bb635e420372870a5452da575b24654a73da36786fcf62c71a,0,全家,"：香料咖哩炸雞烤飯糰49/和風牛肉咖哩炸飯糰42
第二個6折",香料咖哩炸雞烤飯糰,49,codex,product-name-v1
3fb04225c017d7bb635e420372870a5452da575b24654a73da36786fcf62c71a,1,全家,"：香料咖哩炸雞烤飯糰49/和風牛肉咖哩炸飯糰42
第二個6折",和風牛肉咖哩炸飯糰,,codex,product-name-v1
3ff7c36c383abec39d4743df0ae904c7f484072718550b7263ff16e207ac7475,0,全家,：抹茶千層蛋糕/$59,抹茶千層蛋糕,59,codex,product-name-v1
3ff92c630822607351c2a5ccfd67418142cdf7181c66e9fcd232abe07ab78a54,0,7-11,"：乖乖奶油椰子霜淇淋  49
        
(區域型商品請註明 試吃試用品請標示價格0元)",乖乖奶油椰子霜淇淋,49,codex,product-name-v1
40da9f2911b37cab989a52f821b1cfe558639fd3277241fc9a3a51057caebf26,0,全家,"：綿蜜雪花蛋糕/35
        
(區域型商品請註明 試吃試用品請標示價格0元)",綿蜜雪花蛋糕,35,codex,product-name-v1
41314bb014c5afd7194f6f5f16428aa62764b3b71fbb68b1afa26b7c9fba0796,0,7-11,"：49
        
(區域型商品請註明 試吃試用品請標示價格0元)",芋頭牛奶霜淇淋,49,codex,product-name-v1
413bd910b2039e0360ebdd4cc3234e48c0023d3bae6e116c42be9dfb4342cd12,0,7-11,"：御料小館 涓豆腐 韓式豆腐鍋 139元
        
(區域型商品請註明 試吃試用品請標示價格0元)",御料小館涓豆腐韓式豆腐鍋,139,codex,product-name-v1
417193c8b867c4c7ef0e61f732099f45b3a82737eb3d3c2b1989779f90b15cad,0,全家,"：
全家　火腿起司蛋三明治/35元/折後25元
洪瑞珍　經典火腿玉米蛋/42元/折後30元",火腿起司蛋三明治,25,codex,product-name-v1
417193c8b867c4c7ef0e61f732099f45b3a82737eb3d3c2b1989779f90b15cad,1,全家,"：
全家　火腿起司蛋三明治/35元/折後25元
洪瑞珍　經典火腿玉米蛋/42元/折後30元",洪瑞珍經典火腿玉米蛋,30,codex,product-name-v1
41777a5ec2ad6ee0b03a3ab453c158142ec1859fd72c847be1227257772141da,0,全家,"：義式蛋蛋青醬鮪魚冷義大利麵
原價79，領優惠券買63",義式蛋蛋青醬鮪魚冷義大利麵,63,codex,product-name-v1
417a738da9d6fee526ff6551fd161912976bb6d4913727a0079e788fb72504fa,0,7-11,"：小妖精英式IPA啤酒/ 99元
        
(區域型商品請註明 試吃試用品請標示價格0元)",小妖精英式IPA啤酒,99,codex,product-name-v1
41ddf04574fa94302476fe07f3c15173a8205f319c2a341a815a50ccfd436301,0,7-11,"：乖乖奶油椰子霜淇淋 49 ibon票券優惠買一送一
        
(區域型商品請註明 試吃試用品請標示價格0元)",乖乖奶油椰子霜淇淋,49,codex,product-name-v1
4262576a73c42be1807f722c3ab16412216630001ab5eb8d4d67741b864120eb,0,7-11,"：栗子提拉米蘇風味馬卡龍/59元
        
(區域型商品請註明 試吃試用品請標示價格0元)",栗子提拉米蘇風味馬卡龍,59,codex,product-name-v1
42e0d11a78f0e188be1c25e4f0bb547c03b574963ec8412a79665f40e78fd377,0,7-11,"：優菓甜坊可可玉米片奶酪/40
        
(區域型商品請註明 試吃試用品請標示價格0元)",優菓甜坊可可玉米片奶酪,40,codex,product-name-v1
43205d1396d66d71d9033e723213206a09fdcc1528b45b557fb1b2f078850e61,0,全家,"：愛恨椒芝麵$49、愛恨蔥蔥麵$49
        
(區域型商品請註明 試吃試用品請標示價格0元)",愛恨椒芝麵,49,codex,product-name-v1
43205d1396d66d71d9033e723213206a09fdcc1528b45b557fb1b2f078850e61,1,全家,"：愛恨椒芝麵$49、愛恨蔥蔥麵$49
        
(區域型商品請註明 試吃試用品請標示價格0元)",愛恨蔥蔥麵,49,codex,product-name-v1
432386cbd951dc6875de4fd4768b6dad9ec696b008cf7083d71edcce38b260b9,0,全家,：好吃雞肉便當 89元,好吃雞肉便當,89,codex,product-name-v1
436624dd3fb5f179db4ea4d5dd50f6a9c9b643dfee0a96fb0cf650236e4f1f46,0,全家,"：炭燒咖啡霜淇淋 49 買一送一

(區域型商品請註明 試吃試用品請標示價格0元)",炭燒咖啡霜淇淋,,codex,product-name-v1
441b601fe9f7db80c7ca9c75f94ed5317d2d9e06609b31b37aafa55680d46fda,0,7-11,：乖乖玉米脆條 玉米濃湯口味 / 30元,乖乖玉米脆條玉米濃湯口味,30,codex,product-name-v1
44222a8ef2db11ed30ba4dfeb71bc565622902011ad7476f86cf43f77c6d562e,0,全家,：阿甘剝皮辣椒蒸蛋55元,阿甘剝皮辣椒蒸蛋,55,codex,product-name-v1
44b99254075c08f6f252df8b74329a675ba42b0b87ac7f38ff0741f429509fb5,0,7-11,：涓豆腐泡菜冬粉,涓豆腐泡菜冬粉,,codex,product-name-v1
44d7a530866d9f13c9e34ff0849a622bd9d191df32860d79bf075b9e6c9799fe,0,7-11,"：晨光Gold 草莓鮮乳生吐司 39元 任兩件折10元
        
(區域型商品請註明 試吃試用品請標示價格0元)",晨光Gold草莓鮮乳生吐司,39,codex,product-name-v1
453c3a4d0ded6b77a45e2eaba4710718a024fcf2412ac8eef3d0f26555bdcd5e,0,全家,：,養元雙月養仙茶,,codex,product-name-v1
4543c5af9e17ed910f3522f316ffd791db62d516c761a282026a99102d776eab,0,全家,"：
惡魔乳酪生義大利麵/99元",惡魔乳酪生義大利麵,99,codex,product-name-v1
457280f5cb74de6a3667b31abc7e804058541e292d294fcabd4f8dcca7153540,0,全家,：蘭姆葡萄霜淇淋,蘭姆葡萄霜淇淋,,codex,product-name-v1
45933ce208673dc25b14c30769e7e34fb167cbae7d7824f23002872814c62a79,0,7-11,：越式牛肉河粉/$109,越式牛肉河粉,109,codex,product-name-v1
45cb4bbc2a83032bd746d3f77832ed87ae2dae7a3684afd136d633c7a589d273,0,全家,：45（再友善）,蜜柑大福,45,codex,product-name-v1
45f55beb093936d1d273a5f5e3ac89b70031a109b88d8ea74ee3d24b34f2414f,0,7-11,"：
49",飛燕煉乳炸銀絲卷,49,codex,product-name-v1
464d1574d226bf3e8a429d893e899aa32520561328e302fee249eaa3e80dbf74,0,萊爾富,：芭樂、金桔咖啡/45$,芭樂咖啡,45,codex,product-name-v1
464d1574d226bf3e8a429d893e899aa32520561328e302fee249eaa3e80dbf74,1,萊爾富,：芭樂、金桔咖啡/45$,金桔咖啡,45,codex,product-name-v1
469da8c79905397ada4b2c26b692e1c9c39402f3e9dc0a7e22c1ce4bcb3cdd8d,0,全家,"：健司X辻利 蜂蜜海鹽抹茶雪糕 /59元
全家會員 兩件69元（另一個可以選抹茶芝芝茶凍雪糕，我買的門市沒有QQ）
(區域型商品請註明 試吃試用品請標示價格0元)",健司X辻利蜂蜜海鹽抹茶雪糕,35,codex,product-name-v1
46fe637ce7a4cd0e8b9bf8d083c975e3c2b61f1ff980377ab773b060638c43d6,0,全家,"：

濃厚豚骨拉麵/129元",無敵家濃厚豚骨拉麵,129,codex,product-name-v1
4727925a26dcfa28f330613f1b066b3c547ed911e07e3f6f7098ad9eda6da6de,0,萊爾富,"：巧克力花生三明治 /49x0.7
        
(區域型商品請註明 試吃試用品請標示價格0元)",巧克力花生三明治,34,codex,product-name-v1
4735fdf46c6e86afce0c5a2e92f88308e53022e5aaeef8ceefd9111b46d4db5d,0,全家,：紅豆燕麥麵包/檸檬燕麥豆漿餐包，都39$,紅豆燕麥麵包,39,codex,product-name-v1
4735fdf46c6e86afce0c5a2e92f88308e53022e5aaeef8ceefd9111b46d4db5d,1,全家,：紅豆燕麥麵包/檸檬燕麥豆漿餐包，都39$,檸檬燕麥豆漿餐包,39,codex,product-name-v1
475f2d780c912ff144645cf3975c6a3c1437b8036c796fd909a11a54646a97d7,0,7-11,"：蝦排總匯三明治
        
(區域型商品請註明 試吃試用品請標示價格0元)",蝦排總匯三明治,,codex,product-name-v1
476cf21636b391c54ae7d80148c48165d3fa22588846f9ce42addd494b163e01,0,萊爾富,：巧克力花生三明治 49元,巧克力花生三明治,49,codex,product-name-v1
47d92fe854da13382d08b6ba9b66770d383652ff9653dbad6e995f566d68ba7d,0,OK,"：泰式打拋豬肉飯/89x.7
        
(區域型商品請註明 試吃試用品請標示價格0元)",泰式打拋豬肉飯,62,codex,product-name-v1
484d7166809ec898c30126cdce821bae4f24b3407f66e164385db5a536c21b81,0,7-11,：焗烤奶油蝦仁通心粉 $69,焗烤奶油蝦仁通心粉,69,codex,product-name-v1
48e4a82551742e2af54ca556bdf6316d484128b58230a0c969a1cdc581dc6351,0,7-11,"：可爾必思水蜜桃霜淇淋 49 ibon票券優惠買一送一
        
(區域型商品請註明 試吃試用品請標示價格0元)",可爾必思水蜜桃霜淇淋,25,codex,product-name-v1
49101940f6ab72809d9b2ee6d1bedaac134b88babe0da617a574803650c033ea,0,7-11,"：
99",催淚蛋親子丼飯,99,codex,product-name-v1
4920b496b153a33825cc7dd1dac47507600fa0ed03a99cc1a539c462dafaadfe,0,全家,"：起司蛋糕霜淇淋49$
+10$加購起司巧克湯匙餅乾",起司蛋糕霜淇淋,49,codex,product-name-v1
493f79da1753c597495e25b32defd4266af773b49b6086408dbe69b757dc342c,0,萊爾富,：酪梨蜂蜜牛奶雪糕,酪梨蜂蜜牛奶雪糕,,codex,product-name-v1
49666bfe7b90f6dd1a9fcf841140f6f63bb19841ca184134730ecc9942af13bc,0,7-11,"：
35
2包55",可樂果濃厚臭豆腐口味,35,codex,product-name-v1
49a9562a1a7da4253a14ff7530a1a8d215fe5cf041b9197379bf56e6f0069512,0,全家,"：白醋涼麵風味雪糕 49 優惠券買一送一

: (區域型商品請註明 試吃試用品請標示價格0元)

: 【便利商店/廠商名稱】：全家 拾在行銷

: 【規格/內容物/熱量】：75g 雪糕 161.9大卡

: 【評分】：恐怖程度95

: (未滿60分為不推薦)

: 【心得】：

: 
https://i.meee.com.tw/yjwFNx7.jpg


: 
https://i.meee.com.tw/hBXBYRV.jpg


: 第一口吃下去是麻醬的芝麻香氣

: 偏鹹 不過帶點雪糕奶味 還算OK

: 接著吃第二口 醬油的鹹味跑出來了

: 第三口 嘴巴裡被醬油味佔據

: 相對較淡的芝麻被完全蓋掉

: 還有點死鹹的卡喉嚨感

: 到這邊終於知道

: 這不是一支鹹甜口味的雪糕 是單純的鹹而已

: 然後繼續吃 中間的美乃滋aka白醋出現了

: 白醋麻醬口味已經夠恐怖了

: 這支是「麻醬口味+白醋夾餡」

: 沒什麼好介紹的 就是在吃油

: 因為是在吃冰棒

: 所以我猜身體本能會更抗拒理論上不該有的美乃滋味道

: 我看不到 但那時的表情肯定不是很好看

: 最後 可能是製程關係 末端會有一坨美乃滋

: 讓這支雪糕有個完美的ending

: 總結來說

: 這不是正常人類做得出來的玩意

: 也不是正常人類應該吃的

: 有49元想吃冰的話 請去買古娃娃的紅心芭樂雪糕

: 如果有人週一也領了優惠券

: 看完覺得 X 這什麼鬼 我絕對不要吃

: 歡迎在底下推文 或左轉give板 一起造福社會(?

: --

: 各具風情的台南咖啡店

: 
https://i.meee.com.tw/TNngYLv.jpg


: 
https://i.meee.com.tw/qlgVtQR.jpg


: 
https://i.meee.com.tw/zcGoKp6.jpg


: 
https://i.meee.com.tw/5nNJw9e.jpg


: --


我吃完後感想跟原PO有些許不同~

一開始入口是麻醬風味

醬油風味倒是吃不太出來


吃到中段後~味道越來越母湯了...


冰棒應該要有的甜味越來越少...


當時有個念頭：想直接扔進拉機筒


後來覺得浪費食物不是我的風格索性直接吃完~


不吃完還好~吃到最後一口吃到整個懷疑人生...


最後半段是美奶滋風味「大爆發」！！


原本認為浪費食物是不好的行為

但吃過這款雪糕後~改變了我原本的思維

覺得怪怪的就不應該繼續吃下去

這款產品風味比肝浙媽媽的甘蔗青茶更奇葩


是我吃過「最難以言諭」的食品


你可以不吃但一定要請你朋友吃！！


--",白醋涼麵風味雪糕,49,codex,product-name-v1
4a113241d2c962e9dd3a6c7afcb692176d5cea821c495b02886b61ce3b34c4df,0,全家,"：紅心芭樂/$38
        
(區域型商品請註明 試吃試用品請標示價格0元)",紅心芭樂,38,codex,product-name-v1
4a5f76e1be0cb71de4096324f55444fa8855a2ac467d76c69fd713fc882ccb49,0,萊爾富,"：京都福寿園 伊右衛門綠茶 45元
        (區域型商品請註明 試吃試用品請標示價格0元)",京都福寿園伊右衛門綠茶,45,codex,product-name-v1
4ac6440434ebc0b511e3989ce54a315e482492a6841aba15607ff9367a503bc5,0,7-11,：Amelie's Bagel 芝士乳酪火腿貝果/39元,Amelie's Bagel芝士乳酪火腿貝果,39,codex,product-name-v1
4adc06b9d7117206e207e41a814102cf370b437b3691ebea0030227faf692aec,0,全家,：莓果森林奶茶/39$(目前跟其他3款奶茶搭配兩瓶有6折?),莓果森林奶茶,39,codex,product-name-v1
4ba3332fd25515614553184c4c0e0b13ce4063996360a3ad8d5b496223e321c0,0,全家,：褲褲兔中秋款光柵扇/消費滿200免費送,褲褲兔中秋款光柵扇,,codex,product-name-v1
4ba646854864e303d58255029df7f94de1a513529dc6744993a15f07542e3026,0,7-11,"：海鮮焗烤米型麵  109元
        
(區域型商品請註明 試吃試用品請標示價格0元)",海鮮焗烤米型麵,109,codex,product-name-v1
4bacbb3b08f5de516eae1adb78e963897dff43e7ec6562f8e3fbfb662a7d1ee3,0,全家,：椒鹽大雞排，原價79元、優惠價48元,椒鹽大雞排,48,codex,product-name-v1
4bef24f2d19bd93d75faa62e217f1b531cee46a5ffa75067efb6ef1e5ce3322c,0,7-11,"：黑糖粉粿剉冰 特價65元

: 【便利商店/廠商名稱】：7-11

: 【規格/內容物/熱量】：

: 【評分】：78分

: 【心得】：

: 到7-11買東西看到很好奇

: 所以買了一杯

: 裡面長這樣，店員會給一支湯匙挖著吃

: 
https://i.imgur.com/ruyeaWQ.jpeg


: 裡面有三種料

: 紅豆、花生跟粉粿

: 花生的部分比較偏硬

: 可能是因為冷凍的關係

: 
https://i.imgur.com/3sCwmAd.jpeg


: 粉粿因為是比較條狀的

: 所以跟冰店的口感會有點不同

: 但料的部分我覺得還可以

: 
https://i.imgur.com/jI5d8JB.jpeg


: 冰本身是帶一點苦味的黑糖冰

: 甜度偏高，應該有8分糖

: 總結

: 真的可以吃到剉冰的口感

: 我覺得蠻特別的

: 如果半夜很想吃冰可以買

: 但是要趁冰的時候吃完，融化後更甜了

: （便利商店真的東西越來越多元耶XD


.

--",黑糖粉粿剉冰,65,codex,product-name-v1
4bfc08fe68611c5f64608f443c27d6fc8a58d567ffbdb39c2b0922204de1eaf1,0,7-11,"：提拉米蘇酷聖石霜淇淋 兩支88

(區域型商品請註明 試吃試用品請標示價格0元)",栗子提拉米蘇酷聖石霜淇淋,44,codex,product-name-v1
4c42e51ea55f79176c7e4744a8a10078440305127d2f3f20195ac645de96908d,0,7-11,"：半熟玉子烤雞松露燉飯/129
        
(區域型商品請註明 試吃試用品請標示價格0元)",半熟玉子烤雞松露燉飯,129,codex,product-name-v1
4c5453ff879b01466bfd687aec839487cc9ee27ee83aace0336bcb147ff93615,0,全家,"：極品限定 開心果奶茶 39 優惠券買一送一
        
(區域型商品請註明 試吃試用品請標示價格0元)",極品限定開心果奶茶,39,codex,product-name-v1
4c92066f255a4ff1e538e030d382f96880b694ee77a037cff49c9e108f5a74a4,0,全家,：消費滿199+69元,李多慧發聲按鈕飾品,69,codex,product-name-v1
4cb9eee44d0b9ecfcae6bfc5f2cdde673c5881e9472c8595245d4b57fb3a9658,0,7-11,"：7-11 蛤蜊洋芋濃湯/$59

https://i.mopix.cc/dKOl86.jpg",蛤蜊洋芋濃湯,59,codex,product-name-v1
4cd747818fbcf3baa405541b06404b8c98e6528a0cefba44ed838127b62e87b9,0,全家,"：雙月檸檬愛玉凍/69
        
(區域型商品請註明 試吃試用品請標示價格0元)",雙月檸檬愛玉凍,69,codex,product-name-v1
4d9e18e0d852fe8bac22f43f0e71a26a0e6af75b149a22108f463eb06bee1ce5,0,7-11,：BF薄荷岩鹽檸檬糖/35,BF薄荷岩鹽檸檬糖,35,codex,product-name-v1
4da33e5d33f68b1a41eef08581d9d0319d979840ac7d944195cb7950964cf048,0,7-11,"：薄荷可可麻糬/特價39元
        
(區域型商品請註明 試吃試用品請標示價格0元)


https://i.imgur.com/TPwWWNc.jpeg",薄荷可可麻糬,39,codex,product-name-v1
4e7c002502bf9f78c9c20cfdf0f89f58c3cda5fdb544a959cff6fde4262f2564,0,7-11,"：
買2送1 98",台虎MLB直球對決拉格,,codex,product-name-v1
4e9179959e34c486b5b8cbb561a486a4819d620271e2a7ec56a0431c6d6ce4cb,0,萊爾富,"：恐龍巧克力歐蕾 特價20
        
(區域型商品請註明 試吃試用品請標示價格0元)",恐龍巧克力歐蕾,20,codex,product-name-v1
4f42bafdb8e93e043f38c54dff7607bd69880b0069c56fd8de4b372e6cec185a,0,全家,：伊藤園抹茶霜淇淋 $49,伊藤園抹茶霜淇淋,49,codex,product-name-v1
4f86c0e6eb44aeaa3fedb8db48d21f0046da4144f7ddcbd6be14264b5dafaedd,0,7-11,"：微醉隨身搖曳杯組 309
        
(區域型商品請註明 試吃試用品請標示價格0元)",微醉隨身搖曳杯組,309,codex,product-name-v1
4f8c9289ffc5733891349fe57873f7bb45048116d707ba572f394700dd5d5ff2,0,全家,：香草卡士達生甜甜圈 $49,香草卡士達生甜甜圈,49,codex,product-name-v1
4fb5056484701fe75e551818ccd9320adcecdaf892d1a9b2ccfc62e87908c772,0,全家,"：巧克力雙餡Q皮雪燒 $55
        (區域型商品請註明 試吃試用品請標示價格0元)",巧克力雙餡Q皮雪燒,55,codex,product-name-v1
4ffe372d0220394254683a18aa2b5b8d9a48fa3a84dcc5088c0907b1586da460,0,7-11,7-11 Myprotein 經典奶茶高蛋白飲,Myprotein經典奶茶高蛋白飲,,codex,product-name-v1
5022e7d6544076cfce24715d2a1e52c903f4193d55914a3c68c0be4865a86ddc,0,全家,：芭C檸檬綠/優惠59,芭C檸檬綠,59,codex,product-name-v1
502348ee94367be17405360789e6f7b9185fdc9dbbe05cb847e2334e49c8313b,0,7-11,"：多力多滋 芥末口味玉米片/ 50元
        
(區域型商品請註明 試吃試用品請標示價格0元)",多力多滋芥末口味玉米片,50,codex,product-name-v1
5034f46de4eda8f8f9695b16110311b5f1436888010bf7899c6a139a181909aa,0,全家,"：經典蜂蜜蛋糕/35
        
(區域型商品請註明 試吃試用品請標示價格0元)",經典蜂蜜蛋糕,35,codex,product-name-v1
509ab4a59819dc888db95a55f65f8fc5e0300fcd3d7991d2a2b9a9f7358a061f,0,7-11,"：
西雅圖 開心果風味咖啡 + 抹茶拿鐵  150 買一送一",西雅圖開心果風味咖啡,75,codex,product-name-v1
509ab4a59819dc888db95a55f65f8fc5e0300fcd3d7991d2a2b9a9f7358a061f,1,7-11,"：
西雅圖 開心果風味咖啡 + 抹茶拿鐵  150 買一送一",西雅圖抹茶拿鐵,75,codex,product-name-v1
518e55c6afbe28e0ea626b9a8c848dabf49a3a5870ba3bfe3c89d6f11db5719c,0,7-11,：青醬雞絲熱壓吐司/70元,青醬雞絲熱壓吐司,70,codex,product-name-v1
519186409fbf1196afad305d43a6777841f0717965c98df807e7f60e8efac314,0,全家,"：uno pasta南洋紅咖哩豬義大利麵99$
媽媽煮藝東山綜合滷味49$/蒜味肉羹59$
全部折10$",uno pasta南洋紅咖哩豬義大利麵,,codex,product-name-v1
519186409fbf1196afad305d43a6777841f0717965c98df807e7f60e8efac314,1,全家,"：uno pasta南洋紅咖哩豬義大利麵99$
媽媽煮藝東山綜合滷味49$/蒜味肉羹59$
全部折10$",媽媽煮藝東山綜合滷味,,codex,product-name-v1
519186409fbf1196afad305d43a6777841f0717965c98df807e7f60e8efac314,2,全家,"：uno pasta南洋紅咖哩豬義大利麵99$
媽媽煮藝東山綜合滷味49$/蒜味肉羹59$
全部折10$",蒜味肉羹,,codex,product-name-v1
5211310bf25803bc9504fc876a8ac9dba6a31f7fe1a368aea9a1ce8797cc1e2b,0,全家,：「泰式奶茶x起司蛋糕霜淇淋 兩支55元,泰式奶茶起司蛋糕霜淇淋,28,codex,product-name-v1
5324198a61b9854badf26bb884966bccc9ec91db1be0485c58315a35aa28df2f,0,7-11,"：極饗蕃茄蛋湯麵 89(I珍食58）
        
(區域型商品請註明 試吃試用品請標示價格0元)",極饗蕃茄蛋湯麵,58,codex,product-name-v1
53c6cc57ccacec42b11a71962aea82ba7837d27c8284a744584bdeca3c29e79a,0,全家,：Fami奶昔49元,Fami奶昔炭燒咖啡口味,49,codex,product-name-v1
53e14fb1ee7e23cbe425485a37991ee9a439611935093be17d5a2beaec6a5592,0,7-11,：滑蛋嫩雞親子丼 / $89,滑蛋嫩雞親子丼,89,codex,product-name-v1
53e5e122419438336f237ef8c2abd5b78d02c4f06e95d05bb930cfb1ef3e146d,0,7-11,"： 蔥鹽雞肉串  波浪洋芋片/點數兌換
        
(區域型商品請註明 試吃試用品請標示價格0元)",卡迪那蔥鹽雞肉串波浪洋芋片,,codex,product-name-v1
53e681c432aeca89c4baa1ca18a42f8f4b78d8f4fe7bcf4c42ffcd7ecf62271f,0,7-11,"：煙燻火腿起司凱斯堡 79
        
(區域型商品請註明 試吃試用品請標示價格0元)",煙燻火腿起司凱斯堡,79,codex,product-name-v1
54059692260b61296f6f0ca7f31af93e1745337e911e68036951c8203fb32420,0,全家,"：褲褲兔瓶套-聯名款
飲料冰品六件免費送",褲褲兔瓶套聯名款,,codex,product-name-v1
542dae225e24197b6e5fbd6f709d0d0633f6571c2194c97c7b660ce88ad2087a,0,全家,"：日式胡麻雞絲冷麵85, 配御茶園99",屯京拉麵日式胡麻雞絲冷麵,85,codex,product-name-v1
544d3110e36dc693f98dce505e82d826a4029784a2946f971588d3b27685f245,0,7-11,"：
        芭樂美式氣泡咖啡 $85",芭樂美式氣泡咖啡,85,codex,product-name-v1
54a0287547e73fae55d814cea0b30b639fa5ddaeb7991b765e8a01e9f942081a,0,7-11,：文旦肉肉美式/85 (嚐鮮價75，環保杯再扣5元),文旦肉肉美式,75,codex,product-name-v1
54dac07858fca7b3585c133f79d140b33929d80b7e3d654f12461d4b01f916cb,0,全家,：藤椒雞丁炒飯/$95,藤椒雞丁炒飯,95,codex,product-name-v1
54fd51d665f029201ae884d3e1cc30cfdd62ee110c5bcc2ce799a4704d7652a7,0,7-11,"：香腸嘎香菜風味捲餅 69*0.65
        
(區域型商品請註明 試吃試用品請標示價格0元)",香腸嘎香菜風味捲餅,45,codex,product-name-v1
5541c7b07062160b74da6245928106e1664edc2819bfa2a78ac53889c09572f4,0,7-11,"：明治指定巧克力兩件8折送手機掛繩
        
(區域型商品請註明 試吃試用品請標示價格0元)",明治指定巧克力,,codex,product-name-v1
55ce3f9e59abed5a923d50fa2691e2b782f96ec6ffbcd55746e1fa48cb0a2208,0,7-11,"：
湯沙拉59 爆蛋燒肉新極大飯糰55",義式番茄雞肉湯沙拉,59,codex,product-name-v1
55ce3f9e59abed5a923d50fa2691e2b782f96ec6ffbcd55746e1fa48cb0a2208,1,7-11,"：
湯沙拉59 爆蛋燒肉新極大飯糰55",爆蛋燒肉新極大飯糰,55,codex,product-name-v1
563d788ce731c8ad17059a86106e8f8180e51c5ceca8e2d314a56c07d223e999,0,全家,"：49，加購金湯匙18
        
(區域型商品請註明 試吃試用品請標示價格0元)",贅澤巧克力霜淇淋,49,codex,product-name-v1
56498791453e4151918766b598f209f4ec52592fec6c85731f86196b4cfa3fb1,0,7-11,"：

7-11 純喫茶 金萱青茶(無糖)

https://i.mopix.cc/wWyqqQ.jpg



650ML 原價$35 目前特價$29",純喫茶金萱青茶無糖,29,codex,product-name-v1
5781a825f638184dbd78f7a9bf25c60e7ff7316239102319c96c96a70b33bccc,0,7-11,：里肌肉蛋紫米飯糰 / 59元,阜杭豆漿里肌肉蛋紫米飯糰,59,codex,product-name-v1
578826dc8b3a36ae872ccd0971e4d1e2e6cb9a37f528bd294cb51f7298571361,0,全家,：抹茶菠蘿/45,瑪利歐聯名抹茶菠蘿,45,codex,product-name-v1
57acdd0e9bd461640e62f18c7fd96d3edfd1cdd642d0bd7206baa181767c3a4c,0,全家,"：
99",韓式部隊鍋,99,codex,product-name-v1
585e213248ef9147ef9e74bfa66ce63033a1dee0eca2c380489ebf1adb5099df,0,全家,"：醇黑可可波蘿奶酥/39
        
(區域型商品請註明 試吃試用品請標示價格0元)",醇黑可可波蘿奶酥,39,codex,product-name-v1
588fc2d31e695afccbe28f1fff88967d015d41911e496f3e4940458713eea23d,0,7-11,：韓式辣起司年糕70元,韓式辣起司年糕,70,codex,product-name-v1
593dc81c9176f7b40668ecadb5c298b7119b056c7c2089246f4405c73c3f612f,0,萊爾富,"：麻辣鴨血豆腐煲  79元
        
(區域型商品請註明 試吃試用品請標示價格0元)",麻辣鴨血豆腐煲,79,codex,product-name-v1
59c65930898f013aced719dae409be488bc5a121d833a2c9977638e8e04e15c9,0,7-11,"：橙香雪貝霜淇淋 49 ibon票券優惠買一送一
        
(區域型商品請註明 試吃試用品請標示價格0元)",橙香雪貝霜淇淋,49,codex,product-name-v1
59dd491ebe9f7e92c4ede5a7cbe0a440894a0a51fc6119eca53919d44dffca40,0,全家,"：味味A 排骨雞起司炒麵麵包/原價59(用優惠券7折)

        
(區域型商品請註明 試吃試用品請標示價格0元)",味味A排骨雞起司炒麵麵包,,codex,product-name-v1
5a004912696cbe43083bcd3cb0093bb91f5e7b0fccc9f632dbf9804cb909a34b,0,全家,：經典摩卡拿鐵 領券買一送一75,經典摩卡拿鐵,38,codex,product-name-v1
5a3d192d9f7375c32b086fc9102e70892ac2de3555e366f6640c819724fd7f9e,0,7-11,"：翻轉布丁雪糕 / 35元
        
(區域型商品請註明 試吃試用品請標示價格0元)",翻轉布丁雪糕,35,codex,product-name-v1
5a652298486894245e80daa547be7a731462067e0516533e5b1573153bdfa7ec,0,全家,：綿柔鮮奶土司/88折25元,匠土司綿柔鮮奶土司,25,codex,product-name-v1
5a9fac86a9b78b951d4a744b030b89e87f82b4f6e34e0d61964c46a3f31c12b7,0,全家,"：褲褲兔搖搖筆
兩件飲料+39加購一款",褲褲兔搖搖筆,39,codex,product-name-v1
5b0c27e81ee73c0f1eb52674a8aaafb0e29ad81b88a64353510c8bf7cb003f98,0,全家,：蠟筆小新餐盒/149,蠟筆小新餐盒,149,codex,product-name-v1
5b0fdb3ea6a4eab6c25e1dff99cee5b1585bb3d98f7cfe2ba6a17aa908a5419b,0,全家,"：海鮮粥 $79
新品嚐鮮7000點+1元",海鮮粥,1,codex,product-name-v1
5b3fd67360bd70b3c8be4cd320a6a17a80b17b25f9ef7e917ef53093d7f67877,0,全家,"：可可戚風蛋糕/42X.6
        
(區域型商品請註明 試吃試用品請標示價格0元)",MM巧克力可可戚風蛋糕,25,codex,product-name-v1
5b69958f8694b8e1748a2a723fe20b49f86bc2169a78d5766cc7377e335e3209,0,全家,"：起司蛋糕霜淇淋  49
        
(區域型商品請註明 試吃試用品請標示價格0元)",起司蛋糕霜淇淋,49,codex,product-name-v1
5bc7bd790acd6f5448d6857bbbc8299b23aabbd4e23fc5c5f6800abafcf21a48,0,萊爾富,"：地瓜起司雞排三明治 厚里肌蛋沙拉三明治
        
(區域型商品請註明 試吃試用品請標示價格0元)",地瓜起司雞排三明治,,codex,product-name-v1
5bc7bd790acd6f5448d6857bbbc8299b23aabbd4e23fc5c5f6800abafcf21a48,1,萊爾富,"：地瓜起司雞排三明治 厚里肌蛋沙拉三明治
        
(區域型商品請註明 試吃試用品請標示價格0元)",厚里肌蛋沙拉三明治,,codex,product-name-v1
5bed02a3d82543e77f8add159be6dd6a68349f123f6ae1cacd6a36ab6818b877,0,全家,"：小農拿鐵75$
加一份義式濃縮+10$",小農拿鐵加義式濃縮,85,codex,product-name-v1
5c12d37a6cf55d85230e570ce79d0839f10b220086728caadb90590884311a22,0,7-11,：韓國熊津枳椇子活力甘茶/$39,韓國熊津枳椇子活力甘茶,39,codex,product-name-v1
5c33b76416405cf45ea3442a92345fe85e2b2d9d90e2fae8c199e22b8f91c3fb,0,7-11,"：甘王草莓卡士達雪淋霜 49元
        
(區域型商品請註明 試吃試用品請標示價格0元)",雪淋霜甘王草莓卡士達,49,codex,product-name-v1
5c5565de05c8378a1e20c34447048d3a879d969b5efbd1046aac2532a39f3178,0,7-11,：半熟玉子辣擔擔義大利麵/129,半熟玉子辣擔擔義大利麵,129,codex,product-name-v1
5c7ae1c9a73fda7234b64b94943543246d6b831c139e1704f36966bff0753cc1,0,7-11,"：OH嚕嚕串糰子(米血糕風味) / 72元
        
(區域型商品請註明 試吃試用品請標示價格0元)",OH嚕嚕串糰子米血糕風味,72,codex,product-name-v1
5ca0e838623ecdd7822e9a675e2fa3e34680fb355b2cd49813374386b37decaa,0,全家,全家 波的多洋芋片酥炸辣皮蛋口味,波的多洋芋片酥炸辣皮蛋口味,,codex,product-name-v1
5cb978aa293cd99c846a7d1dbb4a01b10f4a923effc137503819cb9f0ce1256b,0,全家,"：哆啦A夢一番賞/399
        
(區域型商品請註明 試吃試用品請標示價格0元)",哆啦A夢一番賞,399,codex,product-name-v1
5cb9cba65daf06a499c4c9604dc2f65b6c231966b5720b896b322d05c6a3ec9b,0,全家,"：明太子乳酪起司沙拉飯糰/35x.7
        
(區域型商品請註明 試吃試用品請標示價格0元)",明太子乳酪起司沙拉飯糰,25,codex,product-name-v1
5db76ddfb374b17ef6d7abe6a6ceeb1d803660f215b427ddde1cc18547209010,0,全家,：手標泰式檸檬風味康普茶/58$(飲料促-3$),手標泰式檸檬風味康普茶,55,codex,product-name-v1
5dd2c23a1a5a1856aa6e251a6520929d3a3fb753cecfb776ccebecf2b6eb4e50,0,7-11,：私房功夫菜 乾鍋雞便當/$109,私房功夫菜乾鍋雞便當,109,codex,product-name-v1
5dd3e07bda13231c6d16e3c168c13266befd506640aad376f182ec570781ff02,0,全家,"：Space walkers 小熊造型軟糖夾餡牛奶巧克力
        
(區域型商品請註明 試吃試用品請標示價格0元)",Space walkers小熊造型軟糖夾餡牛奶巧克力,,codex,product-name-v1
5dd84f643da612ad42a112bd4fde970f2503694b5cf43fa42b21af1db93532f1,0,全家,"：Rody摺疊置物箱 69折後$276(原價$399)
        
(區域型商品請註明 試吃試用品請標示價格0元)",Rody摺疊置物箱,276,codex,product-name-v1
5dde6410d8f8c824d7a49d1b5656221040e6e4bb8ea10815738d51c2222e2659,0,全家,"：
巧克力雙餡Q皮雪燒55，搭咖啡半價",巧克力雙餡Q皮雪燒,55,codex,product-name-v1
5e554f1f8b643383889420ce8687fbf9ef05a90f15d2ea05098f747f5e08aaf0,0,全家,"：貓貓尾巴捲蛋糕/39元
        
(區域型商品請註明 試吃試用品請標示價格0元)",貓貓尾巴捲蛋糕,39,codex,product-name-v1
5e63706b8942ca048fe368a0a0db08eaab6f6bb6d5b70fc7eb32a9886560d822,0,全家,"：49元，今日買一送一
        
(區域型商品請註明 試吃試用品請標示價格0元)",香香菜菜霜淇淋,,codex,product-name-v1
5ea46671038b41dba281d28d3b83f1cd891a66f590a4be33d8aea70951825339,0,全家,"：草莓優格霜淇淋 會員優惠兩支59
        
(區域型商品請註明 試吃試用品請標示價格0元)",草莓優格霜淇淋,,codex,product-name-v1
5f077aaa96d3a04025b14272034ad6d841162334b7ad6a0ce1c518efbf6849aa,0,全家,：美味蟹煲/95,美味蟹煲,95,codex,product-name-v1
5f30be1174124c173c95cd7889127add21eb7f1c1766de55c589b0e66243adda,0,7-11,"：韓式麻藥溏心蛋 59元
        
(區域型商品請註明 試吃試用品請標示價格0元)",韓式麻藥溏心蛋,59,codex,product-name-v1
5f3532480eaa2c8fe019f9764bac1fe0a21c309d4e5642325919a4515a530a74,0,7-11,"：
        
 7-11 美福 米其林1星米香餐廳 三杯雞燴飯 
/ 99元 (i珍食 64元 )",美福米其林1星米香餐廳三杯雞燴飯,64,codex,product-name-v1
5f5b9e6ed557498b430cf431834f030513ea07b7f4bd31d4b520700b23729880,0,7-11,：711 蜂蜜冰心蛋糕/89元,厚蜜蜂蜜冰心蛋糕,89,codex,product-name-v1
5f82a0a375c23cc4b17ed149c89d72d0ce4ba21c41ce82dea9e3e845ba103923,0,全家,"：梨山水蜜桃霜淇淋 49 優惠券買一送一

(區域型商品請註明 試吃試用品請標示價格0元)",梨山水蜜桃霜淇淋,25,codex,product-name-v1
602bc1d11944a6396073919fdc3855e717c8a7f3c1a4fa7fbae6f0de25863db1,0,OK,"：光泉優質蛋白牛奶/一起結帳忘記了
        
(區域型商品請註明 試吃試用品請標示價格0元)",光泉優質蛋白牛奶,,codex,product-name-v1
6048bd820713ab98a92bdad94d3fa762db36936ca8151bd27d7942863a32bee5,0,全家,：全家滑爆可樂霜淇淋 / 49,滑爆可樂霜淇淋,49,codex,product-name-v1
60691262fe78b816db2ef9e22c343c860c7ac3977b6508029233456c3533ac01,0,全家,"奶茶$38（優惠券買一送一）、三明治友善價$28（原價$39）
(區域型商品請註明 試吃試用品請標示價格0元)",重乳草莓奶茶,38,codex,product-name-v1
60691262fe78b816db2ef9e22c343c860c7ac3977b6508029233456c3533ac01,1,全家,"奶茶$38（優惠券買一送一）、三明治友善價$28（原價$39）
(區域型商品請註明 試吃試用品請標示價格0元)",檸檬紅茶三明治,28,codex,product-name-v1
608936934352cbdb2b35f90901d8d3fe7accb484f086964ab5681573312b8163,0,萊爾富,"：
     台式海陸炒麵，89元（刷聯邦信用卡可再折5%）",台式海陸炒麵,89,codex,product-name-v1
60acba97970fe0b14dee119641b22f395f4cbc0c4a89f379b6c650052376de51,0,全家,"：梨山水蜜桃x小農牛奶霜淇淋
買二送二$98",梨山水蜜桃小農牛奶霜淇淋,49,codex,product-name-v1
61390d62d0118eed1ff0b955e2be4460713adc43d0a4c1054e8d3154af1643a0,0,全家,： 香蕉火龍果牛奶/65元,香蕉火龍果牛奶,65,codex,product-name-v1
62227d496a2c6774f845e0ccfbb0e6659928b0d041aa92ad45e95e4da4985b1f,0,全家,全家 屯京拉麵東京豚骨,屯京拉麵東京豚骨,,codex,product-name-v1
624347ffb717d6311b3c9b4b10b67cb8cb624b4715bfca5d95c8c35f0a663ae8,0,全家,"：苦瓜檸檬飲/35
        
(區域型商品請註明 試吃試用品請標示價格0元)",苦瓜檸檬飲,35,codex,product-name-v1
627af30d12eea3093330d19d6ea6a70c4e4df4a578047b10692ddcecaa09fcbc,0,7-11,"：
89",傳統南部粽,89,codex,product-name-v1
62d9b34787f5eb79505c3a859a43077135fff08f4a85002f4d0d00e87730ab86,0,全家,"：開心果霜淇淋 會員優惠兩支59
        
(區域型商品請註明 試吃試用品請標示價格0元)",開心果霜淇淋,,codex,product-name-v1
62fa65bd307f3acfa9c2b0f2193ab8960251b79a6722a7a80f29269c31a3a144,0,7-11,"：法朋蛋黃酥霜淇淋 49元
        
(區域型商品請註明 試吃試用品請標示價格0元)",法朋蛋黃酥霜淇淋,49,codex,product-name-v1
642375ff792f01780f266f84f07152432650a1e4eb71d67929c54ac32924f4cc,0,7-11,：地中海風味雞肉麵沙拉 / 89,地中海風味雞肉麵沙拉,89,codex,product-name-v1
642cfb198169708c98cb9046770cc534a26fd36d99b446263b9cba1049b55f87,0,7-11,：起飛吧奶油餐包39元,起飛吧奶油餐包,39,codex,product-name-v1
647841bda4596a7d1863b3609e3b86794334f19167520ac6773224667cd7f6f3,0,全家,"：真芋頭金沙花圈 /45
        
(區域型商品請註明 試吃試用品請標示價格0元)",真芋頭金沙花圈,45,codex,product-name-v1
65019d97cc44d433d560cc288cebd8fc3bcf02c4387179dc57d06c8d3bde105c,0,全家,：起司蛋糕&比利時巧克力霜淇淋 $49,起司蛋糕&比利時巧克力霜淇淋,49,codex,product-name-v1
6528d8f79d82e56fe0d924483a6a1942eb903f0b0f93e0c354e50813e118d910,0,全家,：布丁夾心蛋糕$55,布丁夾心蛋糕,55,codex,product-name-v1
652a7d6eae8dddba7deb9540edf7fcc6ee6c2aebeba3d951b92d267a145a65a7,0,7-11,：酷聖霜 栗子提拉米蘇/59元,酷聖霜栗子提拉米蘇,59,codex,product-name-v1
657fd67edc879213fcc37c4af4ba85ed8d48f6e52f4f2c9086d48407a04222ad,0,全家,"：
        
(區域型商品請註明 試吃試用品請標示價格0元)

義美高蛋白牛乳/40",義美高蛋白牛乳,40,codex,product-name-v1
65f12723fd4ac06d94c6781aea35c97bea3a837c8df5f0198b11aba8d1757932,0,7-11,：栗子提拉米蘇霜淇淋 59元（甜筒）,栗子提拉米蘇霜淇淋,59,codex,product-name-v1
6650840730a6233423d259927022a9828e8c9aa616c253cea82aabb8ba067f01,0,7-11,"：
(區域型商品請註明 試吃試用品請標示價格0元)

米香台菜御品佛跳牆：159元
加賀屋-開運蒲燒鰻魚御膳：199元",米香台菜御品佛跳牆,159,codex,product-name-v1
6650840730a6233423d259927022a9828e8c9aa616c253cea82aabb8ba067f01,1,7-11,"：
(區域型商品請註明 試吃試用品請標示價格0元)

米香台菜御品佛跳牆：159元
加賀屋-開運蒲燒鰻魚御膳：199元",加賀屋開運蒲燒鰻魚御膳,199,codex,product-name-v1
666c041188092dd892046e6bbf3d136a9fec040faa5fb0007251187680b49ab7,0,全家,"：南非國寶茶原價30, 第二瓶10元",南非國寶茶,20,codex,product-name-v1
6676dc153cc615f184f339402244478d6bc2bb2f6700207b09267a46af9eccac,0,全家,"：莊園牛奶霜淇淋49
取件優惠買一送一",莊園牛奶霜淇淋,49,codex,product-name-v1
66a11a36c0b1b065ca3049f778cc6aac3603993ec414cdec2aa0298745f96913,0,全家,"：原價99元/友善時光70元
        
(區域型商品請註明 試吃試用品請標示價格0元)",暖心麻油雞鍋,70,codex,product-name-v1
66c65ec5a7a437604a8d070c6e45bd29ab4ea64e787bf142c8c5566bd92b77f6,0,7-11,：涓豆腐泡菜冬粉 65元,涓豆腐泡菜冬粉,65,codex,product-name-v1
6722cbd724d077617bcf0b17460b3a5338e7677d559acba6ff308be3e9b45faa,0,7-11,"：明太子火腿厚蛋握便當 69
        
(區域型商品請註明 試吃試用品請標示價格0元)",明太子火腿厚蛋握便當,69,codex,product-name-v1
6724e129d4c4d68c22298678697366474083cc187584e99399b74c89d2c3a711,0,全家,"：5min x 膽大黨 茶包式咖啡5入199元
任選2盒可加購59元膽大黨撲克牌",5min x 膽大黨茶包式咖啡,199,codex,product-name-v1
6739b38ca0439c0dc6629f27f7c3436e8a507dfcf91044c5a68afc7d341a5bf0,0,全家,：檸檬紅茶三明治/39元,檸檬紅茶三明治,39,codex,product-name-v1
675494ce4041f508f255f0e9558768760a3cc2e4332bc480da1f2bb36161aadf,0,OK,"：曠世奇派卡布奇諾大雪糕 49 買一送一
        
(區域型商品請註明 試吃試用品請標示價格0元)",曠世奇派卡布奇諾大雪糕,25,codex,product-name-v1
677135b39abc22acf341edd1a26ffa6ab7dcd325950fa3eeaf0b77fa7bfcab6d,0,全家,"：度小月擔仔炊粉湯/友善時光56元
        
(區域型商品請註明 試吃試用品請標示價格0元)",度小月擔仔炊粉湯,56,codex,product-name-v1
67821718a89f2bf4cbba9d7869c93440d9e0fd106b86eac06a95de1268361ccd,0,7-11,"：
89
OP+1 79",真飽米糕炊粉大雙拼,79,codex,product-name-v1
67abb1a37178d0951cfd645cf1b7939d50387d373f8cfc514069336e7d6ee4a1,0,7-11,"：頌丹樂泰式烤雞冷麵
        
(區域型商品請註明 試吃試用品請標示價格0元)",頌丹樂泰式烤雞冷麵,,codex,product-name-v1
680efc3281444667bbda73252b400811776fdd2ecbaad8349b67f4684e06e1e5,0,全家,：生吐司(單片)／35元；綿柔鮮奶土司(2片)/28元,生吐司,35,codex,product-name-v1
680efc3281444667bbda73252b400811776fdd2ecbaad8349b67f4684e06e1e5,1,全家,：生吐司(單片)／35元；綿柔鮮奶土司(2片)/28元,綿柔鮮奶土司,28,codex,product-name-v1
684d6d3e950b4299ab12a6fcdab21b7ba029a3c936f1b88b58a076933b33d967,0,全家,：香蕉牛奶酷繽沙 $59 (~9/2),香蕉牛奶酷繽沙,59,codex,product-name-v1
68551b6d349dfc11c720d19293edc1ad219e4ba7930e785705d3c7781d1b9f23,0,7-11,"：哈密瓜風味菠蘿 45
        
(區域型商品請註明 試吃試用品請標示價格0元)",哈密瓜風味菠蘿,45,codex,product-name-v1
6912cf18e51e588026ebf704d63171bb5a05d4e817bdc486584f4cef3b997d8d,0,全家,"：愛恨椒芝麵

                   原價69元、會員優惠61元、點數兌換6000點+1元、友善食光49元",愛恨椒芝麵,49,codex,product-name-v1
69f28ad53ea9c2808ee9efbd45a1b9fcd1de5472cd19edd7d1dd61abf866d99e,0,全家,"：珍珠奶霜茶蛋糕
        
(區域型商品請註明 試吃試用品請標示價格0元)",珍珠奶霜茶蛋糕,,codex,product-name-v1
6a55bd770a98fb60b2984b0f9cfe3adfb29db6cbd950a08b448be5d382faf373,0,7-11,"：韓式醬燉蛋 59
        
(區域型商品請註明 試吃試用品請標示價格0元)",韓式醬燉蛋,59,codex,product-name-v1
6ab5bdd2509ecda68929b4d237bdc1388d583d74ab09e5820e971745945b88a1,0,7-11,"：拿脆滋輕焙穀物雞肉麵沙拉/79
        
(區域型商品請註明 試吃試用品請標示價格0元)",拿脆滋輕焙穀物雞肉麵沙拉,79,codex,product-name-v1
6ad4e2dd39fc3adcf3976cb7c08b87e94242fb91b89f61946d445497e6bf1da3,0,7-11,"：紅豆丹麥吐司
        
(區域型商品請註明 試吃試用品請標示價格0元)",紅豆丹麥吐司,,codex,product-name-v1
6b1d20ec72472bbb2baacf8782cc3ec6ecddc60704300918895ab9a9ef76d9dc,0,7-11,：草莓夾心麵包/25,草莓夾心麵包,25,codex,product-name-v1
6b62e012e3c14cf8433621fa9b4d7582210c384848cf6a2fe443b1063ffa11a6,0,全家,：Fami!ce 滑爆可樂霜淇淋 買一送一,Fami!ce滑爆可樂霜淇淋,,codex,product-name-v1
6bcdb5dca8c593af419a0feaf709c590ed0eee1fbab5c06bace9eef2c3daedf3,0,全家,：煙花女義大利麵 / 109 元,煙花女義大利麵,109,codex,product-name-v1
6bf7a5d2b838b5f7ecb63e8dca8c59f7782aa8f07a63dfa2214b0a9e81531b3c,0,7-11,：蓮花焦糖脆餅熱壓吐司/ 65元,蓮花焦糖脆餅熱壓吐司,65,codex,product-name-v1
6c80f8677a7a25be7361c9d2751d142dc5e3576aa56b0022c673dd606699882d,0,全家,：萌寵可愛箱599全盈pay折49,萌寵可愛箱,550,codex,product-name-v1
6ce8c9296cdd2c7c8852a9f10aa7396529c111c6fc876e88da2d78c83ab22506,0,7-11,：極饗-蒜蓉蝦拌麵 / 99 元,極饗蒜蓉蝦拌麵,99,codex,product-name-v1
6d04796a54420ddcc4b0b2f01b7f9c1516369061ca31cfd9b1b34faebf4fcbf7,0,7-11,：統一布丁-焦糖出走咘布,統一布丁焦糖出走咘布,,codex,product-name-v1
6d3a32cc8e5a7c0ccd2424e344ec2b64cbfc4515fd9d532c6c53b4e2cd9a5e0d,0,全家,"：一度贊蒜味豚骨麵59
蒜香綜合滷味49
深夜食堂優惠-10元",一度贊蒜味豚骨麵,59,codex,product-name-v1
6d3a32cc8e5a7c0ccd2424e344ec2b64cbfc4515fd9d532c6c53b4e2cd9a5e0d,1,全家,"：一度贊蒜味豚骨麵59
蒜香綜合滷味49
深夜食堂優惠-10元",媽媽煮藝蒜香綜合滷味,49,codex,product-name-v1
6d69832421330006069354cd16ea623aea6aee437c86764f94b544c8cc91c53e,0,全家,"：
白熊冰淇淋/青檸紅茶馬卡龍
119/49",白熊冰淇淋,119,codex,product-name-v1
6d69832421330006069354cd16ea623aea6aee437c86764f94b544c8cc91c53e,1,全家,"：
白熊冰淇淋/青檸紅茶馬卡龍
119/49",青檸紅茶馬卡龍,49,codex,product-name-v1
6d69e2204b4721165f925f7cb08f5b0f60d106150544121fe67d13438a14013d,0,全家,"：珍珠奶茶菠蘿39元、珍珠奶茶泡芙45元
        
(區域型商品請註明 試吃試用品請標示價格0元)",珍珠奶茶菠蘿,39,codex,product-name-v1
6d69e2204b4721165f925f7cb08f5b0f60d106150544121fe67d13438a14013d,1,全家,"：珍珠奶茶菠蘿39元、珍珠奶茶泡芙45元
        
(區域型商品請註明 試吃試用品請標示價格0元)",珍珠奶茶泡芙,45,codex,product-name-v1
6d8ca800173c5c0bf3ec546b458389069cda5c189b6d51843f6092cea103c489,0,全家,"：香菜氣泡水/39元
        
(區域型商品請註明 試吃試用品請標示價格0元)",香菜氣泡水,39,codex,product-name-v1
6e207385d13ed2f22f5ef9d752ad9b4611280d0c566f33ca56d9eed902e42544,0,萊爾富,"：
   古早味奶茶/40",樂法古早味奶茶,40,codex,product-name-v1
6e32a98cb8f8265f28d00663341b1c1dd7f3406fccaa5112dfaddcfd4a196bd6,0,7-11,"：文旦肉肉青茶/80（目前嚐鮮價70）
        
(區域型商品請註明 試吃試用品請標示價格0元)",文旦肉肉青茶,70,codex,product-name-v1
6ed33347e5906e52c6d34daef2c20ae274488d41974ccfd27783a188c486768e,0,7-11,"：咖波福袋 499元
        
(區域型商品請註明 試吃試用品請標示價格0元)",咖波福袋,499,codex,product-name-v1
6f5a6470a7081a0a3455195a647a4289442050ea1dcbb99def5b87d1f8c75654,0,7-11,：蛤蠣洋芋濃湯沙拉,蛤蠣洋芋濃湯沙拉,,codex,product-name-v1
6f7367b0bca688ed9457c20eb74565079a92b643b260b2b9d7c8f5b3ca696706,0,全家,"：

:  新招牌腿排便當 原價65 友善46

: 【規格/內容物/熱量】：

: 
https://imgur.com/H6l0ONk


: 圈圈處

: 【評分】：

: 原價 39分 友善 60 分

: 【心得】：

: 65 元完全不考慮寧願去買別的

: 友善勉強是因為在這個物價皆上漲的 還有 50 以下的便當

: 尤其是北部應該更有感(?

: 腸腸沒了，肉變少，菜脯直接消失

: 取而代之是幾顆火腿丁跟一咪咪滷肉丁

: 沒注意到內容物有變化

: 下次即便友善應該也不會再購入


--",新招牌腿排便當,46,codex,product-name-v1
7078addfe59f500d9ef889edaa0eeb14164413e874cc9b119091562191e2d803,0,全家,"：夏茉紅心芭樂/$38
        
(區域型商品請註明 試吃試用品請標示價格0元)",夏茉紅心芭樂,38,codex,product-name-v1
70a956b65337f55547701f00d96e534cbd99304f3a3e16368415b450b349aeaa,0,7-11,：抹茶紅豆起司塔/59元、蓮花焦糖脆餅德式布丁/59元,抹茶紅豆起司塔,59,codex,product-name-v1
70a956b65337f55547701f00d96e534cbd99304f3a3e16368415b450b349aeaa,1,7-11,：抹茶紅豆起司塔/59元、蓮花焦糖脆餅德式布丁/59元,蓮花焦糖脆餅德式布丁,59,codex,product-name-v1
7129857497b5990f62886ac051be6ace91669d3b29baeebf97bd3439fcc0b54a,0,7-11,"：阜杭豆漿 饅頭夾豬排蛋 69元
(現在有1點OP+62)
        
(區域型商品請註明 試吃試用品請標示價格0元)",阜杭豆漿饅頭夾豬排蛋,69,codex,product-name-v1
712d597e6df19936923a9d2fa754ee71785dc07e57e11b04bb0bf4e731a045dd,0,7-11,乖乖Home Run應援袋 中職六隊球衣磁鐵,乖乖Home Run應援袋 中職六隊球衣磁鐵,,codex,product-name-v1
717bb4547755df0930568782912c8e1e204edba0db586d71f697f3f27990f431,0,7-11,：7-11香鑽水果茶,香鑽水果茶,,codex,product-name-v1
718f9b0fbcb5e068bf7aff5858e7d56b089418439653e092cc6eab72b7e4f49f,0,萊爾富,：露特巧克力風味蛋白棒卡布奇諾風味 69元,露特巧克力風味蛋白棒卡布奇諾風味,69,codex,product-name-v1
71a5a798246d6e04530a3d3f46e293005ea7d8719f72e7aa066897e48f6145a0,0,其他,"：多力多滋爆脆捲/促銷價40元
        
(區域型商品請註明 試吃試用品請標示價格0元)",多力多滋爆脆捲,40,codex,product-name-v1
71ad8807748350f6658ea5b2ed457a317de132b99027ed7080d70bab9c8cd929,0,全家,：KIRIN iMUSE 乳酸菌檸檬水/45$(兩瓶69$),KIRIN iMUSE乳酸菌檸檬水,45,codex,product-name-v1
71b36da70186aac052fc31bc7b6f22a75db51a57d8111b39e3b53ca238d644f3,0,7-11,"：法朋蛋黃酥霜淇淋 49 ibon票券優惠買一送一
        
(區域型商品請註明 試吃試用品請標示價格0元)",法朋蛋黃酥霜淇淋,25,codex,product-name-v1
71d431753c23fd0ae0bdd0a6203244d0e754f050a79615eae3b6294b10b03d6d,0,全家,"：奶油起司蝦仁通心粉 /79
        
(區域型商品請註明 試吃試用品請標示價格0元)",奶油起司蝦仁通心粉,79,codex,product-name-v1
734039478944fe296dcabab16ea2756b51ae39392b43033ed8f98431bf5f5782,0,全家,"：果漾草莓麵包/30
        
(區域型商品請註明 試吃試用品請標示價格0元)",果漾草莓麵包,30,codex,product-name-v1
73ff50e2b4453903ea83e5b3bff418003abc11af5c3488ce0054eb15faa2695e,0,7-11,"：港式叉燒油雞雙寶飯 $109

(區域型商品請註明 試吃試用品請標示價格0元)",港式叉燒油雞雙寶飯,109,codex,product-name-v1
7408ce887cb8a38019c67d8a9633480080b87b3bc8c0b16727a9667893e0b322,0,全家,"：

蝦乖乖 原味/辣味",蝦乖乖原味,,codex,product-name-v1
7408ce887cb8a38019c67d8a9633480080b87b3bc8c0b16727a9667893e0b322,1,全家,"：

蝦乖乖 原味/辣味",蝦乖乖辣味,,codex,product-name-v1
7422dcd88397e7d7bd30b458a14aa037f6b17903a88316729a60015f4d0a5ddc,0,全家,"：
可樂果$35
波的多洋芋片$18（惜福價）
        
(區域型商品請註明 試吃試用品請標示價格0元)",可樂果烤香腸口味,35,codex,product-name-v1
7422dcd88397e7d7bd30b458a14aa037f6b17903a88316729a60015f4d0a5ddc,1,全家,"：
可樂果$35
波的多洋芋片$18（惜福價）
        
(區域型商品請註明 試吃試用品請標示價格0元)",波的多洋芋片鳳梨酥口味,18,codex,product-name-v1
743d0b244e6f0315fee2e4a90ea4e4e6413a9b9977d92e9c624b563af8a124e9,0,全家,：牛奶珈琲65元 / 黑糖牛奶珈琲65元,牛奶珈琲,65,codex,product-name-v1
743d0b244e6f0315fee2e4a90ea4e4e6413a9b9977d92e9c624b563af8a124e9,1,全家,：牛奶珈琲65元 / 黑糖牛奶珈琲65元,黑糖牛奶珈琲,65,codex,product-name-v1
74ac7a9be8b8c671e7adf902cf4c11452798d305b39d5521159d470ab3c07d6b,0,全家,：鮮橙茉綠/$35,立頓鮮橙茉綠,35,codex,product-name-v1
74cb803c920a382d9f8cd93760ae953898d29ad9adcea3bf62d871a2b15f5320,0,全家,"：

招牌韓式嫩雞胸",招牌韓式嫩雞胸,,codex,product-name-v1
74e5408952ebbb70feaec05752cd9e9622c57bba43e6c9ab75e1bfcd4bf346ff,0,7-11,"：海鮮青醬焗飯 $89
        
(區域型商品請註明 試吃試用品請標示價格0元)",海鮮青醬焗飯,89,codex,product-name-v1
756f5833143255c1420d1c1eb281b72347e6133fe7a588185ac388ec31161db0,0,萊爾富,"：大醇豆無加糖濃豆漿    單件32兩件50
        
(區域型商品請註明 試吃試用品請標示價格0元)",大醇豆無加糖濃豆漿,32,codex,product-name-v1
75a7b42e28dd21777c0f69c3a386a90c126b36eb1be692c6c9a6adfb5d17c3e3,0,7-11,"：十六茶 水果茶 / $35
  (區域型商品請註明 試吃試用品請標示價格0元)",十六茶水果茶,35,codex,product-name-v1
75ca517bf8068d6bb7c6d73556afeaae4cb4e8f72314a3ec8ff0d75917560651,0,7-11,"：
7-11晨光巧克力生土司39元
全家醇可可生土司35元",晨光巧克力生土司,39,codex,product-name-v1
75ca517bf8068d6bb7c6d73556afeaae4cb4e8f72314a3ec8ff0d75917560651,1,7-11,"：
7-11晨光巧克力生土司39元
全家醇可可生土司35元",醇可可生土司,35,codex,product-name-v1
75f9fadad6ce27d44f84fd49f2d0a16d1ebb8d897ff06914ad3bbb53c9bdac12,0,7-11,"：屋馬枸杞雞湯39元、玉米濃湯49元
        
(區域型商品請註明 試吃試用品請標示價格0元)",屋馬枸杞雞湯,39,codex,product-name-v1
75f9fadad6ce27d44f84fd49f2d0a16d1ebb8d897ff06914ad3bbb53c9bdac12,1,7-11,"：屋馬枸杞雞湯39元、玉米濃湯49元
        
(區域型商品請註明 試吃試用品請標示價格0元)",玉米濃湯,49,codex,product-name-v1
768a99ee4546acb776b90d2bd7df17762b472a035414587f1bea47fe8d0323b0,0,7-11,"：世界的山將 - 夢幻唐揚雞 / 單價59
        
(區域型商品請註明 試吃試用品請標示價格0元)",世界的山將夢幻唐揚雞,59,codex,product-name-v1
76b206769944e382db18660b0489aa7ebd20f8a6140a7737d0a5ee13c9998805,0,7-11,：迷客夏 朝等豆漿紅茶 / $35,迷客夏朝等豆漿紅茶,35,codex,product-name-v1
76b45d1bf69db8f7c513b75d8ee96fb249b11218e629c3fa16af19e7d1f0c54d,0,7-11,"：(蔬) 黑胡椒諸若燴飯 /  原價 89 元
        
(區域型商品請註明 試吃試用品請標示價格0元)",黑胡椒諸若燴飯,89,codex,product-name-v1
771ab4b782c40c504d366249a17b5e60f604e1c9af9dea4e864c8af8d8a56b6a,0,7-11,"：甘王草莓卡士達霜淇淋 49 ibon票券優惠買一送一
        
(區域型商品請註明 試吃試用品請標示價格0元)",甘王草莓卡士達霜淇淋,49,codex,product-name-v1
773e4bb7ee592a6c34c3515f0be758b298f2142f68af7bb8e3478347a3e53afd,0,全家,"： 杜老爺香菜白巧雪脆雪糕  59
        
(區域型商品請註明 試吃試用品請標示價格0元)",杜老爺香菜白巧雪脆雪糕,59,codex,product-name-v1
77441a9bafd10764818a7fdb25deda23e57ee17bb411f452dc5f86897a4dd729,0,全家,"：99
        
(區域型商品請註明 試吃試用品請標示價格0元)",大埔鐵板燒爆炒雞丁飯,99,codex,product-name-v1
775c94890fb1be8050b073bc9e27e60e47a7fe3ba15ad29475198de67ca6fea4,0,7-11,"：法式白醬洋芋 59*0.65
        
(區域型商品請註明 試吃試用品請標示價格0元)",法式白醬洋芋,38,codex,product-name-v1
77ac45c71bdbc76561470abca0986c3ef3db3cc71395d59b8661e8b8d640fba8,0,7-11,"：


酷聖霜
 
野莓馬卡龍
 59元


https://www.elle.com/tw/life/hot-news/g71146375/7-11-kuromi-sale/


7-11x酷洛米聯名酷聖霜全新「野莓馬卡龍」口味
酷聖霜霜淇淋也同步推出全新「野莓馬卡龍」口味，將經典綜合莓果結合法式馬卡龍元素
，打造酸甜清新的層次風味。搭配鮮乳基底的濃郁奶香，口感細緻滑順，彷彿在吃一顆真
正的馬卡龍。

4/15至5/12期間，購買「雪淋霜」或「酷聖霜」霜淇淋任2支，即贈「KUROMI書籤」1個，
數量有限，送完為止。
(官方文案)",酷聖霜野莓馬卡龍,59,codex,product-name-v1
77cf1b9ef053c37eacaa0dfc0951ebe5992bd492d4b0f8bbc503098382585026,0,全家,：抹茶霜淇淋兩支55/抹茶千層59,抹茶霜淇淋,28,codex,product-name-v1
77cf1b9ef053c37eacaa0dfc0951ebe5992bd492d4b0f8bbc503098382585026,1,全家,：抹茶霜淇淋兩支55/抹茶千層59,抹茶千層,59,codex,product-name-v1
77db7afd7b9190f7756978ce0f6e973a2ed4b983e4d229fca8a33fd7795ea1e5,0,全家,"：蘭韻梨山烏龍茶49元
香菜花生捲冰淇淋乖乖 39元",蘭韻梨山烏龍茶,49,codex,product-name-v1
77db7afd7b9190f7756978ce0f6e973a2ed4b983e4d229fca8a33fd7795ea1e5,1,全家,"：蘭韻梨山烏龍茶49元
香菜花生捲冰淇淋乖乖 39元",香菜花生捲冰淇淋乖乖,39,codex,product-name-v1
783a314d23b7724650d3e9cd14b29211f38d9da82347dd54eb518e675f031fe1,0,全家,"： 茶湯會 翡翠檸檬 / 原價38
 活動第二件6折",茶湯會翡翠檸檬,,codex,product-name-v1
78c5ab1200393269c110e1eac6be095abaa1b127d8cefc69e38a0614d240061d,0,全家,：黃金起司蛋捲燒/55,黃金起司蛋捲燒,55,codex,product-name-v1
7928e4285957431183aaa39b152c720d5d402cf8936100b238c3ffa256be2073,0,全家,全家 立頓青檸果寶茶,立頓青檸果寶茶,,codex,product-name-v1
79408daee982305fb34e0ab7f9ca79e2b125b9837fb450446a1ad0c05f4bb75a,0,7-11,：Mind.a.day磁鐵壓克力夾,Mind.a.day磁鐵壓克力夾,,codex,product-name-v1
796be6540b05301d2d85c90dd92ec9326e1600db4878ca1ba6874eece029898c,0,全家,：大冰特濃拿鐵65元/可可脆皮泡芙半價23元,大冰特濃拿鐵,65,codex,product-name-v1
7983d382415995e1c0205a6b3a7b645861edad3eae0c41a834df0e0bba038e73,0,7-11,"：翻轉布丁3入+統一布丁3入/75元
        
(區域型商品請註明 試吃試用品請標示價格0元)",翻轉布丁,75,codex,product-name-v1
7a0ee8c54c3ad4f7e3b07def837a320162fdde26dec9bbe3b9b554b6de680991,0,7-11,7-11半熟金萱,半熟金萱,,codex,product-name-v1
7a243b1b4b74b8dd01765e653bee095628aee8cfeac46a6e2abdcb54c973479a,0,全家,"：110元
紅心芭樂牛奶65
第一份濃縮35
第二份濃縮10",紅心芭樂牛奶,65,codex,product-name-v1
7a3cb28c9aec08ad8ad2255f782ac4f6c85c659002351029d891861057848b6f,0,全家,：蒜泥狠台味三拼/49元、全家點數1500換的話25元,蒜泥狠台味三拼,49,codex,product-name-v1
7a40d4251b4400b19be19479c23b281a658e3b88c8d7f82e7b149ac86e46b80d,0,7-11,：全家甘梅薯條_39、711甘梅薯條_49,全家甘梅薯條,39,codex,product-name-v1
7a40d4251b4400b19be19479c23b281a658e3b88c8d7f82e7b149ac86e46b80d,1,7-11,：全家甘梅薯條_39、711甘梅薯條_49,711甘梅薯條,49,codex,product-name-v1
7a8d6240f98ff876c5d7457a4b5f9c2ae7ec34f5dd3661ce5108dae8f21beb63,0,全家,：濃厚鮮乳布丁/40$,濃厚鮮乳布丁,40,codex,product-name-v1
7b42d0f92a55a445bf5e765af6316878bc02a6ed53a963175eb4b19f5cf4c6aa,0,全家,"：我買到買一送一，兩件$69
        s",井村屋抹茶冰淇淋,,codex,product-name-v1
7b42d0f92a55a445bf5e765af6316878bc02a6ed53a963175eb4b19f5cf4c6aa,1,全家,"：我買到買一送一，兩件$69
        s",井村屋板栗麻糬冰淇淋,,codex,product-name-v1
7b6cb448a9a329dbe83d40796d732f61e748f40daacf62d46567d1b07956855b,0,萊爾富,"：台式海陸炒麵89元
        
(區域型商品請註明 試吃試用品請標示價格0元)",台式海陸炒麵,89,codex,product-name-v1
7c1748613fcae12421f93d99e04a2f91c4dbb3fbc139a7649e4607bdef249363,0,7-11,：乖乖玉米脆條-蘋果牛奶、木瓜牛奶雙風味 / 35元 (目前第二件6折),乖乖玉米脆條蘋果牛奶口味,35,codex,product-name-v1
7c1748613fcae12421f93d99e04a2f91c4dbb3fbc139a7649e4607bdef249363,1,7-11,：乖乖玉米脆條-蘋果牛奶、木瓜牛奶雙風味 / 35元 (目前第二件6折),乖乖玉米脆條木瓜牛奶口味,35,codex,product-name-v1
7c383cba5f33a1e1c2f5fc3efb274906b85b151114aede1334ab389d7fcfb4b0,0,全家,：厚豆腐蛋白蕈菇豬肉堡 $ 59,厚豆腐蛋白蕈菇豬肉堡,59,codex,product-name-v1
7c46b40e71a72ad008c22b02ce787d0159ac1c33b3c4c8bb75f5f1d33963f1ab,0,全家,：可口可樂福袋/299元,可口可樂福袋,299,codex,product-name-v1
7c5e65e946853b7ee41c73f60a536c9276b4e7e484a29d183251ab1175f12c32,0,全家,"：UCC艾洛瑪氣泡柚子風味咖啡
45元",UCC艾洛瑪氣泡柚子風味咖啡,45,codex,product-name-v1
7d3ad60102b8f886dfa50fee3c7b724773dee650992a36e6d5c91c95d16c366c,0,全家,：生青森蘋果滿餡麵包/ $39,生青森蘋果滿餡麵包,39,codex,product-name-v1
7e06984c0699c6752239623825a9cba65888004ba7d3b7f551b984dd427d7f2c,0,全家,"：
        
 特價29, 原價89


https://meee.com.tw/JEM1ZVe",無敵家旨辛麵,29,codex,product-name-v1
7e20c87cafc08984fa051c8f716827f929ddd212e5c02d72018ebb7e24450cf3,0,全家,：鹽花生焦糖捲蛋糕/友善$34,鹽花生焦糖捲蛋糕,34,codex,product-name-v1
7f08e0e26861d6ec119b6d84d801e79255a0555cb8508ea037178a9a386467b8,0,全家,"：蜂蜜芥末辣雞堡/65
        
(區域型商品請註明 試吃試用品請標示價格0元)",蜂蜜芥末辣雞堡,65,codex,product-name-v1
7f3b7d965cfb3547db6336aaed110a25ea473a6fc676b4405608510863932489,0,7-11,"：
西雅圖  蜜香咖啡紅茶、四季春拿鐵  150 買一送一",西雅圖蜜香咖啡紅茶,150,codex,product-name-v1
7f6d46100fe5a70123887f51e1cda2dccafb2c188817294be37e3e53bc954991,0,全家,"：加價購169元
        
(區域型商品請註明 試吃試用品請標示價格0元)",牙寶寵物頭套,169,codex,product-name-v1
7f731af337a5ccd5a408c6c551dfcb7abd49b0dbc0f7d85b916c411cfa3252eb,0,7-11,"：50 x 65%
        
(區域型商品請註明 試吃試用品請標示價格0元)",貝洛邦雙重起司德腸麵包,33,codex,product-name-v1
7fc39fc93158f040bc504341725b20d17ac5c04f5406c73b5381b445fe4d9fcd,0,全家,"： 杏仁可可蜂蜜蛋糕/45
        
(區域型商品請註明 試吃試用品請標示價格0元)",杏仁可可蜂蜜蛋糕,45,codex,product-name-v1
7fe6a40d9c24ec92c89a8f335e82c9619cd8d2797acb52cfe7025d7b52435fca,0,7-11,"：得正 烘培烏龍奶/$39
        
(區域型商品請註明 試吃試用品請標示價格0元)",得正烘焙烏龍奶,39,codex,product-name-v1
808d212db68604b3ce4697d658a3e3107688f00edbbf07d8a4d4ac9c99c3e180,0,全家,：全家場景積木 鹼性離子水款 加購價59元,全家場景積木鹼性離子水款,59,codex,product-name-v1
80bf15b946ce181b5941ecb01f21296d6470cff65aa56813488dd79d228af78b,0,7-11,"：
熱壓吐司-頌丹樂香辣打拋雞
60元

(區域型商品請註明 試吃試用品請標示價格0元)",熱壓吐司頌丹樂香辣打拋雞,60,codex,product-name-v1
81ba9281a62cbf63501605ad1754811681a50eff1cb504b07f9a7e41722164ff,0,7-11,：圓山-水果百匯麵包 / 55元,圓山水果百匯麵包,55,codex,product-name-v1
824c0bc5145a2e3237e594ad079357b84d1d7cceec417d170c88d9970b681eca,0,全家,"：茉香綠茶奶蓋雪糕49元
買三送一",古娃娃茉香綠茶奶蓋雪糕,49,codex,product-name-v1
82b5b63dcfb9da820d3f0821ab924bc957227728844590bca49d9ceb0df2eb99,0,7-11,：麻辣奶油鮮蝦義大利麵/149元,麻辣奶油鮮蝦義大利麵,149,codex,product-name-v1
82c8efc43803ad2be26d9338864c1a292ca71d3a9212c5b23394a5f22043df40,0,7-11,：蕃茄蛋湯麵/89元,蕃茄蛋湯麵,89,codex,product-name-v1
82cede953da42b335d0da7e6b61d31268e3b54179c4826ec3c061e26d387c8d3,0,7-11,：柱侯牛腱飯 109元,柱侯牛腱飯,109,codex,product-name-v1
8343ed62aeb256108e784757c4a4d00cfd58a9f8a55ea197da6b7df2901b1aba,0,7-11,：帕泰家-泰式椒麻雞飯 / 109元,帕泰家泰式椒麻雞飯,109,codex,product-name-v1
83afac6b328c35a23658aeb97c04bf5d8245d8eabae412bb9d8eab30cb281835,0,全家,"：三麗鷗合金車立牌組
指定商品兩件+99元加購一款",三麗鷗合金車立牌組,99,codex,product-name-v1
83b42c5658bcd21b4f183c8907b7841b08edb10f2940d2497fbfde019b941cfd,0,全家,"：法式蕈菇起司雞排飯糰/62
        
(區域型商品請註明 試吃試用品請標示價格0元)",法式蕈菇起司雞排飯糰,62,codex,product-name-v1
84543440b4c63c9da87b6e8538821510087972894e00a05b329e5f1f08b99c69,0,全家,"：

全家滿滿高麗菜豆芽鐵板麵

原價99元
APP優惠券60元",滿滿高麗菜豆芽鐵板麵,60,codex,product-name-v1
84c1f42ee74c9c803ab40f36c08c3c0fac8bf87cb13d1ad2af8a23c406bdfa34,0,7-11,"：
吳一無二 檸檬奶霜可頌
原價49元 i珍食 32元

http://i.imgur.com/x5uFWTD.jpg


(區域型商品請註明 試吃試用品請標示價格0元)",吳一無二檸檬奶霜可頌,32,codex,product-name-v1
84fe6d345675b106a39f5ca24c5b6e5ac02993f78119b9ffec11cf824a0af416,0,全家,"：桂圓紅棗水/3000點+1元
（原價35）",桂圓紅棗水,1,codex,product-name-v1
853c98018dfc087e94bc083b9709f29cb642cb19ec7582e8da7bd62fbb7e179a,0,7-11,：花生熔岩辣雞腿堡／79,花生熔岩辣雞腿堡,79,codex,product-name-v1
854902dffd0c44073f5a42fde3efe9d61765352a0a8f9d30448be6f4c961ee3d,0,全家,"：草苺丹麥手撕包/ $45
        
(區域型商品請註明 試吃試用品請標示價格0元)",草莓丹麥手撕包,45,codex,product-name-v1
85f13296e138e4df2ca98be223ed110837bb03168142be809b316f548dc174d3,0,7-11,"：焦糖布蕾馬卡龍/$59
        
(區域型商品請註明 試吃試用品請標示價格0元)",焦糖布蕾馬卡龍,59,codex,product-name-v1
8614f2d4bd1f1a2bf7b1c21ae4fcbde414a45e17f4283b4289e4575843b0e1c0,0,7-11,：7-11 栗子提拉米蘇風味馬卡龍 / $59,栗子提拉米蘇風味馬卡龍,59,codex,product-name-v1
86c155c6d56ece856776df677f54384a6bb226bcfb0a09034662a48aa85921c3,0,全家,：開心果Fami奶昔49,開心果Fami奶昔,49,codex,product-name-v1
87c441771088793fdc844b84bfd7c0bffd571137b5368dee9aa2a1e6e0639776,0,全家,"： 肯瓊風味烤雞胸棒
原價49元
新品嚐鮮價45元",肯瓊風味烤雞胸棒,45,codex,product-name-v1
8829d7b6f9001db40292d8284d6e0446ddccffe8cd59fc32bc47b2890c2286ab,0,全家,"：仙草雲飲/$60
        
(區域型商品請註明 試吃試用品請標示價格0元)",仙草雲飲,60,codex,product-name-v1
882c70323813db69b4f5d8891877e31a0bc0390e6334ac88954a5c07faf213dc,0,全家,"：M&M福袋 199元
        
(區域型商品請註明 試吃試用品請標示價格0元)",M&M福袋,199,codex,product-name-v1
898ffa535808865ed2a3a7c62ebe7533eba0131fd1b2501b9b918e669183727e,0,全家,"：沙嗲雞肉 59元
        
(區域型商品請註明 試吃試用品請標示價格0元)",沙嗲雞肉,59,codex,product-name-v1
8b36f3615f2a7f99272bddaaea4e95f29c3f538a1acf6eebcccdaf7d4997ccbb,0,全家,"：香草卡士達生甜甜圈 49元 全品項任選二件69折
        
(區域型商品請註明 試吃試用品請標示價格0元)",香草卡士達生甜甜圈,,codex,product-name-v1
8b9cd217f3250557c98707405421ec900d30fd1f1333f3285a78fce8dc75595a,0,全家,"：友善時光53元
        
(區域型商品請註明 試吃試用品請標示價格0元)",山海樓古早味炒炊粉,53,codex,product-name-v1
8ba1b4f582fc2af35318ae797ea2c3f51b534430b006dc429d69af5341a8faf0,0,全家,"：
煙花女義大利麵$99 番茄起士手工千層麵$99",煙花女義大利麵,99,codex,product-name-v1
8ba1b4f582fc2af35318ae797ea2c3f51b534430b006dc429d69af5341a8faf0,1,全家,"：
煙花女義大利麵$99 番茄起士手工千層麵$99",番茄起士手工千層麵,99,codex,product-name-v1
8be52f2733b877c0f8d88776a4adc20dd8b91c46c18c35f036505527d36b1e3f,0,全家,"： 烤雞香料咖哩飯糰/49
        
(區域型商品請註明 試吃試用品請標示價格0元)",烤雞香料咖哩飯糰,49,codex,product-name-v1
8c35ac823b0ff1557d490d4284340f8988f880b7415e334fbaec32889c88b56c,0,萊爾富,"：阿奇儂X初鹿牧場 煉乳冰沙、酪梨蜂蜜牛奶雪糕 49 買一送一
        
(區域型商品請註明 試吃試用品請標示價格0元)",阿奇儂初鹿牧場煉乳冰沙,49,codex,product-name-v1
8c35ac823b0ff1557d490d4284340f8988f880b7415e334fbaec32889c88b56c,1,萊爾富,"：阿奇儂X初鹿牧場 煉乳冰沙、酪梨蜂蜜牛奶雪糕 49 買一送一
        
(區域型商品請註明 試吃試用品請標示價格0元)",阿奇儂初鹿牧場酪梨蜂蜜牛奶雪糕,49,codex,product-name-v1
8c46b5f35c9a6febcccda66af3b145a147534367421cd64e7bcf335b4e0709c2,0,全家,"：可口可樂水蜜桃口味可樂 35 買一送一
        
(區域型商品請註明 試吃試用品請標示價格0元)",可口可樂水蜜桃口味可樂,18,codex,product-name-v1
8cbff1df5f2e0bd313f0aea8c0d251d0d1eae7a20e551b67976b47abfb0f898f,0,全家,：淡麗系拉麵、無敵家濃厚系拉麵 /129,淡麗系拉麵,129,codex,product-name-v1
8cbff1df5f2e0bd313f0aea8c0d251d0d1eae7a20e551b67976b47abfb0f898f,1,全家,：淡麗系拉麵、無敵家濃厚系拉麵 /129,無敵家濃厚系拉麵,129,codex,product-name-v1
8ccb7aacd5341d99bea6461357598aa43004027868ffb3520f4c68ae61a5ea5b,0,萊爾富,"：豬腳飯， 139元
        
(區域型商品請註明 試吃試用品請標示價格0元)",豬腳飯,139,codex,product-name-v1
8d37d61c3b014d07bdfaa588bf84dba209f01ec992f1b089b67b6c9dd8ebf946,0,全家,"：99 目前會員特價88
        
(區域型商品請註明 試吃試用品請標示價格0元)",惡魔乳酪生義大利麵,88,codex,product-name-v1
8d5d0b99b31a087486130739acf4ac9474d8d1483475f33de7d0c478b492c2f4,0,全家,"：

香草可樂味雲餡泡芙/原價49友善時光35
北海道哈密瓜x贅沢巧克力 綜合冰淇淋/原價49
        
(區域型商品請註明 試吃試用品請標示價格0元)",香草可樂味雲餡泡芙,35,codex,product-name-v1
8d5d0b99b31a087486130739acf4ac9474d8d1483475f33de7d0c478b492c2f4,1,全家,"：

香草可樂味雲餡泡芙/原價49友善時光35
北海道哈密瓜x贅沢巧克力 綜合冰淇淋/原價49
        
(區域型商品請註明 試吃試用品請標示價格0元)",北海道哈密瓜x贅沢巧克力綜合冰淇淋,49,codex,product-name-v1
8e3875bfe99fa434321b98a1b1908d635bba378b2bf32995bb66ab7e8a96ec75,0,全家,"：珍珠奶茶泡芙/45
        
(區域型商品請註明 試吃試用品請標示價格0元)",珍珠奶茶泡芙,45,codex,product-name-v1
8e6d18b6c61e0654070c3e65fb1feae0de5ecaa26d6977e33c3ef017d00ba6fb,0,全家,：綠葡萄大福/ $45,綠葡萄大福,45,codex,product-name-v1
8ec5efee4547cb47cf70618e2c395066a5e1e8c4a6feae64ac41f02472330404,0,7-11,"：這不是抹茶鬆餅/39元
        
(區域型商品請註明 試吃試用品請標示價格0元)",這不是抹茶鬆餅,39,codex,product-name-v1
8ef429e2b3b61cfe442d9fbca8d97966abb047f98a4e71d84cf3d8db54e28f82,0,全家,"：直立式發光招牌吊飾
消費滿688送的",直立式發光招牌吊飾,,codex,product-name-v1
8f49ce777f5f9c4aefe4adabbb423960e5e93147889ee17e6ce587907a719e75,0,全家,"：
貝納頌 (警告!!) 茶韻拿鐵 特價39",貝納頌茶韻拿鐵,39,codex,product-name-v1
90b5597a8982de67b99467c40229926f58c47323acb73524d9ae575cbe8de473,0,7-11,"：香蒜奶油風味富士山麵包/49x.65
        
(區域型商品請註明 試吃試用品請標示價格0元)",香蒜奶油風味富士山麵包,,codex,product-name-v1
90b9a76abe8631fc089bfba4599c4ca7088323514f5a3183385a830fc52ec76a,0,全家,"：四季檸檬酷繽球/酷碰價39元
        
(區域型商品請註明 試吃試用品請標示價格0元)",四季檸檬酷繽球,39,codex,product-name-v1
90f20b691ce6d8cc95682335261d11a2b1e56829bf68950f956ba7b0d98e1df3,0,7-11,"：酷聖霜 栗子提拉米蘇霜淇淋  59 買一送一
        
(區域型商品請註明 試吃試用品請標示價格0元)",酷聖霜栗子提拉米蘇霜淇淋,59,codex,product-name-v1
910476763e9c66cace3e43c3cbb68f52801c141f7309d61a63ca3da852caa0fa,0,全家,"：芝麻糊糊 特價59元
        
(區域型商品請註明 試吃試用品請標示價格0元)",芝麻糊糊,59,codex,product-name-v1
910f62c0bf4799bcd20a35c67066e6e9cbb3640b4f61ee6c4bef1e0234ce0d6a,0,7-11,：雪淋霜-甜鹽蜜語牛奶/24.5元,雪淋霜甜鹽蜜語牛奶霜淇淋,,codex,product-name-v1
9165d48228f4c244fa5abe1294ab0a50d7c707b2dfc577a93d8661e7f5391d78,0,全家,"：贅沢巧克力霜淇淋/贅沢巧克力霜淇淋
都49$",贅沢巧克力霜淇淋,49,codex,product-name-v1
9165d48228f4c244fa5abe1294ab0a50d7c707b2dfc577a93d8661e7f5391d78,1,全家,"：贅沢巧克力霜淇淋/贅沢巧克力霜淇淋
都49$",可可生甜甜圈,49,codex,product-name-v1
917957d876a52a2beb42a0d5174d2c424af75b4d03170958c3e8b4c3c5b9ee5f,0,全家,：維也納奶油餐包 39元,維也納奶油餐包,39,codex,product-name-v1
917cbf3f7821f9015c5424a26de912a58c1554123445e68d16e607b309b78da2,0,全家,：荔香雙果茶/38(第二件5折),荔香雙果茶,38,codex,product-name-v1
91812b9593a82c646a3a489215a45a9d5c492e060d0d5f620d35433c14cdda84,0,7-11,：加賀屋-日式照燒雞便當 $99,加賀屋日式照燒雞便當,99,codex,product-name-v1
922d080b0b7ed39b3782d24b80dafd04b2e2f685f4f8d56209dc54a23d0209ac,0,7-11,"：鹽烤麻辣雞心 / 55

(區域型商品請註明 試吃試用品請標示價格0元)",鹽烤麻辣雞心,55,codex,product-name-v1
926f8d6b0b1aff6fe8f88a1dfb98dd9ef09d87088b2349f8d76464d50c30e4af,0,全家,"：北海道哈密瓜霜淇淋49
第二支5元",北海道哈密瓜霜淇淋,49,codex,product-name-v1
929ff1a7e6dcf7d03220b944638ca7be33dbc6185226273172c4c94348e1129d,0,全家,"：巧克力千層蛋糕/59
        
(區域型商品請註明 試吃試用品請標示價格0元)",巧克力千層蛋糕,59,codex,product-name-v1
92a3fcae42342476e860707ff5c76cb72efafa08ba79e8bd00c26a72e2fb2fec,0,全家,"：橘貓款冰棒襪套
3支冰+19元加購或6支冰免費送",橘貓款冰棒襪套,19,codex,product-name-v1
92e5f81d1377c4f302eed51a7b565e6625146459111c4dc6e5bfd810c31bf4b7,0,全家,： 一顆布丁捲蛋糕  $49,一顆布丁捲蛋糕,49,codex,product-name-v1
93e7e8d6887c2a9317c1d19f773ef5baefeee8289b27279c61a6297c30f85d29,0,7-11,"：
獨饗薄皮黃金煎餃 49元
東海大學巧克力牛乳 46元",獨饗薄皮黃金煎餃,49,codex,product-name-v1
93e7e8d6887c2a9317c1d19f773ef5baefeee8289b27279c61a6297c30f85d29,1,7-11,"：
獨饗薄皮黃金煎餃 49元
東海大學巧克力牛乳 46元",東海大學巧克力牛乳,46,codex,product-name-v1
94040b201369f239f280c72983761bab7c2d4dc13830e50e268c54f2809e3375,0,全家,"：阿里山極選綜合拿鐵原價90(跨店取5杯299兌換)
香草卡士達生甜甜圈49",阿里山極選綜合拿鐵,60,codex,product-name-v1
94040b201369f239f280c72983761bab7c2d4dc13830e50e268c54f2809e3375,1,全家,"：阿里山極選綜合拿鐵原價90(跨店取5杯299兌換)
香草卡士達生甜甜圈49",香草卡士達生甜甜圈,49,codex,product-name-v1
94179e9984828f21944a90e0d1c579c4a3657865b31e3de219699584b9bd8962,0,7-11,"：
晨光巧克力生吐司/39元

(區域型商品請註明 試吃試用品請標示價格0元)",晨光巧克力生吐司,39,codex,product-name-v1
944ea2fc91253779683711f15f9f00743646a57fa4267bb8fb8c32d8b4b99d09,0,7-11,：Flair杜拜巧克力蛋糕-開心果 $149,Flair杜拜巧克力蛋糕開心果,149,codex,product-name-v1
94849ae9b9d143ee3a6285e1317cd50b4d146cf0afe7dab65a7cb09fcb98b6aa,0,7-11,：原萃鍋煮風味麥茶/$30,原萃鍋煮風味麥茶,30,codex,product-name-v1
948528b3fe60e7047a3ab30a8232b8080598465467ef23a3dae2740ea121a920,0,7-11,：八棟花生麻糬熱壓吐司,八棟花生麻糬熱壓吐司,,codex,product-name-v1
9588a3c4ccfad046707c2f0b9ead8087ff58752f2575b62509c89d34b77085a2,0,7-11,"：原萃鍋煮風味麥茶/$30

p.s 現在新上市特價是一瓶$23 兩瓶$40",原萃鍋煮風味麥茶,23,codex,product-name-v1
95abad59cb8d71f6977e5f106d3d04471d7f30f12f7cab81101da991f5704f32,0,7-11,"：
42",抹茶紅豆奶霜鬆餅,42,codex,product-name-v1
95b2e27b3e8510e6f32e20e62b19dd57a78234f6669cf2e656af77bf3087627a,0,7-11,"：爆蛋流心豬肉堡 109
        
(區域型商品請註明 試吃試用品請標示價格0元)",爆蛋流心豬肉堡,109,codex,product-name-v1
95cfec11c5dfae0d169a5745b04cd0b1f5d0b438db0071bdc0ef754a5907b282,0,7-11,"：巧克力 生吐司 39
        
(區域型商品請註明 試吃試用品請標示價格0元)",巧克力生吐司,39,codex,product-name-v1
95f86a0828c2a573489703c2f812ffa8626363cdac458e04051067d6e8a256c9,0,全家,"：贅沢巧克力霜淇淋 隨買跨店取4支98
        
(區域型商品請註明 試吃試用品請標示價格0元)",贅沢巧克力霜淇淋,25,codex,product-name-v1
96807c72febea660dca45941cd31e698d8e8baf5ebfe1ce244177902286405f8,0,7-11,"：酷聖雙 栗子提拉米蘇 59元
        
(區域型商品請註明 試吃試用品請標示價格0元)",酷聖霜栗子提拉米蘇,59,codex,product-name-v1
96be38a0e45c8e96cfc927608497d8764900cfcb2ce128ae4c2960a770133a50,0,全家,"：
鮮蝦旬彩炊飯飯糰 $39",鮮蝦旬彩炊飯飯糰,39,codex,product-name-v1
96dbf6e841449a6e4423dd240af9ce07d56c01b8d93a94d668fe9252cb23eab8,0,全家,"：
醬油叉燒拉麵129、椒香溫泉蛋49（合購省20元）",醬油叉燒拉麵,,codex,product-name-v1
96dbf6e841449a6e4423dd240af9ce07d56c01b8d93a94d668fe9252cb23eab8,1,全家,"：
醬油叉燒拉麵129、椒香溫泉蛋49（合購省20元）",椒香溫泉蛋,,codex,product-name-v1
96ff1927b97d3bd05468705fb328a3c098aea235ccbd4f0e08c8be277e449ce2,0,7-11,"：新品促銷期間一瓶35元
        
(區域型商品請註明 試吃試用品請標示價格0元)",瑞麟美而美早餐店奶茶,35,codex,product-name-v1
9721101b9ec8f39ceff4d1fa640b7574dd4f90ae5b060230a1f66a489b4dbe43,0,全家,"：

布朗尼鹹奶蓋 $49 友善時光 $35/
生巧風味餅乾夾心 $49 友善時光 $35",布朗尼鹹奶蓋,35,codex,product-name-v1
9721101b9ec8f39ceff4d1fa640b7574dd4f90ae5b060230a1f66a489b4dbe43,1,全家,"：

布朗尼鹹奶蓋 $49 友善時光 $35/
生巧風味餅乾夾心 $49 友善時光 $35",生巧風味餅乾夾心,35,codex,product-name-v1
974cd5c66e3004a1230c757a8f360d061e5cf2a901d79ea61e75ebabba83f38a,0,7-11,"：

白種元辣牛肉甜奶油義大利麵 109元",白種元辣牛肉甜奶油義大利麵,109,codex,product-name-v1
975338f01c225fd8179750563e77392b8aa4a46e21de23047e78e874e6d0c65e,0,全家,"：魚介雞叉燒辣拌麵 $89
        
(區域型商品請註明 試吃試用品請標示價格0元)",魚介雞叉燒辣拌麵,89,codex,product-name-v1
975bb617cc787729a24b5d1bd6c54cbaec341a1a95ec965930b3d883b7a15527,0,7-11,"：
(區域型商品請註明 試吃試用品請標示價格0元)

及第(冷藏)小籠湯包：55元
及第鮮湯小籠湯包：55元",及第冷藏小籠湯包,55,codex,product-name-v1
975bb617cc787729a24b5d1bd6c54cbaec341a1a95ec965930b3d883b7a15527,1,7-11,"：
(區域型商品請註明 試吃試用品請標示價格0元)

及第(冷藏)小籠湯包：55元
及第鮮湯小籠湯包：55元",及第鮮湯小籠湯包,55,codex,product-name-v1
975e7de1471b2a885eab4ff36ed088af2d145151ca1119984858f7be26fc03b1,0,全家,"：滑爆可樂霜淇淋 隨買跨店取兩支49
        
(區域型商品請註明 試吃試用品請標示價格0元)",滑爆可樂霜淇淋,25,codex,product-name-v1
97d1ab7c5cf320a33221bba34b96725d92a09f85d1a123b84d4792eba59aed4a,0,全家,：紫玉番薯 / 秤重,紫玉番薯,,codex,product-name-v1
97eceff45161c61521ea89fc11e9f51e74bb339c717751ece7f76deafb78e409,0,7-11,"：
(區域型商品請註明 試吃試用品請標示價格0元)

米香-黑胡椒紅酒牛肉御飯糰：45元
(商品內含酒精，請考量自身狀況，謹慎食用)
(蔬)酸辣湯：59元",米香黑胡椒紅酒牛肉御飯糰,45,codex,product-name-v1
97eceff45161c61521ea89fc11e9f51e74bb339c717751ece7f76deafb78e409,1,7-11,"：
(區域型商品請註明 試吃試用品請標示價格0元)

米香-黑胡椒紅酒牛肉御飯糰：45元
(商品內含酒精，請考量自身狀況，謹慎食用)
(蔬)酸辣湯：59元",酸辣湯,59,codex,product-name-v1
98381f740be8e79fb351a12f1b1e37da51db28187214a63f20b1ab94066ea4fa,0,全家,：失控起司薯餅燉飯 原價95元 會員優惠88折 84元,失控起司薯餅燉飯,84,codex,product-name-v1
985b8550c2c78ae9de7a4fb31e552ddb2d1a0f0963dbf7d456d1c1e272b6ffc1,0,萊爾富,"：

官方叫 生乳你個布丁

拜託萊爾富公關你腦子清醒一點

香蕉你個芭樂 1988 最佳損友的熱門梗

牛頭帆都過世了還在玩?

超過六年級生大概看不懂

老老實實弄個日文風不好嗎?

反正玩意就是日本傳來的",生乳你個布丁,,codex,product-name-v1
98693891f376e0383bca36dc076044372c3432ece00cc305215ceb71a33cb82a,0,7-11,"：
Seasons法式香草烤雞翅 /i珍食 38元
        
(區域型商品請註明 試吃試用品請標示價格0元)",Seasons法式香草烤雞翅,38,codex,product-name-v1
99558fb9f395fd70ef8a86fb3f9d76753724e2a902825774d1e9072b28f068bc,0,全家,：綠葡萄大福 45,綠葡萄大福,45,codex,product-name-v1
9aec64b20c7674aa69d63a68e20a1491e78f66a10e4cef0d8c0a039c2c251c5f,0,全家,"：好多蛋59$/鮪魚起司溏心蛋45$
第二件六折",匠土司三明治好多蛋,59,codex,product-name-v1
9aec64b20c7674aa69d63a68e20a1491e78f66a10e4cef0d8c0a039c2c251c5f,1,全家,"：好多蛋59$/鮪魚起司溏心蛋45$
第二件六折",鮪魚起司溏心蛋,45,codex,product-name-v1
9be1798840820f236f7e8d66e641a80b81965da231596b8d3040f25d0c3605d5,0,全家,：奶油起司蝦仁通心粉 $79,奶油起司蝦仁通心粉,79,codex,product-name-v1
9c44804382e189f222bb20357740f664a0ce3587c935bc3f8b91fab61187126a,0,全家,：韓式燒肉拌飯/$95,韓式燒肉拌飯,95,codex,product-name-v1
9c636a502060e85da225f1a456661ffcf2e6c84510a5f0f4bd67e0dbe4a0dd2e,0,7-11,"：
屋馬枸杞雞湯 39元
萬波柚香粒粒 35元",屋馬枸杞雞湯,39,codex,product-name-v1
9c636a502060e85da225f1a456661ffcf2e6c84510a5f0f4bd67e0dbe4a0dd2e,1,7-11,"：
屋馬枸杞雞湯 39元
萬波柚香粒粒 35元",萬波柚香粒粒,35,codex,product-name-v1
9d646718542167a5189e9572f8e1fe3a8f9b6fd73cb5a3f2b607cf0ee4a363e8,0,萊爾富,"：
  紅燒牛三寶麵 7折 折扣後$90
冷萃蜜香紅茶$35",紅燒牛三寶麵,90,codex,product-name-v1
9d646718542167a5189e9572f8e1fe3a8f9b6fd73cb5a3f2b607cf0ee4a363e8,1,萊爾富,"：
  紅燒牛三寶麵 7折 折扣後$90
冷萃蜜香紅茶$35",冷萃蜜香紅茶,35,codex,product-name-v1
9dede0c2c634636b39f86aff2658e8c6d9a4a1244dd4e255f0dcdb2e4d33de30,0,全家,"： 鮮乳坊 綿乳杯子蛋糕/39
        
(區域型商品請註明 試吃試用品請標示價格0元)",鮮乳坊綿乳杯子蛋糕,39,codex,product-name-v1
9deea467eb442448cfabcd4dbcf3471b74b1d479f48056b2e41dc876a6d4132e,0,全家,：明太子雞叉燒拌麵/蔥蔥玉子拌麵都99$,明太子雞叉燒拌麵,99,codex,product-name-v1
9deea467eb442448cfabcd4dbcf3471b74b1d479f48056b2e41dc876a6d4132e,1,全家,：明太子雞叉燒拌麵/蔥蔥玉子拌麵都99$,蔥蔥玉子拌麵,99,codex,product-name-v1
9e66647db5a1ce620f30e6947fdb2a5d36d32fc8ee6ed2109117b13b63982af7,0,7-11,"： 乖乖奶油椰子霜淇淋 49元

(區域型商品請註明 試吃試用品請標示價格0元)",乖乖奶油椰子霜淇淋,49,codex,product-name-v1
9e8650fc9ba69ec14ca0ae11eb0c17aed39be051b5e30e51b795a6f2beaa53fc,0,7-11,"：711 陽明春天-古早味香菇竹筍粥


https://i.imgur.com/bJyfcx3.png",陽明春天古早味香菇竹筍粥,,codex,product-name-v1
9ed5b5b3453acee7e320cb1367c01e077a42e4285f5262521cc11c33faed6411,0,7-11,"：
全家羊乳起司培根筆尖麵$99
小七美式漢堡排筆管麵$132",全家羊乳起司培根筆尖麵,99,codex,product-name-v1
9ed5b5b3453acee7e320cb1367c01e077a42e4285f5262521cc11c33faed6411,1,7-11,"：
全家羊乳起司培根筆尖麵$99
小七美式漢堡排筆管麵$132",小七美式漢堡排筆管麵,132,codex,product-name-v1
9f15a0d5620fca03029e022fb03e252a422c4ceae02b65dc8b716e8c60365f32,0,全家,"： 壽喜燒和牛飯捲/55
        
(區域型商品請註明 試吃試用品請標示價格0元)",壽喜燒和牛飯捲,55,codex,product-name-v1
9f1842c5c1d2fbd3e5bd3c6c1ee3650ff1d539232485c50bc07cd47b9f50c26b,0,全家,：熊抱哥造型毯福袋799,熊抱哥造型毯福袋,799,codex,product-name-v1
9f40353d89f7d803926995c667ff73784cf8148859b2e4872dcfbba028986343,0,萊爾富,"：
        
售價：99元/ 即時救援7折69元",炸雞白醬燉飯,69,codex,product-name-v1
9f744294ed087cd21b0e668922a8dd1fd1e4ce9c4e9c4a3a3831a6c3db13d530,0,全家,"：古娃娃 茉香綠茶奶蓋雪糕
/49元",古娃娃茉香綠茶奶蓋雪糕,49,codex,product-name-v1
9f88bbe58fea2c07d8698332a69a0be95c0f00c1e054b2c66c5c716291710afb,0,7-11,"：明太子火腿厚蛋握便當 69

:         (區域型商品請註明 試吃試用品請標示價格0元)

六九這價格太離譜

原本握便當是真的有巴掌大的
現在這東東只有掌心大
還好意思叫握便當

火腿是滿好吃的
但這份量賣這價錢真的不如吃一個肉鬆飯糰加一個鮪魚飯糰

--

2010年
握便當-奮起湖軟燒肉鐵路便當39元 237公克
2025年
星宇握便當-明太子火腿厚蛋69元  183公克

價錢差異就當成正常物價上漲
但大小是很明顯變小了
重量只剩下原本的 77%",明太子火腿厚蛋握便當,69,codex,product-name-v1
9fd911727c875ff9fb8c94583987c9e1e5a2d29aed7ff582925ce54b95021d2c,0,全家,"：排骨雞起司炒麵麵包 /59
        
(區域型商品請註明 試吃試用品請標示價格0元)",排骨雞起司炒麵麵包,59,codex,product-name-v1
a05e8f52dbbd3cdc1d5165af07521cbcbb4c76af0880ace97b9091f521c8899c,0,全家,：Emina開心果巧克力起司/$130,Emina開心果巧克力起司,130,codex,product-name-v1
a0ac7f2280963dd783a1e11b80ebec1507366c32c7d04f54630b199f3d8747e6,0,全家,"：
義美仙草奶凍雪糕：45元
義美消化餅冰淇淋-巧克力鮮乳：49元",義美仙草奶凍雪糕,45,codex,product-name-v1
a0ac7f2280963dd783a1e11b80ebec1507366c32c7d04f54630b199f3d8747e6,1,全家,"：
義美仙草奶凍雪糕：45元
義美消化餅冰淇淋-巧克力鮮乳：49元",義美消化餅冰淇淋 巧克力鮮乳,49,codex,product-name-v1
a0aef1e9e967e809102faef541d19d755c7859b1ab97111b01382e4025c4eeba,0,7-11,：星級饗宴 煙燻鮭魚冷麵 / 139 元,星級饗宴煙燻鮭魚冷麵,139,codex,product-name-v1
a0af4ac57b2556936b8d10f0a343e50e85da6f52132db880edda2990f65c91dd,0,7-11,：牛角燒肉米漢堡 $52,牛角燒肉米漢堡,52,codex,product-name-v1
a0b967abfc2f1314af680a267c890b58a9c0ba14e7a7d15943462210c205d2b0,0,全家,：麻辣臭豆腐口味洋芋片39元,麻辣臭豆腐口味洋芋片,39,codex,product-name-v1
a14a904c11e4cd088a23a3be7316241a0a0303864e90346f8d3969badaeb1562,0,全家,"：德式酸菜燻腸  飯捲/49
        
(區域型商品請註明 試吃試用品請標示價格0元)",德式酸菜燻腸飯捲,49,codex,product-name-v1
a1984161da5790834ac4b341cf645887192ed5f916625bb9c7c1de96f22af97d,0,全家,"：
49 / 打折35",蒜泥狠台味三拼,35,codex,product-name-v1
a24c2affbffa8de7c2507beaf5a3504261cd9dc9d16c02d2ec4299643c1ffdd0,0,7-11,"：韓式辣醬起司洋芋燒 79*0.65
        
(區域型商品請註明 試吃試用品請標示價格0元)",韓式辣醬起司洋芋燒,51,codex,product-name-v1
a36119ca040fe2d5ce27b32c150ef34bdc1dade48c853c6928616aa488c95d3a,0,全家,"：布朗尼鹹奶蓋
        
(區域型商品請註明 試吃試用品請標示價格0元)",布朗尼鹹奶蓋,,codex,product-name-v1
a3d5d09700157dcc5988bdda378d7d58acc9b8a5663356b566f48782dc01b2f5,0,萊爾富,"：
貝納頌 海鹽焦糖風味咖啡   特價 30",貝納頌海鹽焦糖風味咖啡,30,codex,product-name-v1
a4bd81172af12da5c38c6450accc8e324fca52c7ad324d65eabfea0bf002412c,0,7-11,"：可口可樂一次性即可拍底片相機
可口可樂指定品項任兩件+429",可口可樂一次性即可拍底片相機,429,codex,product-name-v1
a4c725beb435d4e18c92cba3ec128c4bbfdd87380677ccaf7c9210ef8c46fe84,0,7-11,： 火腿起司蛋 凱薩堡 （限定販售）$69,火腿起司蛋凱薩堡,69,codex,product-name-v1
a513e6a6407a9ec73701e5a4dd378b43234918adb77b149fd3382df6279aedba,0,7-11,"： 豬肉起司蛋鬆餅堡&每日c荔枝 95

https://i.imgur.com/KABuK9u.jpeg


(區域型商品請註明 試吃試用品請標示價格0元)",豬肉起司蛋鬆餅堡,,codex,product-name-v1
a513e6a6407a9ec73701e5a4dd378b43234918adb77b149fd3382df6279aedba,1,7-11,"： 豬肉起司蛋鬆餅堡&每日c荔枝 95

https://i.imgur.com/KABuK9u.jpeg


(區域型商品請註明 試吃試用品請標示價格0元)",每日C荔枝,,codex,product-name-v1
a52e73687fe8d3c6f0a444f869c586d49fb725cb786ca259d70f7fd8620a85fb,0,全家,"：
韓素燒若飯糰 特價35元(原價45元)",韓素燒若飯糰,35,codex,product-name-v1
a53887914a5a7b0372d9cf82864aaf08f097d3f9c069b147aa3092f03351e3f4,0,全家,：可樂果 烤香腸 & 胡椒餅口味 /$35,可樂果烤香腸口味,35,codex,product-name-v1
a53887914a5a7b0372d9cf82864aaf08f097d3f9c069b147aa3092f03351e3f4,1,全家,：可樂果 烤香腸 & 胡椒餅口味 /$35,可樂果胡椒餅口味,35,codex,product-name-v1
a554b4fc426c790df5a381a79b078e5f232316c542d4d41115d382c90c4bd985,0,全家,"：和風牛肉咖哩炸飯糰 $42
        (區域型商品請註明 試吃試用品請標示價格0元)",和風牛肉咖哩炸飯糰,42,codex,product-name-v1
a578458ac511f3795be43cc5291d2269bfef6ecaae550056ef1e3b7f7a70c8bb,0,7-11,"：得正芝士奶蓋焙烏龍奶酪/49元
        
(區域型商品請註明 試吃試用品請標示價格0元)",得正芝士奶蓋焙烏龍奶酪,49,codex,product-name-v1
a5e805258f7fc25ec1963ee7b544b5ff9e36c88b67597475e84ec94ffa8d8971,0,全家,：青花驕 花椒香麻雞大口飯糰 $62,青花驕花椒香麻雞大口飯糰,62,codex,product-name-v1
a62d5e8627bf24b3b0d754d189caea2148bfb5b3d318dfaadc0849d935bc867b,0,7-11,"：瓜瓜園 紫薯QQ球 49元
        
(區域型商品請註明 試吃試用品請標示價格0元)",瓜瓜園紫薯QQ球,49,codex,product-name-v1
a6e70003c7b2ec96fb9f3cd406b4675912aaf61adb6385048a5990ee42904488,0,全家,：霜淇淋49/草莓大福45,草莓優格x比利時巧克力霜淇淋,49,codex,product-name-v1
a6e70003c7b2ec96fb9f3cd406b4675912aaf61adb6385048a5990ee42904488,1,全家,：霜淇淋49/草莓大福45,草莓大福,45,codex,product-name-v1
a770fc72266b4355edb4098bd2b43e93bbdb61eabc802bb9dd4eb9107cfa2ec9,0,7-11,"：
鬼金棒辣麻味噌角煮拉麵 / $149 元

https://i.imgur.com/fLnYMc9.jpeg",鬼金棒辣麻味噌角煮拉麵,149,codex,product-name-v1
a7768109065f3e52635693408d737369f45cc76ff1000ab0a6e889999722b658,0,7-11,：TOMMI #青花椒雞腿排米漢堡（金）$87,TOMMI青花椒雞腿排米漢堡,87,codex,product-name-v1
a7cfaea8d8d091b4fdc904c1d58351bb2835bf56e6cdda3cba6ea1a1afaa9f28,0,7-11,：伯朗黑糖奶茶 580ml / 原價 $35/件,伯朗黑糖奶茶,35,codex,product-name-v1
a7e12db0949a5f1239edc4e8520bf6abc3a179baa08d911da3169e439b4444a4,0,全家,：香蕉火龍果牛奶 原價65元/購入焦友價59元(再扣環保杯5元),香蕉火龍果牛奶,54,codex,product-name-v1
a822682e9b1e4f57e7281485b2437a44e26d08e93917721dd97b71aa2d48b34f,0,7-11,"：
日式半熟蛋 / 35元、韓式麻藥溏心蛋 / 59元",日式半熟蛋,35,codex,product-name-v1
a822682e9b1e4f57e7281485b2437a44e26d08e93917721dd97b71aa2d48b34f,1,7-11,"：
日式半熟蛋 / 35元、韓式麻藥溏心蛋 / 59元",韓式麻藥溏心蛋,59,codex,product-name-v1
a875d1d7c96b3a5a1628e02c029b2fa4440e4e3cacf1719ae7a5841a6d26ff43,0,全家,"：白醋涼麵風味雪糕 49 優惠券買一送一

(區域型商品請註明 試吃試用品請標示價格0元)",白醋涼麵風味雪糕,49,codex,product-name-v1
a8e936ea3b0f4c7b80ae1d8f9b6251d4058036fb89a2a231336be2a9fea33256,0,全家,"：爆餡藍莓餐包/39
        
(區域型商品請註明 試吃試用品請標示價格0元)",爆餡藍莓餐包,39,codex,product-name-v1
a92c352f5a6b89fd61c13132acfee696d14edd8229f2d6081c7401c6922d50fe,0,全家,"：39
        
(區域型商品請註明 試吃試用品請標示價格0元)",覆盆莓榛果可可,39,codex,product-name-v1
a96386b345726f3493f667d80f4518765493c0f8ab8f356e2294d5f9f01e5510,0,全家,大醇豆無加糖黑豆漿,大醇豆無加糖黑豆漿,,codex,product-name-v1
a99d0ebbaa25bc6702aa85baa4603458ba21697ddfb7aa9948fac20bb6b5f46d,0,7-11,"：7-11 切達起士貝果 28元


: 【便利商店/廠商名稱】：7-11


: 【規格/內容物/熱量】：


: 【評分】： 60


: (未滿60分為不推薦)


: 【心得】：


: 
http://little15.pixnet.net/blog/post/35905609


: 切達起士貝果買回來後，用烤箱烤一下，


: 真的蠻好吃的~


: 可惜價格太貴了=  =  28元買一個貝果，CP值很低><


: 而且餡料似乎有縮水~不然，起司的味道還不錯!!!


: 鹹的口味比較耐吃^^


: 藍莓寒天貝果，這款也是我愛吃的口味，


: 藍莓特有的甜味很不錯，然後塗的果醬不會說太少~


: 但跟起司貝果比較的話，起司的分數比較高~


: --
 
 
身為友善人 這2款貝果是少數無打折會去買的
 
雖然知道漲價是遲早的事 沒想到一次漲這麼多
 
28元撐了15年  今天看到藍莓口味改版變35元
 
切達口味應該也快了….
 
 
 
--",切達起士貝果,28,codex,product-name-v1
a9bd4f1c7a22010335be0fb04e65f8f78809f9bbbe3cf757f6a412ed9211e763,0,全家,"：牛排館風味奶香餐包 /39x.7
        
(區域型商品請註明 試吃試用品請標示價格0元)",牛排館風味奶香餐包,27,codex,product-name-v1
a9befdfa0a45ae1b0c9d5906750f0529928b2079b3f1122649db9c8da3922cc4,0,全家,：香菜花生捲冰淇淋乖乖 39元,香菜花生捲冰淇淋乖乖,39,codex,product-name-v1
a9fe77547e3789458ae760abfbc32168bb345e809f48ac2f7ccf367b6b0c2ccb,0,萊爾富,"：
喜勒焦糖烤布丁膩/45元
（目前有活動2個60元）
刷聯邦信用卡再打折",喜勒焦糖烤布丁膩,45,codex,product-name-v1
aa14490d9aae629d12daaf0457e8590f7170734888918182f71b4bee1f0f2a67,0,全家,"：全家霜淇淋 起司+咖啡口味
應該是之前用剩的口味 口味表示是用手寫呈現

(區域型商品請註明 試吃試用品請標示價格0元)",全家霜淇淋起司咖啡口味,,codex,product-name-v1
aa61343b612efc257e79873072ed2c2f3a620bb59ea8ad4557b0824637f753a0,0,全家,：厚豆腐蛋白蕈菇豬肉堡 搭配 光泉優質蛋白巧克力牛乳 69元,厚豆腐蛋白蕈菇豬肉堡,69,codex,product-name-v1
ab40639f4087228aee1cb2482f9fb5f3144f11009f91b3fac07fed32682a9947,0,全家,"：
全家 FamilyMart x 大埔鐵板燒 爆炒雞丁飯 / $99",大埔鐵板燒爆炒雞丁飯,99,codex,product-name-v1
ab63a6e4d0880bab316e45c87cf6c3f11e94027a0653b0119951ebae2287fb3f,0,全家,：可樂果 香菜貢丸湯口味 /35元,可樂果香菜貢丸湯口味,35,codex,product-name-v1
ab77d5f96a251e0afb4e6446a841ca15effe8319b8464b1f402d2bfa3752cbf3,0,全家,"：開心果霜淇淋  49
        
(區域型商品請註明 試吃試用品請標示價格0元)",開心果霜淇淋,49,codex,product-name-v1
abd652a760874a5d86fb602385b60d1906cb565532944aca6e904e98e9685c6a,0,全家,"：全家滑爆可樂霜淇淋/49
        
(區域型商品請註明 試吃試用品請標示價格0元)",滑爆可樂霜淇淋,49,codex,product-name-v1
ac31bd309ac922407f9f8d8358c7060d408b2fe4618794343fd3ffeadd47292f,0,全家,"：焦糖拿鐵烤雞細扁麵 99元
        
(區域型商品請註明 試吃試用品請標示價格0元)",焦糖拿鐵烤雞細扁麵,99,codex,product-name-v1
ac7d5c7157b556858c4963bdd1041a0011b08af7574087c4bdfca13c13ee5715,0,全家,"：
德腸烤飯糰雙拼餐盒原價79特價70
蘋果芒芒綠原價65特價59
        
(區域型商品請註明 試吃試用品請標示價格0元)",德腸烤飯糰雙拼餐盒,70,codex,product-name-v1
ac7d5c7157b556858c4963bdd1041a0011b08af7574087c4bdfca13c13ee5715,1,全家,"：
德腸烤飯糰雙拼餐盒原價79特價70
蘋果芒芒綠原價65特價59
        
(區域型商品請註明 試吃試用品請標示價格0元)",蘋果芒芒綠,59,codex,product-name-v1
acafc66a1c11294ae6d1c90fba42b0720f61458376e8f9c18d09671440389c93,0,全家,：金色三麥 西班牙海鮮燉飯/99,金色三麥西班牙海鮮燉飯,99,codex,product-name-v1
acfe87d456bbf1e28cf77d62931c60a9b72efcacba5991b09e79271766cdff1d,0,萊爾富,"：
泰味雞絲涼麵
原價69/APP轉盤轉到優惠券55",泰味雞絲涼麵,55,codex,product-name-v1
ad375ffe90c47fd70fef0d53d6194035a8e46b7a98373f5adcc2f4d888fc4e75,0,萊爾富,萊爾富 馬年福袋,馬年福袋,,codex,product-name-v1
ad7c4c627c711eabb36d038385b77bdd1af6ee072a352a62b5d1dedc4d691a0a,0,全家,"：

春日部防衛隊的咖哩炒麵 99元",春日部防衛隊的咖哩炒麵,99,codex,product-name-v1
ad84f218e8f1e4ed65b2907a6da6f91a1aebc7bf9db48e75f737618d7ce71d98,0,7-11,"：多力多滋 皮蛋口味/50元
        
(區域型商品請註明 試吃試用品請標示價格0元)",多力多滋皮蛋口味,50,codex,product-name-v1
ad9321791c6fc6621370ca831393fa82e8c3c8bcac5e8ea8312d1810de7f773d,0,全家,全家-蜜柑大福,蜜柑大福,,codex,product-name-v1
ada7674ec5aadef8c394e4845c6729974d52be780f4866d7e3d98e3ab6fc5d66,0,全家,：GABA 好眠乳酸飲 $39,GABA 好眠乳酸飲,39,codex,product-name-v1
addbea61227609610de7834a6a29692ab7a1aa6f9a0fbdd11de78ceeb52476e6,0,全家,：仙草霜淇淋49/皮蛋辣拌麵89,仙草霜淇淋,49,codex,product-name-v1
addbea61227609610de7834a6a29692ab7a1aa6f9a0fbdd11de78ceeb52476e6,1,全家,：仙草霜淇淋49/皮蛋辣拌麵89,皮蛋辣拌麵,89,codex,product-name-v1
ae42844b2737c40ef2d531dfc35e6b63335ccef10305039beea58ec7135023da,0,全家,：莊園牛奶x滑爆可樂 49,莊園牛奶X滑爆可樂霜淇淋,49,codex,product-name-v1
ae56feb59e4dc52884a54ee6a3112749de84f30bfd0a5b72c47e1256294e4d5d,0,全家,：魔王愛吃辣雞堡/65,魔王愛吃辣雞堡,65,codex,product-name-v1
ae73d2c52242fa0ee7b3461a657566e14e9e0050ae95ec3f9dc4956ef94d607b,0,全家,"：干貝海鮮羹/149
        
(區域型商品請註明 試吃試用品請標示價格0元)",干貝海鮮羹,149,codex,product-name-v1
aea060471a2fbbd922f4e5c83e4cc32497f6d2a0d797a82c1827d7b57f881b42,0,全家,"：全家蘭姆葡萄霜淇淋 49元
        (區域型商品請註明 試吃試用品請標示價格0元)",蘭姆葡萄霜淇淋,49,codex,product-name-v1
af1e68265664b3630cf7b94e81623c37722befb278eb338685095aa41e83caf5,0,萊爾富,：77乳加星球含餡巧克力,77乳加星球含餡巧克力,,codex,product-name-v1
af4d44b8fe6ec15d63eae3d8d4c4db06a875e16e3344424cd294bd114e6bd8a3,0,全家,"：迪士尼鑰匙圈
20元以上指定飲料冰品六件免費送

https://i.imgur.com/yz7yvsE.jpeg",迪士尼鑰匙圈,,codex,product-name-v1
afc723564d119eadb31c01c9078e9e41bd12c2a5a15a6af76c29205da9e63bd4,0,7-11,"：
109",北菇滑雞燴飯,109,codex,product-name-v1
afe8fbc945f876907d9c5efc9eb77e2830d95d35cef8d15ff46d175f124aeed5,0,7-11,"：
沙漠之星(石榴洛神氣泡飲)、
法老的紅寶石(草莓氣泡飲)、
拉神之眼(柑橘氣泡飲)/各49$",沙漠之星石榴洛神氣泡飲,49,codex,product-name-v1
afe8fbc945f876907d9c5efc9eb77e2830d95d35cef8d15ff46d175f124aeed5,1,7-11,"：
沙漠之星(石榴洛神氣泡飲)、
法老的紅寶石(草莓氣泡飲)、
拉神之眼(柑橘氣泡飲)/各49$",法老的紅寶石草莓氣泡飲,49,codex,product-name-v1
afe8fbc945f876907d9c5efc9eb77e2830d95d35cef8d15ff46d175f124aeed5,2,7-11,"：
沙漠之星(石榴洛神氣泡飲)、
法老的紅寶石(草莓氣泡飲)、
拉神之眼(柑橘氣泡飲)/各49$",拉神之眼柑橘氣泡飲,49,codex,product-name-v1
b03775e4a05ce1a0cd4f17862481144b202f2e132dd846dd2c3b73d898477142,0,7-11,"：
蓮花焦糖巧脆餅熱壓吐司 65元
蓮花焦糖脆餅巴斯克 79元",蓮花焦糖巧脆餅熱壓吐司,65,codex,product-name-v1
b03775e4a05ce1a0cd4f17862481144b202f2e132dd846dd2c3b73d898477142,1,7-11,"：
蓮花焦糖巧脆餅熱壓吐司 65元
蓮花焦糖脆餅巴斯克 79元",蓮花焦糖脆餅巴斯克,79,codex,product-name-v1
b0daa752f237d778fcbacbbd4e4cb6440db46bad71b47abc4c7151b8ada1a094,0,全家,"：開心果Q皮半月燒/49
        
(區域型商品請註明 試吃試用品請標示價格0元)",開心果Q皮半月燒,49,codex,product-name-v1
b0e00898eeba932e3157263b8f98f25dcbe470e0cffeafaf9f2fdf83fab59824,0,全家,：抹茶生巧起斯塔/$45,抹茶生巧起斯塔,45,codex,product-name-v1
b0f196f674c5d4ba7873a956543a106a70533449dbe746133475087948ce7bb3,0,7-11,：台中風味控肉飯/109元,台中風味控肉飯,109,codex,product-name-v1
b12d7e6ac22b89238f7c0c2c0024b056c93dfd8fc9b1e280559c5935395bfaed,0,7-11,"：85套餐
        
(區域型商品請註明 試吃試用品請標示價格0元)",明太子雞肉溏心蛋三明治,85,codex,product-name-v1
b18616866dc1ad65c8b96f98d50d10a80aa6f6b5c316b1c829db34a1eddedaad,0,7-11,:吉伊卡哇草莓卡士達麻糬泡芙 /55,吉伊卡哇草莓卡士達麻糬泡芙,55,codex,product-name-v1
b1b86cbe33663e3ab7a0739daf78f05d8df58bef754cf88212733cbb3a8a5cae,0,7-11,"：牛肝菌菇濃湯 65 (I珍食42元)
        
(區域型商品請註明 試吃試用品請標示價格0元)",牛肝菌菇濃湯,42,codex,product-name-v1
b1da64e572aaa060659066ae187d20805e995e7165948bedd6123add0a7ea32f,0,全家,：台式綜合甜不辣/49元、蒜味肉羹/59元,台式綜合甜不辣,49,codex,product-name-v1
b1da64e572aaa060659066ae187d20805e995e7165948bedd6123add0a7ea32f,1,全家,：台式綜合甜不辣/49元、蒜味肉羹/59元,蒜味肉羹,59,codex,product-name-v1
b25001bf153b00d6f573fc540e1ce500685655a018c824a3f88beea29b0f23ea,0,全家,"：全家排球少年 給我五分鐘茶包式咖啡/ 199 ；任二盒+59可加購撲
克牌",排球少年給我五分鐘茶包式咖啡,199,codex,product-name-v1
b2ca28517005dcdaebb41764054e612209328eaed87f733741bfa6ad74b4f84e,0,全家,"：熟食SOHOT炎選 韓國堅果糖餅/42
                                              乞食光價30",SOHOT炎選韓國堅果糖餅,30,codex,product-name-v1
b2f88823bafb3597170beea2e1b943a3ce0967fe1982af91e5900e3c00af07db,0,全家,：純萃喝重焙曼特寧/重乳拿鐵任四件免費送購物袋,純萃喝重焙曼特寧,,codex,product-name-v1
b2f88823bafb3597170beea2e1b943a3ce0967fe1982af91e5900e3c00af07db,1,全家,：純萃喝重焙曼特寧/重乳拿鐵任四件免費送購物袋,純萃喝重乳拿鐵,,codex,product-name-v1
b33512eecc913e711e2ba4081ac63a43ff777d2275cec10e13b519e52215acd3,0,全家,"：香草卡士達甜甜圈/$49
        
(區域型商品請註明 試吃試用品請標示價格0元)",香草卡士達甜甜圈,49,codex,product-name-v1
b3624668e75e76010fef3fc2031ccbcfc93b11b8fc94dbeaf074ac1991ddbfc3,0,全家,：香烤藍尾鱈魚五行餐盒／109元,香烤藍尾鱈魚五行餐盒,109,codex,product-name-v1
b3d05cd74e834da9251d260b91b4bc065fdd9bde099bb4aa5cad640bab543a61,0,全家,"：牧場直送4.0巧克力牛奶雪糕 40 買一送一
        
(區域型商品請註明 試吃試用品請標示價格0元)",牧場直送4.0巧克力牛奶雪糕,20,codex,product-name-v1
b455b880119ce97dcf12f6fe85a250a1121264c3ad38810a5e23e1047b750c24,0,全家,"：
 249",新春福袋,249,codex,product-name-v1
b48d88a27a9213cb5c56a8907916d4259d2c3c42f08daca181a76a9b9b8a2ca7,0,全家,"：
購買任4瓶每日C
隨機送味全龍聯名鑰匙圈

(區域型商品請註明 試吃試用品請標示價格0元)",每日C,,codex,product-name-v1
b5fd923c5f8a7c520ee07bc371fdccafb1f16b1b0af1e591c628f2e9140f724d,0,7-11,"：
7-11 猋師傅重量級饗宴大大大雞排 / 原價99元 特價66元",猋師傅重量級饗宴大大大雞排,66,codex,product-name-v1
b60a6162eea769ca74effc09365490f225a844d4a6efe3ef1c8215c92b92f7fe,0,萊爾富,"：椒麻雞飯109元/即期品76
        
(區域型商品請註明 試吃試用品請標示價格0元)",重裝系列椒麻雞飯,76,codex,product-name-v1
b61367d2eb10c72460d80c2fbca624e7404374768fec94e75c83b1e83b458974,0,7-11,：三杯雞燴飯 $99,三杯雞燴飯,99,codex,product-name-v1
b682cffc2fcad7cc498a33c5d2955c8cd579d635380cb350e7235e3a1fd823e6,0,全家,"：minimore 棉花糖可可塔 原價49元，會員88折44元
        
(區域型商品請註明 試吃試用品請標示價格0元)",minimore棉花糖可可塔,44,codex,product-name-v1
b69841511b8801e7fd3be48e203e0144e663e4759a81de5b57b2ed1eb184064e,0,全家,"：五窨茉莉茶后40買一送一/
經典蜜糖Ｑ堤39/雙重巧克力Q堤39(買兩個打折後62",五窨茉莉茶后,40,codex,product-name-v1
b69841511b8801e7fd3be48e203e0144e663e4759a81de5b57b2ed1eb184064e,1,全家,"：五窨茉莉茶后40買一送一/
經典蜜糖Ｑ堤39/雙重巧克力Q堤39(買兩個打折後62",經典蜜糖Q堤,31,codex,product-name-v1
b69841511b8801e7fd3be48e203e0144e663e4759a81de5b57b2ed1eb184064e,2,全家,"：五窨茉莉茶后40買一送一/
經典蜜糖Ｑ堤39/雙重巧克力Q堤39(買兩個打折後62",雙重巧克力Q堤,31,codex,product-name-v1
b6cb9bab2da96a654e154b5ed5af821417a2128898349169b4ce4ffc98444479,0,全家,"：焗烤起司蕃茄四方麵/99元

        
(區域型商品請註明 試吃試用品請標示價格0元)",焗烤起司蕃茄四方麵,99,codex,product-name-v1
b6f396e8db336c6fae321a9d1b1a0b52f564009aaf389c626aef25e6e3a45617,0,7-11,"：711越式牛肉河粉109$
        (區域型商品請註明 試吃試用品請標示價格0元)",越式牛肉河粉,109,codex,product-name-v1
b6fc2181d973c0db15d6f54e602ec2edfdfc125bcc89ae221d10e49029cbed38,0,7-11,"：元進莊薑母鴨 65元
        
(區域型商品請註明 試吃試用品請標示價格0元)",元進莊薑母鴨,65,codex,product-name-v1
b7e8e5ff78c25980f220b227570910f0854b3301e30ffbac1bacd7c396afa6f6,0,7-11,"：
乖乖玉米脆條 $39",乖乖玉米脆條,39,codex,product-name-v1
b815245ca5114d410350f3e1bb13365b77162371f713c1bca0933bffdaa52832,0,全家,"：匠生土司35$
早餐49$+25$升級卡布奇諾",匠生土司,35,codex,product-name-v1
b894ff785e128a24b819fb609b4e530d4eff058207beb1d0ce0bafc1576a3ce9,0,全家,"：老酒花雕雞風味杯麵/39
        
(區域型商品請註明 試吃試用品請標示價格0元)",台酒杯常幸福老酒花雕雞風味杯麵,39,codex,product-name-v1
b8e07f4bf66f4e2d44fe7454bc7012c2055d4a463aa3001b43398e5b2502cfff,0,全家,"：紅心芭樂牛奶 /59
        
(區域型商品請註明 試吃試用品請標示價格0元)",紅心芭樂牛奶,59,codex,product-name-v1
b916de28f1fcde14a8754044b125cf668bb9b73f5df5e0e1c5611085ab0b776a,0,全家,"：
全家便利商店場景積木
三件全家品牌商品+59元",全家便利商店場景積木,59,codex,product-name-v1
b9bcaa9f84ce93390abdf4398fa0da36b31b390786fe93352ad662718ba27a3f,0,全家,：珍珠奶茶泡芙 $45,珍珠奶茶泡芙,45,codex,product-name-v1
b9e337b61dc804c625f1ee52bb32b282fce8e12e81c31a3f10890ae6296a021e,0,全家,"：
  香腸腿排雙拼便當  /         89元",香腸腿排雙拼便當,89,codex,product-name-v1
ba36988fa5e885efe98fd77bd7bb639ee35088d3296de02dc78cd56bf30d84c8,0,萊爾富,"：抹茶焙茶三明治/49
        
(區域型商品請註明 試吃試用品請標示價格0元)",抹茶焙茶三明治,49,codex,product-name-v1
babd44e32460454bc9273947979cec17c3238706e167cb509f08a55f4aa74b7a,0,全家,"：柚4嫩雞胸塊/55元
        
(區域型商品請註明 試吃試用品請標示價格0元)",柚4嫩雞胸塊,55,codex,product-name-v1
badf49ec12fd545108baba887431c1c22fa77d9b9ade78470f821d4e30c12a80,0,全家,"：多力多滋爆脆捲爆蒜濃蝦口味玉米捲
/40元

        
(區域型商品請註明 試吃試用品請標示價格0元)",多力多滋爆脆捲爆蒜濃蝦口味玉米捲,40,codex,product-name-v1
bb1fc9935b0fb0b14a688bf8f7e0612972df922a565f677cf11dcbd69052930c,0,7-11,"： 統一陽光無加糖超優蛋白豆漿/30$

: 【便利商店/廠商名稱】：小七/統一

: 【規格/內容物/熱量】：375毫升/蛋白質20.6克

: 【評分】：75

: 不得不說，為了攝取高蛋白我到底要多受罪哈

: 之前剛開賣時脆上一堆討論

: 但我覺得他有一個怪味（？）蛋白味

: 
https://i.imgur.com/zyEJmKx.jpeg


: 
https://i.imgur.com/jmiaUMw.jpeg


因為喜歡喝無糖豆漿
所以特地去買來喝

結論: 不會再買

三家有作濃版無糖豆漿的
豆味的強弱度: 義美>光泉>統一

統一的如前作者一樣感想統一有一種奇怪味道
那個味道我覺得是想模仿某些豆漿店喜歡搞的焦味(?)
如著名的青島豆漿，或是公館龍泉豆花都是這個流派

但我一來並不喜歡那種焦味
二來他也沒做到一模一樣味道
畫虎不成反而是一種奇怪的味道
雖不到噁心的程度，但是喧賓奪主搶了豆漿本來該有的味道
而且我感覺非常怪異不會想再喝
看到推文一堆說統一好的
是無感那個不屬於豆漿該有的怪味
還是.....?

光泉的濃豆漿豆味稍弱義美
但是敗筆是不自然的濃稠感
幾乎類似喝羹湯
和統一一般款豆漿有加鹿角洋菜的一樣
我也覺得頗噁

如果你喝無糖豆漿不是為了健身
那他們那些數字基本可以不管
因為都隨便講的又沒消基會去驗過
要公平應該像果汁一樣大方說含多少%原汁

目前加強版豆漿喝起來豆味最濃的就是義美
而且就是液體沒有稠感

當然這三種比較是基於加強版的無糖豆漿
普通版無糖豆漿義美是最稀的
基本上跟喝水沒兩樣
光泉和大醇豆豆味差不多濃
但是光泉是最貴的
沒錢的話選大醇豆就好

--

所以我說沒錢就買

黃豆自己的味道怎麼叫奇怪
又不是白開水

怕豆味就別喝無糖了
糖加下去什麼味都沒了

是全聯上架費貴他不愛給
優先給了家樂福",統一陽光無加糖超優蛋白豆漿,30,codex,product-name-v1
bb34c258b4a031191063b68d384bb7de8d74c54bbc8f187b5c114887f8085f06,0,全家,：全家馬年福袋 249元,馬年福袋,249,codex,product-name-v1
bbbdf2b7793b6036facaa89ac681a9f9a48132249514330a381f1884029c15f8,0,萊爾富,"：嘉義油飯 69
        
(區域型商品請註明 試吃試用品請標示價格0元)",嘉義油飯,69,codex,product-name-v1
bc581540162095e821b2f9baef36a2f4bf46849d8ea22c0137b34a93f619fc47,0,7-11,"：
(區域型商品請註明 試吃試用品請標示價格0元)

百事可樂生可樂檸檬口味：嘗鮮價27元
HomealxSN剝皮辣椒雞細扁麵：99元",百事可樂生可樂檸檬口味,27,codex,product-name-v1
bc581540162095e821b2f9baef36a2f4bf46849d8ea22c0137b34a93f619fc47,1,7-11,"：
(區域型商品請註明 試吃試用品請標示價格0元)

百事可樂生可樂檸檬口味：嘗鮮價27元
HomealxSN剝皮辣椒雞細扁麵：99元",HomealxSN剝皮辣椒雞細扁麵,99,codex,product-name-v1
bcbc7bf4b6870ea314deec5a246a0f767ba10c447ec517667d1bf0f67a0d0017,0,全家,"：
        
(區域型商品請註明 試吃試用品請標示價格0元)


55元 甜點兩件六九折",抹茶QQ蛋糕捲,55,codex,product-name-v1
bcf5d587761f56b351a28d33ae8b14ff9975e8cb5e102e6fc838165fc899928f,0,全家,：味味A 排骨雞起司炒麵麵包/59元,味味A排骨雞起司炒麵麵包,59,codex,product-name-v1
bd87148e4fca013306c3456fae9522cf81433e770a0188774698b5339ddbe556,0,全家,"：
草莓厚奶雲餡泡芙 $49",阿莎咪米聯名草莓厚奶雲餡泡芙,49,codex,product-name-v1
bdac78f8fa255c366cff21444debdc0c13a449f2a934f118b1446b013354c254,0,全家,：草莓優格霜淇淋 $49,草莓優格霜淇淋,49,codex,product-name-v1
bdf720e5a26fb84305c3866bc71fa895f4c26146206a8987b310ce5a20075a92,0,全家,"：杜老爺紅豆牛奶QQ雪糕 30 買一送一
        
(區域型商品請註明 試吃試用品請標示價格0元)",杜老爺紅豆牛奶QQ雪糕,30,codex,product-name-v1
be32fa12f63abc887f19c2ddf8c4a3019d938cf66f5ed57d5ed32bd3bea3e48a,0,全家,：LOTTE生巧克力派-法式濃巧口味 / 原價$89 友善時光$63,LOTTE生巧克力派法式濃巧口味,63,codex,product-name-v1
be5edef3c16a8fefaba97d35ceee71266bcc08b76b794a3ddd989c0a662f7d63,0,7-11,：御飯糰X牛角燒肉米漢堡 （金馬）$87,御飯糰X牛角燒肉米漢堡,87,codex,product-name-v1
bea6f8ffd6a11ce195b86794af22f74fe1056fac208b5019a7ea290c14460061,0,7-11,7-11 哆啦A夢脫窗版,哆啦A夢脫窗版,,codex,product-name-v1
bed275b2ead413f7adf351cae9df65e6c0e2d69642f0fef447435d49a72716e5,0,7-11,：新台味-泰式冬蔭鍋/99元,新台味泰式冬蔭鍋,99,codex,product-name-v1
bed76da807e22b2f0d2266a3e5ff9178211fc03f1cf4e6ee83b4f74feb42e8a5,0,7-11,"：泰國頭等艙梅子
7-11 179元，全家139元",泰國頭等艙梅子,,codex,product-name-v1
bf13f22d34ab79b805d1fdfbd372712dc928e73ae9b4de9698b4d2a6b6b7c9be,0,全家,：味味A排骨雞醬香嫩雞胸/69元,味味A排骨雞醬香嫩雞胸,69,codex,product-name-v1
bf90ab78ec2b77b83fb69a1d8ae63d5e3978962d5c83c25b52fa200e886bfa8a,0,全家,"：單品拿鐵(中)90
提拉米蘇半價25",單品拿鐵巴西黃水晶,90,codex,product-name-v1
c0ba64ce36fabb14d93676683ab3f81f408fd228c9abbdd9c54a35623a07a8e9,0,全家,"：杏仁可可蜂蜜蛋糕
原價45元，用優惠券買一送一
        
(區域型商品請註明 試吃試用品請標示價格0元)",杏仁可可蜂蜜蛋糕,45,codex,product-name-v1
c13a803f6aec8f22e57116fb1d0bb64f26ee1b68c1aa7cf55dc08c7e1c51a1c6,0,7-11,"：
        
(區域型商品請註明 試吃試用品請標示價格0元)

韓國延世大學草莓生乳包/135",韓國延世大學草莓生乳包,135,codex,product-name-v1
c1598b6331dfd938aa37b3b64149639a138626956384e70ba107bb12d456856d,0,7-11,：茶裏王正山小種、茉莉龍井/39元,茶裏王正山小種,39,codex,product-name-v1
c1598b6331dfd938aa37b3b64149639a138626956384e70ba107bb12d456856d,1,7-11,：茶裏王正山小種、茉莉龍井/39元,茶裏王茉莉龍井,39,codex,product-name-v1
c1a71dc5efa060abc88f197eb1d913ef059be88e991ae03aa50caa416671a7fd,0,全家,：藍莓乳酪貝果 $39,好丘藍莓乳酪貝果,39,codex,product-name-v1
c1cc7d6460de07f7860d4c3256137ab2171d4332029ac76d3c3ac07aa48aca84,0,7-11,：咖啡廣場奶香特調咖啡,咖啡廣場奶香特調咖啡,,codex,product-name-v1
c1de623f15746ac7449aafe95190c2bc37fdc5d446258122491005d25308f9cc,0,7-11,"：
前者69
後者89",芋泥肉鬆嫩蛋捲餅,69,codex,product-name-v1
c1de623f15746ac7449aafe95190c2bc37fdc5d446258122491005d25308f9cc,1,7-11,"：
前者69
後者89",塔香G丁燴飯,89,codex,product-name-v1
c1ee4e2a0a2ee75ea90a68504f04884d352b2eefbcc2f95efd29163ee414ea62,0,全家,：牧場直送4.0牛奶冰淇淋甜筒,牧場直送4.0牛奶冰淇淋甜筒,,codex,product-name-v1
c20ec906490118173d2af0b5fd4b20624e939c0a96d1cec644f4d94811bcf546,0,全家,"：

uno pastaXsolo pasta 煙花女義大利麵",uno pastaXsolo pasta 煙花女義大利麵,,codex,product-name-v1
c2ae7d84236ee4be65a8290ebfc3bfe56e6272236cba2713d7040d7d5f79b4c9,0,全家,：FMC飲品三件+59,全家便利商店場景積木,59,codex,product-name-v1
c2b311a05510d2615d2194ffaa4e991aba1fb3b95d90e1f4031a22fd6b532d91,0,全家,"：抹茶QQ蛋糕捲/$55
        
(區域型商品請註明 試吃試用品請標示價格0元)",抹茶QQ蛋糕捲,55,codex,product-name-v1
c2efdddc1a9ca5b745c72bb433957c754337f051e96013b404981aa1f55d3196,0,7-11,"：
熱壓吐司-丹麥鮪魚嫩蛋
70元

(區域型商品請註明 試吃試用品請標示價格0元)",熱壓吐司丹麥鮪魚嫩蛋,70,codex,product-name-v1
c32cf6c3aec65b91169e30e1bfcb3b15c8968ea0ade271ee19ae0c5b423d3f36,0,7-11,：星級饗宴 柱侯牛腱飯 109元,星級饗宴柱侯牛腱飯,109,codex,product-name-v1
c3a6d8ec8f80c0d09c70b64eddd3643ab50f90f148a60b59861a296ce18dd8f1,0,全家,"：贅沢巧克力x哈密瓜霜淇淋49
冰心卡士達雙餡蛋糕49",贅沢巧克力x哈密瓜霜淇淋,49,codex,product-name-v1
c3a6d8ec8f80c0d09c70b64eddd3643ab50f90f148a60b59861a296ce18dd8f1,1,全家,"：贅沢巧克力x哈密瓜霜淇淋49
冰心卡士達雙餡蛋糕49",冰心卡士達雙餡蛋糕,49,codex,product-name-v1
c3e93539a926f66ec965170f326a2c0f1834584a635845185cab4f62b9470614,0,全家,"：FMC蜂蜜黑木耳露45元
兩瓶8折",FMC蜂蜜黑木耳露,36,codex,product-name-v1
c3f53181a551906088c0571a6c6bdb0b6d3be882b259706f7092d0cd20bab6db,0,全家,：冰磚拿鐵 原價90元 購入價兩杯89元,冰磚拿鐵,,codex,product-name-v1
c46ed2781bc9bd3f830e811fe59bffc839cc5f922ea6e1f233137a40125c2542,0,全家,"：日東紅茶-經典紅茶 32元
        
(區域型商品請註明 試吃試用品請標示價格0元)",日東紅茶經典紅茶,32,codex,product-name-v1
c4cc6e65087b77100c9c20ee9fa42165f32e41586239f89f65f5f9608ce2f552,0,7-11,：蝦仁白醬焗烤飯$99,蝦仁白醬焗烤飯,99,codex,product-name-v1
c4d4aba8730eb2368b30d6fc4880929cdfa2e759be894cd2fd272a36edca9cc7,0,7-11,：佛蒙特咖哩雞肉飯 $89,佛蒙特咖哩雞肉飯,89,codex,product-name-v1
c4efc0b88a17936485f7419ca94295b6a81c3fedf3533f9759dabc66d6f84c9c,0,全家,：伊藤園抹茶x 焦糖蘇打霜淇淋 $49,伊藤園抹茶x焦糖蘇打霜淇淋,49,codex,product-name-v1
c4f8fad8fc4f33349e475e148b0aaa3863777e97e3c2dfb2a26d9fecd814ca8b,0,7-11,：可可雙餡鬆餅$42,可可雙餡鬆餅,42,codex,product-name-v1
c61cc80bdd1b4b0ee0efdb511e07989a8a727d521b29fd02334065764751f85e,0,全家,：芋泥Q皮半月燒 49元（友善35）,芋泥Q皮半月燒,35,codex,product-name-v1
c6610f11dacf44a939b60df84a10f69224838ab885ce445e6371ab7960da6cc4,0,7-11,"：(晶華)富貴海皇羹/159元
        
(區域型商品請註明 試吃試用品請標示價格0元)",晶華富貴海皇羹,159,codex,product-name-v1
c6ffeeba79b3f64a2887737ecfb7a18f20e07dbfe675912df2d02f0822612690,0,全家,"：檸檬繽球西西里／嚐鮮價59$ （原價75$）
        
(區域型商品請註明 試吃試用品請標示價格0元)",檸檬繽球西西里,59,codex,product-name-v1
c7428b8d8f818e42ef00a90b3cd9d825e3aecf2ed3684f0506696e8b12ffb065,0,7-11,"：帕泰家 泰式椒麻雞/109元/點數加購99元
        
(區域型商品請註明 試吃試用品請標示價格0元)",帕泰家泰式椒麻雞,99,codex,product-name-v1
c755123249c9f6ec96a6cd6ad9eb25f15af86036a29461dcae5680569c0392bf,0,全家,"：蔬活腿排補力餐盒119元
        
(區域型商品請註明 試吃試用品請標示價格0元)",蔬活腿排補力餐盒,119,codex,product-name-v1
c82a5be2ae8490efb177324dc6159003824598bc652f095e7d7561093d31b408,0,全家,全家 愛恨椒芝麵,愛恨椒芝麵,,codex,product-name-v1
c83c4ebd6e687d8354401ff35f9fbe7f9241c40d3c2bdb443e21147c86e10405,0,全家,：艾絲樂小兔造型吊飾糖果組 / 2入$279,艾絲樂小兔造型吊飾糖果組,140,codex,product-name-v1
c89b58b4d4efe296658c60a3ec72a28b4246c4d6c2deea3f3ff9f73a3c5b7c11,0,全家,"：uno pasta奶油起司蝦仁通心粉79$
媽媽煮藝黃金霸王腿條49$
一起買折5元",uno pasta奶油起司蝦仁通心粉,79,codex,product-name-v1
c89b58b4d4efe296658c60a3ec72a28b4246c4d6c2deea3f3ff9f73a3c5b7c11,1,全家,"：uno pasta奶油起司蝦仁通心粉79$
媽媽煮藝黃金霸王腿條49$
一起買折5元",媽媽煮藝黃金霸王腿條,49,codex,product-name-v1
c972cd96ea4fcf859cb15051a6fe701ab00ce0f43368ab6a90a243a64d08de6c,0,全家,：日式甜醬油、山葵風味霜淇淋 綜合/ 49,日式甜醬油山葵風味霜淇淋綜合,49,codex,product-name-v1
c9c243725a9475686d299574b25ee7d841d44b0d3c944c9afb67e7f7a82fb14b,0,全家,"：蜜桃山茶花金萱奶蓋雪糕49
買三支可以抽抽樂",古娃娃蜜桃山茶花金萱奶蓋雪糕,49,codex,product-name-v1
c9ef331abc660f864a43f3c632e1db856a92b10e2aa7afc99e18edd50b086754,0,全家,"：厚奶拿鐵/酷碰券特大杯59

https://i.imgur.com/4PVYtVB.jpeg

+49加購造型燈箱",Let’s Cafe厚奶拿鐵,59,codex,product-name-v1
ca90c1fd42a8d0c775edbcf20393bbbdfa270b813ce85f90637c665f278da4e4,0,全家,"：抹茶蒙布朗布丁/65 元 (活動期間八折 52 元)
        
(區域型商品請註明 試吃試用品請標示價格0元)",抹茶蒙布朗布丁,52,codex,product-name-v1
cb09dbfb2347e38efaef01247713f363f6f2813f4232e992b72af72aeb7a3c5f,0,全家,：台鋼雄鷹- TAKAO聯名-孔雀香酥脆香魚口味,台鋼雄鷹 TAKAO聯名 孔雀香酥脆香魚口味,,codex,product-name-v1
cb6ea9d846613bbde2e82029203578485de2cf8ac80ff4fc32642652b3dfb9af,0,全家,"：巧克力可頌 /45X.6
        
(區域型商品請註明 試吃試用品請標示價格0元)",巧克力可頌,27,codex,product-name-v1
cb8ebb1c7e5f19e8d636356066f78ea832487e50caf870b79bb861ce2886e703,0,7-11,：韓式炸雞起司丼 119元,韓式炸雞起司丼,119,codex,product-name-v1
cbd6a2f541a1913c90015a15be2ee3ab72ff67267af9aa6c2ff69f8b32303945,0,萊爾富,"：樂法 金桔/檸檬咖啡
        
(區域型商品請註明 試吃試用品請標示價格0元)",樂法金桔檸檬咖啡,,codex,product-name-v1
cbeff75aa0415b4c9927723e2146fbf778253f6961eff67a192a814325c0f992,0,全家,"：起司蛋糕霜淇淋49元
起司巧克湯匙餅乾加購價10元",起司蛋糕霜淇淋,49,codex,product-name-v1
cbfb1b71c86597ea553c5f67e94777be2e991355d6fd21bf42b1e1d8316d0ba4,0,全家,"：反烤焦糖布丁蛋糕 49元 任選兩件69折 34元
        
(區域型商品請註明 試吃試用品請標示價格0元)",反烤焦糖布丁蛋糕,34,codex,product-name-v1
cd1d750400d17e251d60a37890c58cfa489c3cf4eb1dfb505ec0fa07d6d2f6fd,0,全家,"：荔枝烏龍鮮果凍/點數兌換
        
(區域型商品請註明 試吃試用品請標示價格0元)",SOMA荔枝烏龍鮮果凍,,codex,product-name-v1
cd54958d750b84a4f6de42be6856e9b83794183fdfcc4f0223a84dd49dff8c8d,0,全家,"：原價89元 會員促79元
        
(區域型商品請註明 試吃試用品請標示價格0元)",焗烤起司肉醬筆尖麵,79,codex,product-name-v1
cd7ebc16997a7f6879928c376a04adfc661dcb8e8450debc07321408496be4e0,0,全家,"：乖乖玉米脆條-屏東檸檬巧克力 / 39元
(區域型商品請註明 試吃試用品請標示價格0元)",乖乖玉米脆條屏東檸檬巧克力,39,codex,product-name-v1
cdae5f7c997db15ab91d14f5f9abd38d8924f12f3de3101686c7b4f799b6ea7e,0,7-11,：黑糖粉粿剉冰 特價65元,黑糖粉粿剉冰,65,codex,product-name-v1
cdb3ee46fd69f4a3fc59c15c24052d1dafbd3618b321a58ce7b83280d4c070f9,0,全家,：核桃多穀黑麥土司 39元,核桃多穀黑麥土司,39,codex,product-name-v1
cdf0b4102b2d47c8233eb7b4f5c4cb5fa1367fba4591f059db4800d7ab064271,0,7-11,：一鍋燒 滑蛋嫩雞親子丼（離）$98,一鍋燒滑蛋嫩雞親子丼,98,codex,product-name-v1
cdf1f2aabee8be6beb96176551c865653d10b6396e2a9146e7c5ec58e76dddfa,0,全家,：哈逗堡造型包 / 32元,哈逗堡造型包,32,codex,product-name-v1
ce114ade9187bdc77bcb8bdf1acf195cb58a6a6acbff57e32f38d120298424c0,0,7-11,：御飯糰 高雄櫻花祭 生鮭魚夾心飯糰,御飯糰生鮭魚夾心飯糰,,codex,product-name-v1
ce115dfe3ae562e5884383786551ad9c706ffd3e7056dcc87e2d40dcf02b8173,0,7-11,：,港式叉燒油雞雙寶飯,,codex,product-name-v1
ce3e0efb89d20b8bca2838303feeee1a3db9a011cd905ad5cb0e8dd7994f3265,0,7-11,"：愛文芒果雪酪冰沙2杯120

https://i.imgur.com/f53nlPG.jpeg


(區域型商品請註明 試吃試用品請標示價格0元)",愛文芒果雪酪冰沙,60,codex,product-name-v1
ce93674059611705102e5468443f7a8e0b19efc42fa9a2651d96f9b00aee0d84,0,全家,"：開心果Q皮半月燒/49
打折後34元
(區域型商品請註明 試吃試用品請標示價格0元)


http://i.imgur.com/Rz1Z1XF.jpg",開心果Q皮半月燒,34,codex,product-name-v1
ceee4fad10627436f3f412f96cc6ed1059e7f313950794a73ccb31ee542fb962,0,全家,：蜜柑大福$45,蜜柑大福,45,codex,product-name-v1
d06440db31dfab71df809f7d4b165b299710104bc3aafe3f06dcb0897f331650,0,全家,"：嘉義崇文白醋涼麵 / 65

: 【便利商店/廠商名稱】：全家

: 【規格/內容物/熱量】：如附圖

: 【評分】：75

:

: 【心得】：近期在threads 上這款涼麵很紅 大家都說很好吃 而且一定要買全家的 7-1

1

: 的不行 所以也去買來試試看。

: 吃起來很清爽、醋味很解膩，跟一般涼麵比起來就是多了醋味，然後麵條粗一點，不過

熱

: 量也是因為美乃滋多了很多。

: 有網路說的超好吃嗎，其實也沒有，但是滿便宜清爽的解決一餐很不錯，而且可以+14

元

: 獲得一杯飲料，更賺了！

: 
https://i.mopix.cc/vr60F5.jpg


: 
https://i.mopix.cc/3AO9A7.jpg



1月底有去嘉義玩3天~

這三天嚴格來說是「吃貨行程」

嘉義涼麵我吃過兩家：黃記、火生

上禮拜吃了小欺的嘉義涼麵感想是~

味道很不像還原度只有30分

全家呢？還原度只有60分

住北部的板友有吃過台北大橋頭六特製涼麵嗎？

我是覺得「白醋」是靈魂重點

超商的白醋味道跟道地嘉義涼麵還是有落差

我先品嚐白醋後就知道味道道不道地

超商的白醋比較像是比較酸的美奶滋

跟我在嘉義吃的風味有所不同

我有時在想~嘉義在地店家白醋都自己調製？

還是都用
白雪牌白醋
？


那時去福義軒總店買名產時~


忘了去對面買白雪牌白醋...


有了白雪牌白醋就能自製道地嘉義涼麵


去超商買涼麵後把白雪牌白醋加進去就好


記得喔不要把醬油加進去喔！！


嘉義涼麵只有麻醬跟白醋而已


話說加了醬油是什味道呢？我是不敢試...


--

原來如此

剛查了一下的確是",嘉義崇文白醋涼麵,65,codex,product-name-v1
d078242b5ec2d9e4a3897481ee8f17864572ae8543bc4cabba5fbcbc9abb027d,0,萊爾富,"：楊枝甘露果C果昔 嚐鮮價$79
(區域型商品請註明 試吃試用品請標示價格0元)",楊枝甘露果C果昔,79,codex,product-name-v1
d09b353981172d493efa9f6000a3d91863aa89dcc43b4420d23895d0e6c307b6,0,全家,"：49
        
(區域型商品請註明 試吃試用品請標示價格0元)",起司蛋糕霜淇淋,49,codex,product-name-v1
d0b878cb5fb5b6b43815754ca25601739a76f122208006cb9424658b0e9d31af,0,7-11,"：
249
最近扣100",Peaceminusone干邑highball,149,codex,product-name-v1
d0feda2b1b78d6dd2f6cc3510caa925be1d35a3571593c80f2e2041d7ddbb580,0,7-11,：握便當-黑胡椒烤雞/$59,握便當黑胡椒烤雞,59,codex,product-name-v1
d10055997721763b6f44942a470a26334865b7c4da56b3f2cf18650a060196ba,0,全家,：草莓貓貓塔/49元,草莓貓貓塔,49,codex,product-name-v1
d117b4416f413c55f4960c61bef5d973de26958a876dbc34367159f1b3f7f970,0,全家,：惡魔乳酪生義大利麵/99,惡魔乳酪生義大利麵,99,codex,product-name-v1
d14b02b6470abfd56d964981e21b1ab651f9027cfe325dbc3500754f8c7ce785,0,萊爾富,"：唐揚雞飯99
        
(區域型商品請註明 試吃試用品請標示價格0元)",唐揚雞飯,99,codex,product-name-v1
d1dfb4545928c355e361898fc2809910d0245c65c44cb700d2608ea9f2685807,0,7-11,：檸檬卡士達綜合水果三明治/65$,檸檬卡士達綜合水果三明治,65,codex,product-name-v1
d2326c2bd87a064ebec90bad0d2b26efcad2e81171d9a3d9bf337b081b3f7501,0,7-11,"：
辛奇醬炒牛肉便當/109元
宗家府泡菜鮪魚/49元

        
(區域型商品請註明 試吃試用品請標示價格0元)",辛奇醬炒牛肉便當,109,codex,product-name-v1
d2326c2bd87a064ebec90bad0d2b26efcad2e81171d9a3d9bf337b081b3f7501,1,7-11,"：
辛奇醬炒牛肉便當/109元
宗家府泡菜鮪魚/49元

        
(區域型商品請註明 試吃試用品請標示價格0元)",宗家府泡菜鮪魚,49,codex,product-name-v1
d239309759e671e329e8560a4a95abd0c56eb9441f15bf48be1930276c176789,0,7-11,"：香蕉風味拿鐵 大冰 95$ 送開運擲筊印章
        
(區域型商品請註明 試吃試用品請標示價格0元)",蕉財進寶香蕉風味拿鐵,95,codex,product-name-v1
d273b2eced98a5faf0f306cbcb0c7f290a1919118c0fab80989335fea2eba1be,0,全家,：桃氣奶霜蛋糕/49$,桃氣奶霜蛋糕,49,codex,product-name-v1
d275b942e0903373d863a9728c0064fdb96240f38b0ddb1520666084c385ac16,0,7-11,"：韓式烤牛肉多彩飯卷 89元
        
(區域型商品請註明 試吃試用品請標示價格0元)",韓式烤牛肉多彩飯卷,89,codex,product-name-v1
d27931339732f268c6ec7b537e021d93c5b4c2cce16ef1d6f8b03c474eb84f3b,0,全家,"：一顆小壽桃28
+小單品美式39",小壽桃,28,codex,product-name-v1
d2e4ea83080897ef09781d52a0d89d5d04f5c2febe4ceba172ff0c1b013994bd,0,7-11,"：統一布丁霜淇淋/49元
        
(區域型商品請註明 試吃試用品請標示價格0元)",統一布丁霜淇淋,49,codex,product-name-v1
d3023b550207845f69b1051f60818c626b4330aaf6dc970da7637fb93f7550f9,0,全家,"：可可生甜甜圈/49
        
(區域型商品請註明 試吃試用品請標示價格0元)",可可生甜甜圈,49,codex,product-name-v1
d30cee303610f706a740accd0726f2a8cca7e279666ae80c3536781b6e247ac9,0,7-11,"：潮粵坊鴨肉捲餅/79
        
(區域型商品請註明 試吃試用品請標示價格0元)",潮粵坊鴨肉捲餅,79,codex,product-name-v1
d32153d69b84b3de788f46a060d159722d52e6499ef80f38661be0df1b289fa2,0,萊爾富,"：
佛跳牆 129元 惜福食堂 90元
        
(區域型商品請註明 試吃試用品請標示價格0元)",佛跳牆,90,codex,product-name-v1
d3346ca1daec6a148f9b7abdb2c9d57a78a93a2afc29863f4d6021e084fa321b,0,7-11,"：
石安牧場糖心蛋（日式鰹魚雞肉炊飯） 39元
起司鮭魚炒飯 （切達奶油乳酪X智利銀鮭） 45元，吉伊卡哇聯名第二件79折",石安牧場糖心蛋日式鰹魚雞肉炊飯,39,codex,product-name-v1
d3346ca1daec6a148f9b7abdb2c9d57a78a93a2afc29863f4d6021e084fa321b,1,7-11,"：
石安牧場糖心蛋（日式鰹魚雞肉炊飯） 39元
起司鮭魚炒飯 （切達奶油乳酪X智利銀鮭） 45元，吉伊卡哇聯名第二件79折",起司鮭魚炒飯切達奶油乳酪X智利銀鮭,45,codex,product-name-v1
d3abe7428e5b504e7189ae6a1f90357fc5fde296e2e1ef489887da59b4da154e,0,全家,：龍角龍涎厚乳/39元,龍角龍涎厚乳,39,codex,product-name-v1
d3e857070a82b5bf8f1346a9da8d4bde29e90539ad301b5f3649b3f1129e0ac9,0,7-11,：咔哩咔哩 起司口味（我直翻）,咔哩咔哩起司口味,,codex,product-name-v1
d3f2cc429ddbf327467c4db703d4690305589900c24f08353196a9235ce6d5bf,0,全家,：茉莉茶園 紅柚淺焙  $28元（嚐鮮價）,茉莉茶園紅柚淺焙,28,codex,product-name-v1
d40ef53bcd1676242595d949ca7d9ef24fd6d20c2bcd87686b175969f7bc39f1,0,全家,：水果派對三明治/$49(搭配飲品$69),水果派對三明治,49,codex,product-name-v1
d4861507d802245fb535d11e3a527af9b01aa9d2b99a4d19963c8d66eb33d20b,0,7-11,"：晨光 巧克力生吐司/2件68元
        
(區域型商品請註明 試吃試用品請標示價格0元)",晨光巧克力生吐司,34,codex,product-name-v1
d495b006a4ef15d575ae214a0fd53f4bedaad7a885e164166951e42194cc8f90,0,7-11,"：栗子地瓜大福/49元
        
(區域型商品請註明 試吃試用品請標示價格0元)",栗子地瓜大福,49,codex,product-name-v1
d4a61309c9573c7fa543e9c0100668c71e4c3cf422249deacb72f51a5d209f34,0,7-11,"：金沙滷肉粽香風味新極大飯糰/55
        
(區域型商品請註明 試吃試用品請標示價格0元)",金沙滷肉粽香風味新極大飯糰,55,codex,product-name-v1
d56d6945867e347244d2881abe16433728d012ed0d105904f5f2ec232acd8cd1,0,全家,"：嫩烤香料雞胸排蔬滿盒/129
        
(區域型商品請註明 試吃試用品請標示價格0元)",嫩烤香料雞胸排蔬滿盒,129,codex,product-name-v1
d5a96d834c06e81895bda5cef03899517342011cd0c3cf4a0bba52a185eeccfc,0,7-11,"：日東紅茶 皇家奶茶
        
(區域型商品請註明 試吃試用品請標示價格0元)",日東紅茶皇家奶茶,,codex,product-name-v1
d5e0a71242e223db0335b127c3e5e8a6a2211ae2abacf0478c5d5d2e56917621,0,全家,"：LULU豬捏捏球罐頭盲盒
指定商品買滿168加109加購一款",LULU豬捏捏球罐頭盲盒,109,codex,product-name-v1
d6127a8f95978518d6b00ee780d4a942519a7da72179479fba1b943e371afcf1,0,全家,：全家 蟹味可樂餅風炸飯糰 42（現在有搭配指定飲品59）,蟹味可樂餅風炸飯糰,42,codex,product-name-v1
d69f3520f80bc23562dc68d16f7d3666f6f28fec7c89eb8387835c0bac0566ff,0,全家,：一顆布丁泡芙/49 元,一顆布丁泡芙,49,codex,product-name-v1
d6a90fe4be8495ce47d8dccc805c92b68ef4a54cb0aeea580edf90943dbd71be,0,7-11,"：開心果奶霜菠蘿    價格忘記，可能是49。買了兩個7折dr. milker+菠蘿是105
        
(區域型商品請註明 試吃試用品請標示價格0元)",開心果奶霜菠蘿,,codex,product-name-v1
d6c4d38cc3c08cf243c52d87ba697efd8b19536aef1c8ed2073ee98da201f213,0,7-11,"：

光泉午后時光-紅蘊琥珀奶茶/黑曜咖啡拿鐵

原價49，有兩件以上的折扣，剛好拿到i 珍食7折",光泉午后時光紅蘊琥珀奶茶,,codex,product-name-v1
d6c4d38cc3c08cf243c52d87ba697efd8b19536aef1c8ed2073ee98da201f213,1,7-11,"：

光泉午后時光-紅蘊琥珀奶茶/黑曜咖啡拿鐵

原價49，有兩件以上的折扣，剛好拿到i 珍食7折",光泉午后時光黑曜咖啡拿鐵,,codex,product-name-v1
d79728d339e683b87103cdcee7e6401ba44e13a538649ef345c24aa4af0e0586,0,7-11,：煙燻豬肝79元,煙燻豬肝,79,codex,product-name-v1
d7d4374d004685885678cd48925464a75e249fdf986584c525677854d19289a6,0,7-11,：吉伊卡哇脆皮軟糖 /49元,吉伊卡哇脆皮軟糖,49,codex,product-name-v1
d88c235435570ab394d7f314e3a15c9d9f9e3d91f90cb52f16b4c4328ebbe9ab,0,全家,：醬油生鮭脆卷/42,醬油生鮭脆卷,42,codex,product-name-v1
d925162bbe7a8c2537f317bcef8cd31ccd0fc83e55e9d2514eb1430013297bfe,0,7-11,"：
 懷舊滷雙拼便當 99元",懷舊滷雙拼便當,99,codex,product-name-v1
d949d399e65f575872f3276a39f5b422b4088195e762b5e902ff73fb67ac47c1,0,全家,"：
香蕉火龍果牛奶/59元

(區域型商品請註明 試吃試用品請標示價格0元)",香蕉火龍果牛奶,59,codex,product-name-v1
d9a9a06c3d192c03742cec0eb3be0a9b515c75cc7bcb260ff7f32156e407a770,0,全家,：泰國易開香水椰子_99元、樂淇蘋果_89元,泰國易開香水椰子,99,codex,product-name-v1
d9a9a06c3d192c03742cec0eb3be0a9b515c75cc7bcb260ff7f32156e407a770,1,全家,：泰國易開香水椰子_99元、樂淇蘋果_89元,樂淇蘋果,89,codex,product-name-v1
da11a400fcb95a97b2993d5c0e15f839c9a18b924df76a1a82a543ce49e1da25,0,全家,：鮭魚蛋炒飯95元,鮭魚蛋炒飯,95,codex,product-name-v1
dc0cb91bc6024ca23e67e2df601252e65298759ec8c618df61e9d825863e7b25,0,7-11,：玉米起司蛋餅/55,玉米起司蛋餅,55,codex,product-name-v1
dc8323b06641ce4a7cbb79c2779b66aaf515133ff3ddbc7bdf121af4049e82af,0,全家,：優格雪幕乳酪/59,優格雪幕乳酪,59,codex,product-name-v1
dd2f68ec0003cb10a909cea6173f37beedec2d2713c2728ebcb8e1191c54f542,0,全家,"：ace 斑斑水果條 黑醋栗+奇亞籽 / 79元
        
(區域型商品請註明 試吃試用品請標示價格0元)",ace斑斑水果條黑醋栗奇亞籽,79,codex,product-name-v1
dd85f21582f14445b5c22b764a0dc7401350ceaae8f4ca2941f17f9cdeef9b57,0,7-11,"：
紫桑果粒冰茶
75元，現在有2杯88元

(區域型商品請註明 試吃試用品請標示價格0元)",紫桑果粒冰茶,75,codex,product-name-v1
dece980167ddfebf888a1c154d8636e1a423133e0813e1e55a32dc67fe356f04,0,全家,"：經典滷肉飯79元
        
(區域型商品請註明 試吃試用品請標示價格0元)",水水灶咖經典滷肉飯,79,codex,product-name-v1
decfb3f7a044559181ff5e41bbfa2585dfdbac43ec3a115e52cdfc7c66cf536a,0,全家,：FMC系列商品三件+59元加購,場景積木鹼性離子水款,59,codex,product-name-v1
ded8d265caf82b3d1df538e7516975f14bf97472de1a986b5761afa4292739e8,0,全家,"：VANS海鹽焦糖千層蛋糕/友善$41

(區域型商品請註明 試吃試用品請標示價格0元)",VANS海鹽焦糖千層蛋糕,41,codex,product-name-v1
df04c42109610e5d7ead8eec1fa8f11cf330801ab635884a2cee1e9f067d614a,0,7-11,"：蒜香油封蝦義大利麵109元i珍食71元
        
(區域型商品請註明 試吃試用品請標示價格0元)",蒜香油封蝦義大利麵,71,codex,product-name-v1
df1d9dffdfce64f54645a480901466567b1bd5be614f522d3e1593f574549388,0,7-11,"：熔岩起司燻培根厚吐司  95配
        
(區域型商品請註明 試吃試用品請標示價格0元)",熔岩起司燻培根厚吐司,95,codex,product-name-v1
df3b70b4585236a95ec7b14403e0ff13ee5be4c3c15391041f7316e8ef4429e8,0,7-11,：酷聖霜黑可可摩卡霜淇淋/icash pay支付買一送一,酷聖霜黑可可摩卡霜淇淋,,codex,product-name-v1
df64626766d473221f9bd436751ca246681a130667b30076a21e81b400d291fe,0,全家,"：「UCC經典炭燒咖啡x莊園牛奶」霜淇淋 買一送一
        
(區域型商品請註明 試吃試用品請標示價格0元)",UCC經典炭燒咖啡x莊園牛奶霜淇淋,,codex,product-name-v1
df6dddbd97f33a122b2e7485da0b2b5250dad5e105da3c1fced597c1a654354a,0,7-11,"：iseLect 嚴選素材經典拿鐵咖啡 / 30元(特價2件45元)
        
(區域型商品請註明 試吃試用品請標示價格0元)",iseLect嚴選素材經典拿鐵咖啡,30,codex,product-name-v1
e02524966c20ae39cdd84fa26bd6eef5157cbca164e84e6a408209c80e2f6b10,0,全家,"：蜜柑大福/45
        
(區域型商品請註明 試吃試用品請標示價格0元)",蜜柑大福,45,codex,product-name-v1
e05350b0cd6969b0a5fbe669c76dbf455003ee2d5544502c6e340d412267f5e9,0,全家,"：姨次滿足熟成牛豚雙拼99/彩虹10蔬湯69
結帳有折10元",姨次滿足熟成牛豚雙拼,99,codex,product-name-v1
e05350b0cd6969b0a5fbe669c76dbf455003ee2d5544502c6e340d412267f5e9,1,全家,"：姨次滿足熟成牛豚雙拼99/彩虹10蔬湯69
結帳有折10元",彩虹10蔬湯,69,codex,product-name-v1
e05f16d19a8637793a583cf80ae0fb8304e17107f14e3dcfb024a2f93bbb988f,0,全家,"：

55元 甜點兩件六九折",抹茶QQ蛋糕捲,55,codex,product-name-v1
e0df4ec74a4562e8908d930696dad6a662fd20c3cada19a86cb772e76ee42685,0,全家,"：健身G肉餐盒 /99元
        (區域型商品請註明 試吃試用品請標示價格0元)",健身G肉餐盒,99,codex,product-name-v1
e0f764fa2e9835dfd068e217950721276538e664a1a439c2bac15fd6910d93a7,0,7-11,"：玉米雞肉熟水餃$59
                                 買i珍食有打折",玉米雞肉熟水餃,,codex,product-name-v1
e17157b6d048ffc1528aadcd09714acf6a10f184e239e842e2633b66e8a99708,0,全家,：鼎泰豐香拌海鮮醬肉絲蛋炒飯/95,鼎泰豐香拌海鮮醬肉絲蛋炒飯,95,codex,product-name-v1
e2346dd72a67178897a734293c5e4432d6444f4fcc7d86550095198555874fda,0,全家,：贅澤巧克力霜淇淋 $49,贅澤巧克力霜淇淋,49,codex,product-name-v1
e367e2622521d2dd9a18a671bc7c5695fa79ee2419b6ffbfe910c0b06fca57cf,0,7-11,"：
氣炸鍋1699、滑輪冰霸杯組合999、導磁不沾鍋499
        
(區域型商品請註明 試吃試用品請標示價格0元)",氣炸鍋,1699,codex,product-name-v1
e367e2622521d2dd9a18a671bc7c5695fa79ee2419b6ffbfe910c0b06fca57cf,1,7-11,"：
氣炸鍋1699、滑輪冰霸杯組合999、導磁不沾鍋499
        
(區域型商品請註明 試吃試用品請標示價格0元)",滑輪冰霸杯組合,999,codex,product-name-v1
e367e2622521d2dd9a18a671bc7c5695fa79ee2419b6ffbfe910c0b06fca57cf,2,7-11,"：
氣炸鍋1699、滑輪冰霸杯組合999、導磁不沾鍋499
        
(區域型商品請註明 試吃試用品請標示價格0元)",導磁不沾鍋,499,codex,product-name-v1
e36aeff0a09a59e426f7ad806f19c467b2717a2dbf40434e613f4803ecf1b504,0,全家,"：蛤蜊五目中華燴麵99元
        
(區域型商品請註明 試吃試用品請標示價格0元)",蛤蜊五目中華燴麵,99,codex,product-name-v1
e39f9151a511bd68ccc57f0d837f48e5551bcf79d5081c8aefb2b470f092ce8c,0,全家,"：奶香派派35/友善價25
        
(區域型商品請註明 試吃試用品請標示價格0元)",奶香派派,25,codex,product-name-v1
e3b6015d9a48ca9d729eccccf16ef290eaa3af51db6cdab496a0a646f73c00e6,0,7-11,"：開運黑糖發糕 45元
        
(區域型商品請註明 試吃試用品請標示價格0元)",開運黑糖發糕,45,codex,product-name-v1
e412ea980dc488c9bf2d90ab85f3086d4eaebbe68aea9a92363c175c08cf9e28,0,7-11,"：拿坡里風味肉球義大利麵(含牛肉)/99元
        
(區域型商品請註明 試吃試用品請標示價格0元)",拿坡里風味肉球義大利麵含牛肉,99,codex,product-name-v1
e43e023dfd7a5af7647d49a7fc6ce53565e2da14b1db12b5fbccd769a7835ef2,0,7-11,：樂事洋芋片榴槤/生啤酒 $35,樂事洋芋片榴槤生啤酒,35,codex,product-name-v1
e486e92694ad69bae2b2dcada0cb2be27f9474d33177ee08525fdc46a90e0f75,0,全家,"：可可藍莓虎皮蛋糕/兌點1000+$23（/原價$45）

        
(區域型商品請註明 試吃試用品請標示價格0元)",可可藍莓虎皮蛋糕,23,codex,product-name-v1
e52ca471d7e14b4667e0432668a341f8954214369ef42e370ccbbf18ef5cff08,0,萊爾富,"：

台式炒麵 /89",台式炒麵,89,codex,product-name-v1
e5fe47a1a24e780cfc1a87da4f0d90c60db299ff4ae5ac87321c49e0a020bd06,0,7-11,"：
        7-11 台韓半半炸雞便當
        i珍食65折77元 (原價119元)",台韓半半炸雞便當,77,codex,product-name-v1
e61bb8501a4f2e879038bc5cb385456ad8b5c758728f05c39f807eb1d17d1f70,0,7-11,7-11星宇航空黑糖麻糬千層塔,星宇航空黑糖麻糬千層塔,,codex,product-name-v1
e621245e9a3cccfc072a85dc0d0c5fd56ef4c7393dd18c8ee4cc8a1ee76dbc5c,0,全家,"：
布朗尼鹹奶蓋/49元
棉花糖巧克力飲/75元

(區域型商品請註明 試吃試用品請標示價格0元)",布朗尼鹹奶蓋,49,codex,product-name-v1
e621245e9a3cccfc072a85dc0d0c5fd56ef4c7393dd18c8ee4cc8a1ee76dbc5c,1,全家,"：
布朗尼鹹奶蓋/49元
棉花糖巧克力飲/75元

(區域型商品請註明 試吃試用品請標示價格0元)",棉花糖巧克力飲,75,codex,product-name-v1
e64fad023462fc5888550659d66a9e009d03fc6051c86944adba461da5170b07,0,全家,"：
扇雀飴肉球造型軟糖葡萄口味",扇雀飴肉球造型軟糖葡萄口味,,codex,product-name-v1
e6a024b2be4e127ddaabfd91078dfc344ad08ea487c632fc74cbe7d8f7156709,0,7-11,"：711 草莓富士山形蛋糕捲/
i珍食45
        
(區域型商品請註明 試吃試用品請標示價格0元)",草莓富士山形蛋糕捲,45,codex,product-name-v1
e6e77393098eb9b15855c4a8b6e55154ba6eb6228f965fb2b0b595d91ada3651,0,全家,"：5min |膽大黨茶包式咖啡5入199
5min | 膽大黨 決戰邪視 12入精品咖啡禮盒 688 (全家行動購或官網購入)",5min膽大黨茶包式咖啡,199,codex,product-name-v1
e6e77393098eb9b15855c4a8b6e55154ba6eb6228f965fb2b0b595d91ada3651,1,全家,"：5min |膽大黨茶包式咖啡5入199
5min | 膽大黨 決戰邪視 12入精品咖啡禮盒 688 (全家行動購或官網購入)",5min膽大黨決戰邪視精品咖啡禮盒,688,codex,product-name-v1
e70c99ce4181471fddfede8feec6996e84d7c73ea5003e8bc8bdb220d4570d48,0,7-11,：711/韓國生乳風味甜甜圈/135元、全家/香草卡士達生甜甜圈/49元,韓國生乳風味甜甜圈,135,codex,product-name-v1
e70c99ce4181471fddfede8feec6996e84d7c73ea5003e8bc8bdb220d4570d48,1,7-11,：711/韓國生乳風味甜甜圈/135元、全家/香草卡士達生甜甜圈/49元,香草卡士達生甜甜圈,49,codex,product-name-v1
e74eec2d23c93786d3c0bbcef526305ac915d52ddf7e2204a0e67542cf064f87,0,7-11,"：昂舒巴黎好時巧克力小泡芙 $59
        
(區域型商品請註明 試吃試用品請標示價格0元)",昂舒巴黎好時巧克力小泡芙,59,codex,product-name-v1
e759973d795432907022fd9d721a9e60cd69301d95cbca490fe23c9ac018e9d2,0,7-11,"：CITY CAFE 中熱美 免費兌換的
        
(區域型商品請註明 試吃試用品請標示價格0元)",CITY CAFE中熱美,0,codex,product-name-v1
e782775feab0daf10849f8281cfd44cb440884a266f101e4c0358d3a00d683f0,0,7-11,"：
599預購加點數",聯名動物方城市安全帽,599,codex,product-name-v1
e7d2dd085cbbafad423195009fe8229c2d23f8ce0833acb8a3fe02bb5e21e4f4,0,全家,"：三明治$42、軟歐$49
(區域型商品請註明 試吃試用品請標示價格0元)",泰奶奶蓋QQ三明治,42,codex,product-name-v1
e7d2dd085cbbafad423195009fe8229c2d23f8ce0833acb8a3fe02bb5e21e4f4,1,全家,"：三明治$42、軟歐$49
(區域型商品請註明 試吃試用品請標示價格0元)",火烤培根起司,49,codex,product-name-v1
e813eb81239d59fda16d144c3d28e3643233d2d9151e1c7ce7554a5339b0c9d9,0,7-11,：帕泰家-椰香綠咖哩嫩雞飯 / 99 元,帕泰家椰香綠咖哩嫩雞飯,99,codex,product-name-v1
e8f5bbba4bf9c7d9b7820d28b0bbec07cc6068d4e942fbc67890a7606c6ddd58,0,萊爾富,"：芋見地寶三明治/$49

https://i.imgur.com/5heIpgv.jpeg",芋見地寶三明治,49,codex,product-name-v1
e942d527d000222dd62e49a5b6fde5af4ea0bfee07fd4ad0378f2087ec4f55d3,0,全家,"： 日式壽喜燒 原價99元 友善時光70元

(區域型商品請註明 試吃試用品請標示價格0元)",日式壽喜燒,70,codex,product-name-v1
e958bf11974665160079ee34adb18ff40bac800de2201a17c6bef4037ce49887,0,全家,"：
        可可生甜甜圈／49",可可生甜甜圈,49,codex,product-name-v1
e96a8862e25430315d9fd6309d80199b58cf01276bc257522a2fb9061aeccc83,0,全家,"：抹茶霜淇淋 49
        
(區域型商品請註明 試吃試用品請標示價格0元)",抹茶霜淇淋,49,codex,product-name-v1
e9a05151b7192c617859a2b0ce53c760487038855d1645294ed938ed8366dd5d,0,萊爾富,"：韓式辣醬鮪魚夾心吐司 40元
        (區域型商品請註明 試吃試用品請標示價格0元)",韓式辣醬鮪魚夾心吐司,40,codex,product-name-v1
e9f8de82e5fdd0222356fc6bf5682134dd933fc700b2cd4caa5e9a4f3d7eef8f,0,全家,"：
原價：99元
會員79折：79元
        
(區域型商品請註明 試吃試用品請標示價格0元)",焗烤明太子筆尖麵,79,codex,product-name-v1
ea214e662b7dae0fd346fab4930ed860a9b5a01a767017be9edd249e6d28101d,0,萊爾富,"：
        萊爾富販售的 蠟筆小新洋芋片

單價59 兩罐一起購買89",蠟筆小新洋芋片,,codex,product-name-v1
ea7003ab631d6face7d57ce5730faf681fb7da802726b3a2fdad03e61a3ac171,0,7-11,：日本AH世界級美味布朗尼  / 69元,日本AH世界級美味布朗尼,69,codex,product-name-v1
eaf8709259edcab3ebdd05d20db0499632b62bbbb99ba5551d267bd9929f568c,0,7-11,"：
哈蜜瓜風味波蘿  /45",哈蜜瓜風味波蘿,45,codex,product-name-v1
eba9864a465aa4388440877a3efb510039a764a53c8a92d73701e33a68f3670f,0,全家,全家 喵咪布丁風味奶油包,喵咪布丁風味奶油包,,codex,product-name-v1
ec46d875f2a2dc5425dd2dd045f1afdeffa2b20764b32a5045d4e3b3dfdfc645,0,全家,：夯番薯造型包_42元、夯番薯娃包_加價29元,夯番薯造型包,42,codex,product-name-v1
ec46d875f2a2dc5425dd2dd045f1afdeffa2b20764b32a5045d4e3b3dfdfc645,1,全家,：夯番薯造型包_42元、夯番薯娃包_加價29元,夯番薯娃包,29,codex,product-name-v1
ec603407c18a14f83960aa570449efe8f7ffa3db0fdf9073fa48a90d77bd1320,0,7-11,"：
7-11-韓國Knotted生乳風味甜甜圈 / 135元
全家-香草卡士達生甜甜圈 / 49元",韓國Knotted生乳風味甜甜圈,135,codex,product-name-v1
ec603407c18a14f83960aa570449efe8f7ffa3db0fdf9073fa48a90d77bd1320,1,7-11,"：
7-11-韓國Knotted生乳風味甜甜圈 / 135元
全家-香草卡士達生甜甜圈 / 49元",香草卡士達生甜甜圈,49,codex,product-name-v1
ec704a1a08d2c7c5e1058a86a86ae2d5f111e1bdb4afe1799075166db5221465,0,全家,：五窨茉莉茶后 40元限店,五窨茉莉茶后,40,codex,product-name-v1
ecac2b23c8bc3d4e7362d5c28eebc17022a4f945d61bae64514c5590e52244d7,0,全家,：暖心麻油雞鍋 $99,暖心麻油雞鍋,99,codex,product-name-v1
ed68c788892ccab71b69a4c8866a3994abbf0f0f10cc364f4d8153ad3069997e,0,7-11,"：
59",麻油菇菇油飯,59,codex,product-name-v1
edb29d95b82140e86be85d68e8a82a94a3354e0c527a19e937315488bef73078,0,全家,： 核桃腰果稻禾壽司組/55 /38時光,核桃腰果稻禾壽司組,38,codex,product-name-v1
edbc50036ac9e2df062eabbf33ad7b039d2e0d05741ea4c3870a21dd315f1da8,0,全家,"：99元
        
(區域型商品請註明 試吃試用品請標示價格0元)",蔥蔥玉子拌麵,99,codex,product-name-v1
edfa73889db5f0e9851bff58dc66208ee861956fa3f9380cf70be43100d1b42f,0,全家,"：
   卡樂比海鹽洋芋片1000點+35元
   東鳩超薄洋芋圈1000點+35元",卡樂比海鹽洋芋片,35,codex,product-name-v1
edfa73889db5f0e9851bff58dc66208ee861956fa3f9380cf70be43100d1b42f,1,全家,"：
   卡樂比海鹽洋芋片1000點+35元
   東鳩超薄洋芋圈1000點+35元",東鳩超薄洋芋圈,35,codex,product-name-v1
ee0712644a23b9aa82695c26074cf4fe2de9c56f9d1d088695cfcd43dad38928,0,7-11,： 統一陽光無加糖超優蛋白豆漿/30$,統一陽光無加糖超優蛋白豆漿,30,codex,product-name-v1
ee2cc66cd4e4f63cfb0b24e81645a44f9b4b43c3f49a1fa1df7263289452dfa6,0,全家,"： 經典黑炫酷繽沙65（買三送一）
可樂牛奶霜淇淋取件優惠29",經典黑炫酷繽沙,65,codex,product-name-v1
ee2cc66cd4e4f63cfb0b24e81645a44f9b4b43c3f49a1fa1df7263289452dfa6,1,全家,"： 經典黑炫酷繽沙65（買三送一）
可樂牛奶霜淇淋取件優惠29",可樂牛奶霜淇淋,29,codex,product-name-v1
ee3b14c41b084d63943b5468eb87cd400349f9aaaa674425ba22de696f1e70a9,0,全家,"：洪瑞珍泰奶奶蓋QQ/42
        
(區域型商品請註明 試吃試用品請標示價格0元)",洪瑞珍泰奶奶蓋QQ,42,codex,product-name-v1
ee62408ec5e80e37d66ffc48d6d662b45f241659ddda2d952299c4d6e3cc24ed,0,7-11,"：原價99元/i珍食 64元
        
(區域型商品請註明 試吃試用品請標示價格0元)",極響麻油雞麵線,64,codex,product-name-v1
ee938377dc891b7be61a994f0ca5abd5856780d23d0d2012c2f912cddfab1d7c,0,全家,：義式單品咖啡-義式拿鐵/90,義式單品咖啡義式拿鐵,90,codex,product-name-v1
eebfe5771193917c5c72c5b68dc7729f87e6230fdf7af9e2711f669ecbd7f1bb,0,7-11,：元進莊薑母鴨 / 65元,元進莊薑母鴨,65,codex,product-name-v1
ef429f1c05828375a514a7335993b89b590eb555809cea777c78580df8e8f375,0,7-11,"：龜記 蘋果紅萱/$38
        
(區域型商品請註明 試吃試用品請標示價格0元)",龜記蘋果紅萱,38,codex,product-name-v1
ef4e7d13dc1d2432c89aef4524257abf22c0e002942378c58c9071478b22f548,0,全家,：乖乖Home Run應援袋  $168,乖乖Home Run應援袋,168,codex,product-name-v1
f013f6a5a7044bfd219f11b10bab86bf7b30918e0268ac576a4eb25e53880855,0,7-11,：海鮮奶油貝殼麵139元,晶華酒店海鮮奶油貝殼麵,139,codex,product-name-v1
f02a89c5783718e76e012bdd5517ce21755833ddbcd3a2c0c1a07f01641cae03,0,全家,"：ICC開心果脆餅冰淇淋(原價$99)/優惠券可買二送二
        
(區域型商品請註明 試吃試用品請標示價格0元)",ICC開心果脆餅冰淇淋,,codex,product-name-v1
f09c5dfa7be189592f55f9491bd42ba08960c9e9f90bc5ce0f495e8eb0da397b,0,全家,"： 白蘭氏養蔘元氣凍/折價後$49
        
(區域型商品請註明 試吃試用品請標示價格0元)",白蘭氏養蔘元氣凍,49,codex,product-name-v1
f1bb34956e922e4c5056ffd3fb0d7c4939318b9a4d9b681f9c86449541feef94,0,7-11,"：芋頭牛奶霜淇淋 49 ibon票券優惠買一送一

(區域型商品請註明 試吃試用品請標示價格0元)",芋頭牛奶霜淇淋,49,codex,product-name-v1
f241091b34bc0e48cbee56aade2cb8f48f19895bc44cb891247531868ea722a9,0,7-11,"：
        
(區域型商品請註明 試吃試用品請標示價格0元)

原價30元
活動 兩件48元",農榨美莓雷夢,24,codex,product-name-v1
f242036646d7c4014c311794b8cfb1d06b46a30c10f1c4f16bbeb449e84a5b32,0,全家,：滑爆可樂牛奶霜淇淋49 /焦糖海鹽麵包39,滑爆可樂牛奶霜淇淋,49,codex,product-name-v1
f242036646d7c4014c311794b8cfb1d06b46a30c10f1c4f16bbeb449e84a5b32,1,全家,：滑爆可樂牛奶霜淇淋49 /焦糖海鹽麵包39,焦糖海鹽麵包,39,codex,product-name-v1
f2b38f2f6f352b018e065f7e3ecb2b629a98909ab73c5039ed260bca50131f72,0,7-11,：綠寶石葡萄三明治/79$,綠寶石葡萄三明治,79,codex,product-name-v1
f2b49a198751464d75c21425ac3c163a0a46c16fbdf649f07cb9fa6e94457606,0,全家,"：梨山水蜜桃霜淇淋
        
(區域型商品請註明 試吃試用品請標示價格0元)",梨山水蜜桃霜淇淋,,codex,product-name-v1
f3720075ae7a3dddd8d1c99d6a50ba8920bf25469ecfdbf09d61a01a7e7a0c36,0,全家,：鰻牛雙享匠食盒 原價119元,鰻牛雙享匠食盒,119,codex,product-name-v1
f379afc4bcb90493461dc9f0178e45ebc363a8223554501ce5fef24b73ff9dba,0,全家,"：梨山水蜜桃牛奶綜合霜淇淋
買二送二 98",梨山水蜜桃牛奶綜合霜淇淋,,codex,product-name-v1
f37e2bac0633f4d4791e563aad78a919398fec931afbe78531309369bc063d07,0,7-11,"：
費列羅金莎牛奶巧克力塊（片裝）/ 169元",費列羅金莎牛奶巧克力塊,169,codex,product-name-v1
f3ad27f3d028bdd741f41c999f4e93d272ea1d11920138c714122bae3e1bb1d3,0,7-11,"：711 玫瑰鹽濃焦糖 雪淋霜 49元
        
(區域型商品請註明 試吃試用品請標示價格0元)",玫瑰鹽濃焦糖雪淋霜,49,codex,product-name-v1
f3c3005a0e70eb1e34a640e0fd7832ee99c0b8e181ef5f5f62fda3d898d98162,0,全家,"：M&M’S 巧克力豆抱枕(集章15章兌換)
蘭姆葡萄霜淇淋49元，買一送一",M&M’S巧克力豆抱枕,,codex,product-name-v1
f3c3005a0e70eb1e34a640e0fd7832ee99c0b8e181ef5f5f62fda3d898d98162,1,全家,"：M&M’S 巧克力豆抱枕(集章15章兌換)
蘭姆葡萄霜淇淋49元，買一送一",蘭姆葡萄霜淇淋,25,codex,product-name-v1
f3d0e941d7bb63965d3258ef68e2805ad06b0d72d1d479a9c9356696ff2cef78,0,全家,"：可可脆皮泡芙/45
        
(區域型商品請註明 試吃試用品請標示價格0元)",可可脆皮泡芙,45,codex,product-name-v1
f46ca4910dc4bcd620663526decb29e2d91d3ebf84af4a28248f50e292f880ea,0,全家,：媽媽煮藝 蒜香綜合滷味49/香蒜胡椒肉骨茶麵79,媽媽煮藝蒜香綜合滷味,49,codex,product-name-v1
f46ca4910dc4bcd620663526decb29e2d91d3ebf84af4a28248f50e292f880ea,1,全家,：媽媽煮藝 蒜香綜合滷味49/香蒜胡椒肉骨茶麵79,香蒜胡椒肉骨茶麵,79,codex,product-name-v1
f47dc4846c0ba2c3c62f7fdd2996c618aeb985fac0d0b36f695a75f4a4c62fcc,0,全家,"：
        
(區域型商品請註明 試吃試用品請標示價格0元)",驚嘆口味冰淇淋,,codex,product-name-v1
f4896b8f7182593980aac5867eba83f6b6af30f005ca81783a93e1c851a2d494,0,7-11,"：可爾必思水蜜桃雪淋霜 49元

https://i.imgur.com/XPOckD4.jpeg",可爾必思水蜜桃雪淋霜,49,codex,product-name-v1
f5c698daa850078a1f55653f23d74d29dc6224224a393ba84ba369d3828c0e5f,0,萊爾富,"：府城香菇肉絲湯飯
79元",府城香菇肉絲湯飯,79,codex,product-name-v1
f65f89c2559aa81b617088dbb5f54755b038b2ee58fc5c1804341b073f806df2,0,7-11,：魅惑背德奶油風味脆餅,YBC魅惑背德奶油風味脆餅,,codex,product-name-v1
f6aa766886a3c47f4b0151eb9a1d2cc3731bec4a1e596ff46d6a04294b540011,0,7-11,：雞汁香筍 /55元,雞汁香筍,55,codex,product-name-v1
f6c6bd26c8dab99d8e59a4ac625d673e276849bf3546c7638f8db686147d0144,0,7-11,"：
滿漢大餐 金牛肉麵/89",滿漢大餐金牛肉麵,89,codex,product-name-v1
f714fd97cf917ade121f119f7b1094439b06207337b21a96f3e9126915ac2581,0,全家,：愛恨椒芝拌麵 49元,愛恨椒芝拌麵,49,codex,product-name-v1
f755f825740b8bc6cc54dd01e383465eb571b99cd6cc672dd346c96a1858c80b,0,全家,"：
妮妮家漢堡排飯 / 99元
今天吃五目炒飯喔 / 69元",妮妮家漢堡排飯,99,codex,product-name-v1
f755f825740b8bc6cc54dd01e383465eb571b99cd6cc672dd346c96a1858c80b,1,全家,"：
妮妮家漢堡排飯 / 99元
今天吃五目炒飯喔 / 69元",今天吃五目炒飯喔,69,codex,product-name-v1
f837e4169b1b09c6fc84279315bafa6a0f194c779a743413c3e359b0bac920a0,0,全家,"：陽光地瓜總匯三明治$45
(區域型商品請註明 試吃試用品請標示價格0元)",陽光地瓜總匯三明治,45,codex,product-name-v1
f84f647d37769b5e448927036c76c07dffb60dd633d21642e9dd400c18d8aacd,0,全家,"：辛柚子胡椒雞Q丸/55元
        
(區域型商品請註明 試吃試用品請標示價格0元)",辛柚子胡椒雞Q丸,55,codex,product-name-v1
f8de6f0e0d97d75d556ad342c7c2fbd8d5c19edcd8c627fe9142dcf4e41b6cdf,0,7-11,"：光泉生乳米漿 單件新品優惠29
        
(區域型商品請註明 試吃試用品請標示價格0元)",光泉生乳米漿,29,codex,product-name-v1
f9edc40295973ed0c60609e5fc54068f3668e924263783baeb29eb90ffa8b8e0,0,7-11,：7-11 翻轉肉鬆飯糰/36元,翻轉肉鬆飯糰,36,codex,product-name-v1
fa1eb8cbac7ef418ce82a8b4935da83ca6875364b54e93b3c754ebdd6cf43d53,0,7-11,"：
御弁當 金黃炸魚爪哇咖哩飯 89元
日本喬亞雲朵拿鐵 榛果白巧風味0元（贈品）",御弁當金黃炸魚爪哇咖哩飯,89,codex,product-name-v1
fa3fac2680bd764d83725eebb2528ab62a0e5c4e117bebb9fde7363e7044ed56,0,7-11,"：鮮蝦明太子冷義大利麵/89
        
(區域型商品請註明 試吃試用品請標示價格0元)",鮮蝦明太子冷義大利麵,89,codex,product-name-v1
fa4b65fa9b8cb0c00c415011549d0dfc367891d812a235e636495d62b200faaa,0,全家,"：黑胡椒燻火腿義大利麵/89x.6
        
(區域型商品請註明 試吃試用品請標示價格0元)",黑胡椒燻火腿義大利麵,,codex,product-name-v1
fab5046df4c9aaeb4a7fb2288de0f650af98c1e5bcdabcd31713a191eecde473,0,全家,： 黃金雙層鱈魚招財堡/75元,黃金雙層鱈魚招財堡,75,codex,product-name-v1
fad1d1d22de1e14fa3378c295a7c7ececb1b22e42bde73ae5ebe07c7715d9019,0,萊爾富,"：
鹹奶油玉米杯 39元
起司風味玉米杯 45元
黑胡椒毛豆杯 45元",鹹奶油玉米杯,39,codex,product-name-v1
fad1d1d22de1e14fa3378c295a7c7ececb1b22e42bde73ae5ebe07c7715d9019,1,萊爾富,"：
鹹奶油玉米杯 39元
起司風味玉米杯 45元
黑胡椒毛豆杯 45元",起司風味玉米杯,45,codex,product-name-v1
fad1d1d22de1e14fa3378c295a7c7ececb1b22e42bde73ae5ebe07c7715d9019,2,萊爾富,"：
鹹奶油玉米杯 39元
起司風味玉米杯 45元
黑胡椒毛豆杯 45元",黑胡椒毛豆杯,45,codex,product-name-v1
fb23aaa5e75ba8fcdf667b8d125e67d37d19942b5ab57d74baef9b028cff97a4,0,全家,：番茄起司手工千層麵 / 109,番茄起司手工千層麵,109,codex,product-name-v1
fb719f74aaa8c2b55d10307a6a3ef6a5f9d06680b74cadf5b8dcf8d878f946ef,0,全家,"：越式牛肉寬粉 /89
        
(區域型商品請註明 試吃試用品請標示價格0元)",越式牛肉寬粉,89,codex,product-name-v1
fb8bc54fa2fcfc3d09f487469ba8f6a1ae9b0ef4ebd808ee415cdca2ba94ef2b,0,全家,"：9/12~9/14 ,8塊299",炸雞桶,299,codex,product-name-v1
fbd2e07f48f4ffd8c6f86b8073406b60bb7e3911bbf2f669166b25a7079489d9,0,7-11,"：御飯糰 高雄櫻花祭 生鮭魚夾心飯糰

: 【便利商店/廠商名稱】：7-11

: 【規格/內容物/熱量】：141g 245大卡

: 【評分】：60

:           (未滿60分為不推薦)

: 【心得】：

: 
https://images.plurk.com/5pa0IfBz5xXB5DmMrM7IGn.jpg


: 成分表 吃完了才想要PO文所以沒照片

: 今天早餐在甜麵包(之前試試看維也納牛奶軟法+熱狗 吃起來很怪哈哈)跟這個之間抉擇

: 結果一吃完就馬上來當個版PO文

: 這個飯糰真的好鹹啊......而且看成分表裡說有山葵 可是我現在怎麼回味都沒有

: 就只記得這個好鹹 還是這是個別情況？

: 給60是因為我喜歡鮭魚 只吃肉也沒有太鹹

: 鈉含量也彷彿好像沒有太高啊 到底為什麼那麼鹹～～


--",御飯糰生鮭魚夾心飯糰,,codex,product-name-v1
fbf415cb106a2da49ee9e0ae0a60701f50f84f4e909c9090fb122c6322bfdcb6,0,7-11,"：
雙腸大亨堡   75",雙腸大亨堡,75,codex,product-name-v1
fc13178f8d6cd194446b4fbbe3b221f741a1e3db8211f9a567cb124d5be8a7c5,0,7-11,"：茶裏王 正山小種/39元
        
(區域型商品請註明 試吃試用品請標示價格0元)",茶裏王正山小種,39,codex,product-name-v1
fc43caafa0cbd085b2a481c486d12362a58baab381e1c98a3c76e0efc9037724,0,7-11,"：辛奇醬炒牛肉便當 109元
        
(區域型商品請註明 試吃試用品請標示價格0元)",辛奇醬炒牛肉便當,109,codex,product-name-v1
fc70f6ae41be975db870eb135f7143c97d9e9840aa5841e9f5dde942a533c884,0,全家,"：
抹茶紅豆串糰子 38
和風蕨餅小盛 49",抹茶紅豆串糰子,38,codex,product-name-v1
fc70f6ae41be975db870eb135f7143c97d9e9840aa5841e9f5dde942a533c884,1,全家,"：
抹茶紅豆串糰子 38
和風蕨餅小盛 49",和風蕨餅小盛,49,codex,product-name-v1
fc8aa822e5562e5784d350fe24dff46801ea1af75224c070d849d3ccdc80b831,0,全家,"：
香蕉火龍果牛奶59
第一份濃縮35
第二份濃縮加購價10
總價104元",香蕉火龍果牛奶,59,codex,product-name-v1
fce26ddee0ec56b84f70d0f63c126cd8a83c8a66a7be41713df4854a4de511ae,0,7-11,"：
(區域型商品請註明 試吃試用品請標示價格0元)

鴨肉捲餅：79元
京醬肉絲飯糰：45元",潮粵坊鴨肉捲餅,79,codex,product-name-v1
fce26ddee0ec56b84f70d0f63c126cd8a83c8a66a7be41713df4854a4de511ae,1,7-11,"：
(區域型商品請註明 試吃試用品請標示價格0元)

鴨肉捲餅：79元
京醬肉絲飯糰：45元",京醬肉絲飯糰,45,codex,product-name-v1
fd00c01b3fb1ef39e2a374e641e28742c274c0b961f93c79efc606b42e5bf4a4,0,全家,"：鮮蝦稻荷壽司組/55
        
(區域型商品請註明 試吃試用品請標示價格0元)",鮮蝦稻荷壽司組,55,codex,product-name-v1
fdb702011cb937ebfb6b4e8c9f43692f9df9cdbf26ddf2ef97d23ceab0c88552,0,7-11,"：7-11 御岩可可麵包圓山大飯店
原價55元

(區域型商品請註明 試吃試用品請標示價格0元)",御岩可可麵包圓山大飯店,55,codex,product-name-v1
fde1bedb400222404832d2f9d365a4e042ab0b55493713ed389902ff50d078bc,0,7-11,"：樂事 麻油雞口味/35
        
(區域型商品請註明 試吃試用品請標示價格0元)",樂事麻油雞口味,35,codex,product-name-v1
fe56785815e6c6c02af82793e45899752d153c9c54ec698230576ce388d9f04b,0,全家,"：蜜桃颶風蛋糕 /45
        
(區域型商品請註明 試吃試用品請標示價格0元)",蜜桃颶風蛋糕,45,codex,product-name-v1
fe9519e8cbe58598e395d6b6e98a0abf03e0fc518637778890828ab8f17128b8,0,全家,：嘉義崇文白醋涼麵 / 65,嘉義崇文白醋涼麵,65,codex,product-name-v1
fea8eb219170398549ea7ab5b00224de273647ba213274a8e1842b4d58981bff,0,全家,"：巧克力可頌45元
可可椪糖風味餅乾42元
        
(區域型商品請註明 試吃試用品請標示價格0元)",巧克力可頌,45,codex,product-name-v1
fea8eb219170398549ea7ab5b00224de273647ba213274a8e1842b4d58981bff,1,全家,"：巧克力可頌45元
可可椪糖風味餅乾42元
        
(區域型商品請註明 試吃試用品請標示價格0元)",可可椪糖風味餅乾,42,codex,product-name-v1
ff8ac367e40882cd5e57ace1523f7e6c7dd34e65f01e6b236b4ff5f3621c2b35,0,7-11,：鬼金棒/辣麻味噌角煮拉麵,鬼金棒辣麻味噌角煮拉麵,,codex,product-name-v1
ff8da8d3801784e34a3bd6e062b3503f6a4fdcb2344fdddd0dcf45e75746e609,0,全家,：新之助の豆皮壽司喔 / 45元,新之助の豆皮壽司喔,45,codex,product-name-v1
ffc1698a3fdb531fcf0d5b56817062fb00cfe5164a35c8bc0dc9497a33ade982,0,7-11,"：
#乖乖食堂 台式鹽酥雞 期間限定商品",乖乖食堂台式鹽酥雞,,codex,product-name-v1
ffe7bc705c89c7f5ae4ac9ea80aafd122d1f155b761a4e00a8f0d0a4c724dc6c,0,全家,"：
        [滷財運大吉腿油飯 129元",蒜滷財運大吉腿油飯,129,codex,product-name-v1
ffe97850b309bff49fee66c2b2b00e09ce91fa2039920571a226be235bdefe7f,0,全家,：BBQ 韓式柚子冰茶/$38,BBQ韓式柚子冰茶,38,codex,product-name-v1
